effective_date,ticker,universe,source_pdf
2020-12-31,AARTIIND.NS,NIFTY_MIDCAP_100,NIFTY_Midcap_100_Dec2020.pdf
2020-12-31,ABBOTINDIA.NS,NIFTY_100,NIFTY_100_Dec2020.pdf
2020-12-31,ABCAPITAL.NS,NIFTY_MIDCAP_100,NIFTY_Midcap_100_Dec2020.pdf
2020-12-31,ABFRL.NS,NIFTY_MIDCAP_100,NIFTY_Midcap_100_Dec2020.pdf
2020-12-31,ACC.NS,NIFTY_100,NIFTY_100_Dec2020.pdf
2020-12-31,ADANIENT.NS,NIFTY_MIDCAP_100,NIFTY_Midcap_100_Dec2020.pdf
2020-12-31,ADANIGAS.NS,NIFTY_MIDCAP_100,NIFTY_Midcap_100_Dec2020.pdf
2020-12-31,ADANIGREEN.NS,NIFTY_100,NIFTY_100_Dec2020.pdf
2020-12-31,ADANIPORTS.NS,NIFTY_100,NIFTY_100_Dec2020.pdf
2020-12-31,ADANITRANS.NS,NIFTY_100,NIFTY_100_Dec2020.pdf
2020-12-31,AEGISCHEM.NS,NIFTY_SMALLCAP_100,NIFTY_Smallcap_100_Dec2020.pdf
2020-12-31,AFFLE.NS,NIFTY_SMALLCAP_100,NIFTY_Smallcap_100_Dec2020.pdf
2020-12-31,AJANTPHARM.NS,NIFTY_MIDCAP_100,NIFTY_Midcap_100_Dec2020.pdf
2020-12-31,ALKEM.NS,NIFTY_100,NIFTY_100_Dec2020.pdf
2020-12-31,ALOKINDS.NS,NIFTY_SMALLCAP_100,NIFTY_Smallcap_100_Dec2020.pdf
2020-12-31,AMARAJABAT.NS,NIFTY_MIDCAP_100,NIFTY_Midcap_100_Dec2020.pdf
2020-12-31,AMBER.NS,NIFTY_SMALLCAP_100,NIFTY_Smallcap_100_Dec2020.pdf
2020-12-31,AMBUJACEM.NS,NIFTY_100,NIFTY_100_Dec2020.pdf
2020-12-31,APLLTD.NS,NIFTY_MIDCAP_100,NIFTY_Midcap_100_Dec2020.pdf
2020-12-31,APOLLOHOSP.NS,NIFTY_MIDCAP_100,NIFTY_Midcap_100_Dec2020.pdf
2020-12-31,APOLLOTYRE.NS,NIFTY_MIDCAP_100,NIFTY_Midcap_100_Dec2020.pdf
2020-12-31,ASHOKLEY.NS,NIFTY_MIDCAP_100,NIFTY_Midcap_100_Dec2020.pdf
2020-12-31,ASIANPAINT.NS,NIFTY_100,NIFTY_100_Dec2020.pdf
2020-12-31,ASTERDM.NS,NIFTY_SMALLCAP_100,NIFTY_Smallcap_100_Dec2020.pdf
2020-12-31,AUBANK.NS,NIFTY_MIDCAP_100,NIFTY_Midcap_100_Dec2020.pdf
2020-12-31,AUROPHARMA.NS,NIFTY_100,NIFTY_100_Dec2020.pdf
2020-12-31,AVANTIFEED.NS,NIFTY_SMALLCAP_100,NIFTY_Smallcap_100_Dec2020.pdf
2020-12-31,AXISBANK.NS,NIFTY_100,NIFTY_100_Dec2020.pdf
2020-12-31,BAJAJ-AUTO.NS,NIFTY_100,NIFTY_100_Dec2020.pdf
2020-12-31,BAJAJELEC.NS,NIFTY_SMALLCAP_100,NIFTY_Smallcap_100_Dec2020.pdf
2020-12-31,BAJAJFINSV.NS,NIFTY_100,NIFTY_100_Dec2020.pdf
2020-12-31,BAJAJHLDNG.NS,NIFTY_100,NIFTY_100_Dec2020.pdf
2020-12-31,BAJFINANCE.NS,NIFTY_100,NIFTY_100_Dec2020.pdf
2020-12-31,BALKRISIND.NS,NIFTY_MIDCAP_100,NIFTY_Midcap_100_Dec2020.pdf
2020-12-31,BALRAMCHIN.NS,NIFTY_SMALLCAP_100,NIFTY_Smallcap_100_Dec2020.pdf
2020-12-31,BANDHANBNK.NS,NIFTY_100,NIFTY_100_Dec2020.pdf
2020-12-31,BANKBARODA.NS,NIFTY_100,NIFTY_100_Dec2020.pdf
2020-12-31,BANKINDIA.NS,NIFTY_MIDCAP_100,NIFTY_Midcap_100_Dec2020.pdf
2020-12-31,BASF.NS,NIFTY_SMALLCAP_100,NIFTY_Smallcap_100_Dec2020.pdf
2020-12-31,BATAINDIA.NS,NIFTY_MIDCAP_100,NIFTY_Midcap_100_Dec2020.pdf
2020-12-31,BBTC.NS,NIFTY_MIDCAP_100,NIFTY_Midcap_100_Dec2020.pdf
2020-12-31,BDL.NS,NIFTY_SMALLCAP_100,NIFTY_Smallcap_100_Dec2020.pdf
2020-12-31,BEL.NS,NIFTY_MIDCAP_100,NIFTY_Midcap_100_Dec2020.pdf
2020-12-31,BEML.NS,NIFTY_SMALLCAP_100,NIFTY_Smallcap_100_Dec2020.pdf
2020-12-31,BERGEPAINT.NS,NIFTY_100,NIFTY_100_Dec2020.pdf
2020-12-31,BHARATFORG.NS,NIFTY_MIDCAP_100,NIFTY_Midcap_100_Dec2020.pdf
2020-12-31,BHARTIARTL.NS,NIFTY_100,NIFTY_100_Dec2020.pdf
2020-12-31,BHEL.NS,NIFTY_MIDCAP_100,NIFTY_Midcap_100_Dec2020.pdf
2020-12-31,BIOCON.NS,NIFTY_100,NIFTY_100_Dec2020.pdf
2020-12-31,BIRLACORPN.NS,NIFTY_SMALLCAP_100,NIFTY_Smallcap_100_Dec2020.pdf
2020-12-31,BLUESTARCO.NS,NIFTY_SMALLCAP_100,NIFTY_Smallcap_100_Dec2020.pdf
2020-12-31,BOSCHLTD.NS,NIFTY_100,NIFTY_100_Dec2020.pdf
2020-12-31,BPCL.NS,NIFTY_100,NIFTY_100_Dec2020.pdf
2020-12-31,BRITANNIA.NS,NIFTY_100,NIFTY_100_Dec2020.pdf
2020-12-31,CADILAHC.NS,NIFTY_100,NIFTY_100_Dec2020.pdf
2020-12-31,CANBK.NS,NIFTY_MIDCAP_100,NIFTY_Midcap_100_Dec2020.pdf
2020-12-31,CANFINHOME.NS,NIFTY_SMALLCAP_100,NIFTY_Smallcap_100_Dec2020.pdf
2020-12-31,CASTROLIND.NS,NIFTY_MIDCAP_100,NIFTY_Midcap_100_Dec2020.pdf
2020-12-31,CDSL.NS,NIFTY_SMALLCAP_100,NIFTY_Smallcap_100_Dec2020.pdf
2020-12-31,CEATLTD.NS,NIFTY_SMALLCAP_100,NIFTY_Smallcap_100_Dec2020.pdf
2020-12-31,CENTURYPLY.NS,NIFTY_SMALLCAP_100,NIFTY_Smallcap_100_Dec2020.pdf
2020-12-31,CENTURYTEX.NS,NIFTY_SMALLCAP_100,NIFTY_Smallcap_100_Dec2020.pdf
2020-12-31,CESC.NS,NIFTY_MIDCAP_100,NIFTY_Midcap_100_Dec2020.pdf
2020-12-31,CHAMBLFERT.NS,NIFTY_SMALLCAP_100,NIFTY_Smallcap_100_Dec2020.pdf
2020-12-31,CHOLAFIN.NS,NIFTY_MIDCAP_100,NIFTY_Midcap_100_Dec2020.pdf
2020-12-31,CIPLA.NS,NIFTY_100,NIFTY_100_Dec2020.pdf
2020-12-31,COALINDIA.NS,NIFTY_100,NIFTY_100_Dec2020.pdf
2020-12-31,COCHINSHIP.NS,NIFTY_SMALLCAP_100,NIFTY_Smallcap_100_Dec2020.pdf
2020-12-31,COFORGE.NS,NIFTY_MIDCAP_100,NIFTY_Midcap_100_Dec2020.pdf
2020-12-31,COLPAL.NS,NIFTY_100,NIFTY_100_Dec2020.pdf
2020-12-31,CONCOR.NS,NIFTY_100,NIFTY_100_Dec2020.pdf
2020-12-31,COROMANDEL.NS,NIFTY_MIDCAP_100,NIFTY_Midcap_100_Dec2020.pdf
2020-12-31,CROMPTON.NS,NIFTY_MIDCAP_100,NIFTY_Midcap_100_Dec2020.pdf
2020-12-31,CSBBANK.NS,NIFTY_SMALLCAP_100,NIFTY_Smallcap_100_Dec2020.pdf
2020-12-31,CUB.NS,NIFTY_MIDCAP_100,NIFTY_Midcap_100_Dec2020.pdf
2020-12-31,CUMMINSIND.NS,NIFTY_MIDCAP_100,NIFTY_Midcap_100_Dec2020.pdf
2020-12-31,CYIENT.NS,NIFTY_SMALLCAP_100,NIFTY_Smallcap_100_Dec2020.pdf
2020-12-31,DABUR.NS,NIFTY_100,NIFTY_100_Dec2020.pdf
2020-12-31,DALBHARAT.NS,NIFTY_MIDCAP_100,NIFTY_Midcap_100_Dec2020.pdf
2020-12-31,DBL.NS,NIFTY_SMALLCAP_100,NIFTY_Smallcap_100_Dec2020.pdf
2020-12-31,DCBBANK.NS,NIFTY_SMALLCAP_100,NIFTY_Smallcap_100_Dec2020.pdf
2020-12-31,DCMSHRIRAM.NS,NIFTY_SMALLCAP_100,NIFTY_Smallcap_100_Dec2020.pdf
2020-12-31,DEEPAKNTR.NS,NIFTY_SMALLCAP_100,NIFTY_Smallcap_100_Dec2020.pdf
2020-12-31,DELTACORP.NS,NIFTY_SMALLCAP_100,NIFTY_Smallcap_100_Dec2020.pdf
2020-12-31,DHANI.NS,NIFTY_MIDCAP_100,NIFTY_Midcap_100_Dec2020.pdf
2020-12-31,DIVISLAB.NS,NIFTY_100,NIFTY_100_Dec2020.pdf
2020-12-31,DIXON.NS,NIFTY_SMALLCAP_100,NIFTY_Smallcap_100_Dec2020.pdf
2020-12-31,DLF.NS,NIFTY_100,NIFTY_100_Dec2020.pdf
2020-12-31,DMART.NS,NIFTY_100,NIFTY_100_Dec2020.pdf
2020-12-31,DRREDDY.NS,NIFTY_100,NIFTY_100_Dec2020.pdf
2020-12-31,EDELWEISS.NS,NIFTY_MIDCAP_100,NIFTY_Midcap_100_Dec2020.pdf
2020-12-31,EICHERMOT.NS,NIFTY_100,NIFTY_100_Dec2020.pdf
2020-12-31,EIDPARRY.NS,NIFTY_SMALLCAP_100,NIFTY_Smallcap_100_Dec2020.pdf
2020-12-31,EMAMILTD.NS,NIFTY_MIDCAP_100,NIFTY_Midcap_100_Dec2020.pdf
2020-12-31,ENDURANCE.NS,NIFTY_MIDCAP_100,NIFTY_Midcap_100_Dec2020.pdf
2020-12-31,ENGINERSIN.NS,NIFTY_SMALLCAP_100,NIFTY_Smallcap_100_Dec2020.pdf
2020-12-31,EQUITAS.NS,NIFTY_SMALLCAP_100,NIFTY_Smallcap_100_Dec2020.pdf
2020-12-31,ESCORTS.NS,NIFTY_MIDCAP_100,NIFTY_Midcap_100_Dec2020.pdf
2020-12-31,EXIDEIND.NS,NIFTY_MIDCAP_100,NIFTY_Midcap_100_Dec2020.pdf
2020-12-31,FDC.NS,NIFTY_SMALLCAP_100,NIFTY_Smallcap_100_Dec2020.pdf
2020-12-31,FEDERALBNK.NS,NIFTY_MIDCAP_100,NIFTY_Midcap_100_Dec2020.pdf
2020-12-31,FORTIS.NS,NIFTY_MIDCAP_100,NIFTY_Midcap_100_Dec2020.pdf
2020-12-31,FRETAIL.NS,NIFTY_MIDCAP_100,NIFTY_Midcap_100_Dec2020.pdf
2020-12-31,FSL.NS,NIFTY_SMALLCAP_100,NIFTY_Smallcap_100_Dec2020.pdf
2020-12-31,GAIL.NS,NIFTY_100,NIFTY_100_Dec2020.pdf
2020-12-31,GICRE.NS,NIFTY_100,NIFTY_100_Dec2020.pdf
2020-12-31,GLENMARK.NS,NIFTY_MIDCAP_100,NIFTY_Midcap_100_Dec2020.pdf
2020-12-31,GMMPFAUDLR.NS,NIFTY_SMALLCAP_100,NIFTY_Smallcap_100_Dec2020.pdf
2020-12-31,GMRINFRA.NS,NIFTY_MIDCAP_100,NIFTY_Midcap_100_Dec2020.pdf
2020-12-31,GNFC.NS,NIFTY_SMALLCAP_100,NIFTY_Smallcap_100_Dec2020.pdf
2020-12-31,GODFRYPHLP.NS,NIFTY_SMALLCAP_100,NIFTY_Smallcap_100_Dec2020.pdf
2020-12-31,GODREJAGRO.NS,NIFTY_MIDCAP_100,NIFTY_Midcap_100_Dec2020.pdf
2020-12-31,GODREJCP.NS,NIFTY_100,NIFTY_100_Dec2020.pdf
2020-12-31,GODREJIND.NS,NIFTY_MIDCAP_100,NIFTY_Midcap_100_Dec2020.pdf
2020-12-31,GODREJPROP.NS,NIFTY_MIDCAP_100,NIFTY_Midcap_100_Dec2020.pdf
2020-12-31,GRANULES.NS,NIFTY_SMALLCAP_100,NIFTY_Smallcap_100_Dec2020.pdf
2020-12-31,GRAPHITE.NS,NIFTY_SMALLCAP_100,NIFTY_Smallcap_100_Dec2020.pdf
2020-12-31,GRASIM.NS,NIFTY_100,NIFTY_100_Dec2020.pdf
2020-12-31,GSPL.NS,NIFTY_MIDCAP_100,NIFTY_Midcap_100_Dec2020.pdf
2020-12-31,GUJGASLTD.NS,NIFTY_MIDCAP_100,NIFTY_Midcap_100_Dec2020.pdf
2020-12-31,HAVELLS.NS,NIFTY_100,NIFTY_100_Dec2020.pdf
2020-12-31,HCLTECH.NS,NIFTY_100,NIFTY_100_Dec2020.pdf
2020-12-31,HDFC.NS,NIFTY_100,NIFTY_100_Dec2020.pdf
2020-12-31,HDFCAMC.NS,NIFTY_100,NIFTY_100_Dec2020.pdf
2020-12-31,HDFCBANK.NS,NIFTY_100,NIFTY_100_Dec2020.pdf
2020-12-31,HDFCLIFE.NS,NIFTY_100,NIFTY_100_Dec2020.pdf
2020-12-31,HEG.NS,NIFTY_SMALLCAP_100,NIFTY_Smallcap_100_Dec2020.pdf
2020-12-31,HEIDELBERG.NS,NIFTY_SMALLCAP_100,NIFTY_Smallcap_100_Dec2020.pdf
2020-12-31,HEROMOTOCO.NS,NIFTY_100,NIFTY_100_Dec2020.pdf
2020-12-31,HINDALCO.NS,NIFTY_100,NIFTY_100_Dec2020.pdf
2020-12-31,HINDPETRO.NS,NIFTY_100,NIFTY_100_Dec2020.pdf
2020-12-31,HINDUNILVR.NS,NIFTY_100,NIFTY_100_Dec2020.pdf
2020-12-31,HINDZINC.NS,NIFTY_100,NIFTY_100_Dec2020.pdf
2020-12-31,HUDCO.NS,NIFTY_MIDCAP_100,NIFTY_Midcap_100_Dec2020.pdf
2020-12-31,IBREALEST.NS,NIFTY_SMALLCAP_100,NIFTY_Smallcap_100_Dec2020.pdf
2020-12-31,IBULHSGFIN.NS,NIFTY_MIDCAP_100,NIFTY_Midcap_100_Dec2020.pdf
2020-12-31,ICICIBANK.NS,NIFTY_100,NIFTY_100_Dec2020.pdf
2020-12-31,ICICIGI.NS,NIFTY_100,NIFTY_100_Dec2020.pdf
2020-12-31,ICICIPRULI.NS,NIFTY_100,NIFTY_100_Dec2020.pdf
2020-12-31,IDBI.NS,NIFTY_SMALLCAP_100,NIFTY_Smallcap_100_Dec2020.pdf
2020-12-31,IDEA.NS,NIFTY_MIDCAP_100,NIFTY_Midcap_100_Dec2020.pdf
2020-12-31,IDFC.NS,NIFTY_SMALLCAP_100,NIFTY_Smallcap_100_Dec2020.pdf
2020-12-31,IDFCFIRSTB.NS,NIFTY_MIDCAP_100,NIFTY_Midcap_100_Dec2020.pdf
2020-12-31,IEX.NS,NIFTY_SMALLCAP_100,NIFTY_Smallcap_100_Dec2020.pdf
2020-12-31,IGL.NS,NIFTY_100,NIFTY_100_Dec2020.pdf
2020-12-31,INDHOTEL.NS,NIFTY_MIDCAP_100,NIFTY_Midcap_100_Dec2020.pdf
2020-12-31,INDIACEM.NS,NIFTY_SMALLCAP_100,NIFTY_Smallcap_100_Dec2020.pdf
2020-12-31,INDIAMART.NS,NIFTY_SMALLCAP_100,NIFTY_Smallcap_100_Dec2020.pdf
2020-12-31,INDIANB.NS,NIFTY_SMALLCAP_100,NIFTY_Smallcap_100_Dec2020.pdf
2020-12-31,INDIGO.NS,NIFTY_100,NIFTY_100_Dec2020.pdf
2020-12-31,INDUSINDBK.NS,NIFTY_100,NIFTY_100_Dec2020.pdf
2020-12-31,INDUSTOWER.NS,NIFTY_100,NIFTY_100_Dec2020.pdf
2020-12-31,INFY.NS,NIFTY_100,NIFTY_100_Dec2020.pdf
2020-12-31,INOXLEISUR.NS,NIFTY_SMALLCAP_100,NIFTY_Smallcap_100_Dec2020.pdf
2020-12-31,IOC.NS,NIFTY_100,NIFTY_100_Dec2020.pdf
2020-12-31,IOLCP.NS,NIFTY_SMALLCAP_100,NIFTY_Smallcap_100_Dec2020.pdf
2020-12-31,IPCALAB.NS,NIFTY_MIDCAP_100,NIFTY_Midcap_100_Dec2020.pdf
2020-12-31,IRB.NS,NIFTY_SMALLCAP_100,NIFTY_Smallcap_100_Dec2020.pdf
2020-12-31,IRCON.NS,NIFTY_SMALLCAP_100,NIFTY_Smallcap_100_Dec2020.pdf
2020-12-31,IRCTC.NS,NIFTY_MIDCAP_100,NIFTY_Midcap_100_Dec2020.pdf
2020-12-31,ISEC.NS,NIFTY_MIDCAP_100,NIFTY_Midcap_100_Dec2020.pdf
2020-12-31,ITC.NS,NIFTY_100,NIFTY_100_Dec2020.pdf
2020-12-31,JBCHEPHARM.NS,NIFTY_SMALLCAP_100,NIFTY_Smallcap_100_Dec2020.pdf
2020-12-31,JINDALSTEL.NS,NIFTY_MIDCAP_100,NIFTY_Midcap_100_Dec2020.pdf
2020-12-31,JKLAKSHMI.NS,NIFTY_SMALLCAP_100,NIFTY_Smallcap_100_Dec2020.pdf
2020-12-31,JSWENERGY.NS,NIFTY_MIDCAP_100,NIFTY_Midcap_100_Dec2020.pdf
2020-12-31,JSWSTEEL.NS,NIFTY_100,NIFTY_100_Dec2020.pdf
2020-12-31,JUBLFOOD.NS,NIFTY_MIDCAP_100,NIFTY_Midcap_100_Dec2020.pdf
2020-12-31,JUSTDIAL.NS,NIFTY_SMALLCAP_100,NIFTY_Smallcap_100_Dec2020.pdf
2020-12-31,KAJARIACER.NS,NIFTY_SMALLCAP_100,NIFTY_Smallcap_100_Dec2020.pdf
2020-12-31,KALPATPOWR.NS,NIFTY_SMALLCAP_100,NIFTY_Smallcap_100_Dec2020.pdf
2020-12-31,KARURVYSYA.NS,NIFTY_SMALLCAP_100,NIFTY_Smallcap_100_Dec2020.pdf
2020-12-31,KEC.NS,NIFTY_SMALLCAP_100,NIFTY_Smallcap_100_Dec2020.pdf
2020-12-31,KEI.NS,NIFTY_SMALLCAP_100,NIFTY_Smallcap_100_Dec2020.pdf
2020-12-31,KOTAKBANK.NS,NIFTY_100,NIFTY_100_Dec2020.pdf
2020-12-31,KSCL.NS,NIFTY_SMALLCAP_100,NIFTY_Smallcap_100_Dec2020.pdf
2020-12-31,L&TFH.NS,NIFTY_MIDCAP_100,NIFTY_Midcap_100_Dec2020.pdf
2020-12-31,LALPATHLAB.NS,NIFTY_MIDCAP_100,NIFTY_Midcap_100_Dec2020.pdf
2020-12-31,LAURUSLABS.NS,NIFTY_SMALLCAP_100,NIFTY_Smallcap_100_Dec2020.pdf
2020-12-31,LEMONTREE.NS,NIFTY_SMALLCAP_100,NIFTY_Smallcap_100_Dec2020.pdf
2020-12-31,LICHSGFIN.NS,NIFTY_MIDCAP_100,NIFTY_Midcap_100_Dec2020.pdf
2020-12-31,LINDEINDIA.NS,NIFTY_SMALLCAP_100,NIFTY_Smallcap_100_Dec2020.pdf
2020-12-31,LT.NS,NIFTY_100,NIFTY_100_Dec2020.pdf
2020-12-31,LTI.NS,NIFTY_100,NIFTY_100_Dec2020.pdf
2020-12-31,LTTS.NS,NIFTY_MIDCAP_100,NIFTY_Midcap_100_Dec2020.pdf
2020-12-31,LUPIN.NS,NIFTY_100,NIFTY_100_Dec2020.pdf
2020-12-31,LUXIND.NS,NIFTY_SMALLCAP_100,NIFTY_Smallcap_100_Dec2020.pdf
2020-12-31,M&M.NS,NIFTY_100,NIFTY_100_Dec2020.pdf
2020-12-31,M&MFIN.NS,NIFTY_MIDCAP_100,NIFTY_Midcap_100_Dec2020.pdf
2020-12-31,MANAPPURAM.NS,NIFTY_MIDCAP_100,NIFTY_Midcap_100_Dec2020.pdf
2020-12-31,MARICO.NS,NIFTY_100,NIFTY_100_Dec2020.pdf
2020-12-31,MARUTI.NS,NIFTY_100,NIFTY_100_Dec2020.pdf
2020-12-31,MCDOWELL-N.NS,NIFTY_100,NIFTY_100_Dec2020.pdf
2020-12-31,MCX.NS,NIFTY_SMALLCAP_100,NIFTY_Smallcap_100_Dec2020.pdf
2020-12-31,MFSL.NS,NIFTY_MIDCAP_100,NIFTY_Midcap_100_Dec2020.pdf
2020-12-31,MGL.NS,NIFTY_MIDCAP_100,NIFTY_Midcap_100_Dec2020.pdf
2020-12-31,MIDHANI.NS,NIFTY_SMALLCAP_100,NIFTY_Smallcap_100_Dec2020.pdf
2020-12-31,MINDTREE.NS,NIFTY_MIDCAP_100,NIFTY_Midcap_100_Dec2020.pdf
2020-12-31,MOIL.NS,NIFTY_SMALLCAP_100,NIFTY_Smallcap_100_Dec2020.pdf
2020-12-31,MOTHERSUMI.NS,NIFTY_100,NIFTY_100_Dec2020.pdf
2020-12-31,MPHASIS.NS,NIFTY_MIDCAP_100,NIFTY_Midcap_100_Dec2020.pdf
2020-12-31,MRF.NS,NIFTY_MIDCAP_100,NIFTY_Midcap_100_Dec2020.pdf
2020-12-31,MUTHOOTFIN.NS,NIFTY_100,NIFTY_100_Dec2020.pdf
2020-12-31,NAM-INDIA.NS,NIFTY_MIDCAP_100,NIFTY_Midcap_100_Dec2020.pdf
2020-12-31,NATCOPHARM.NS,NIFTY_MIDCAP_100,NIFTY_Midcap_100_Dec2020.pdf
2020-12-31,NATIONALUM.NS,NIFTY_MIDCAP_100,NIFTY_Midcap_100_Dec2020.pdf
2020-12-31,NAUKRI.NS,NIFTY_100,NIFTY_100_Dec2020.pdf
2020-12-31,NAVINFLUOR.NS,NIFTY_MIDCAP_100,NIFTY_Midcap_100_Dec2020.pdf
2020-12-31,NBCC.NS,NIFTY_SMALLCAP_100,NIFTY_Smallcap_100_Dec2020.pdf
2020-12-31,NESTLEIND.NS,NIFTY_100,NIFTY_100_Dec2020.pdf
2020-12-31,NMDC.NS,NIFTY_100,NIFTY_100_Dec2020.pdf
2020-12-31,NTPC.NS,NIFTY_100,NIFTY_100_Dec2020.pdf
2020-12-31,OBEROIRLTY.NS,NIFTY_MIDCAP_100,NIFTY_Midcap_100_Dec2020.pdf
2020-12-31,OFSS.NS,NIFTY_100,NIFTY_100_Dec2020.pdf
2020-12-31,OIL.NS,NIFTY_MIDCAP_100,NIFTY_Midcap_100_Dec2020.pdf
2020-12-31,OMAXE.NS,NIFTY_SMALLCAP_100,NIFTY_Smallcap_100_Dec2020.pdf
2020-12-31,ONGC.NS,NIFTY_100,NIFTY_100_Dec2020.pdf
2020-12-31,PAGEIND.NS,NIFTY_MIDCAP_100,NIFTY_Midcap_100_Dec2020.pdf
2020-12-31,PEL.NS,NIFTY_100,NIFTY_100_Dec2020.pdf
2020-12-31,PERSISTENT.NS,NIFTY_SMALLCAP_100,NIFTY_Smallcap_100_Dec2020.pdf
2020-12-31,PETRONET.NS,NIFTY_100,NIFTY_100_Dec2020.pdf
2020-12-31,PFC.NS,NIFTY_100,NIFTY_100_Dec2020.pdf
2020-12-31,PFIZER.NS,NIFTY_MIDCAP_100,NIFTY_Midcap_100_Dec2020.pdf
2020-12-31,PGHH.NS,NIFTY_100,NIFTY_100_Dec2020.pdf
2020-12-31,PGHL.NS,NIFTY_SMALLCAP_100,NIFTY_Smallcap_100_Dec2020.pdf
2020-12-31,PIDILITIND.NS,NIFTY_100,NIFTY_100_Dec2020.pdf
2020-12-31,PIIND.NS,NIFTY_MIDCAP_100,NIFTY_Midcap_100_Dec2020.pdf
2020-12-31,PNB.NS,NIFTY_100,NIFTY_100_Dec2020.pdf
2020-12-31,PNBHOUSING.NS,NIFTY_SMALLCAP_100,NIFTY_Smallcap_100_Dec2020.pdf
2020-12-31,POLYCAB.NS,NIFTY_MIDCAP_100,NIFTY_Midcap_100_Dec2020.pdf
2020-12-31,POWERGRID.NS,NIFTY_100,NIFTY_100_Dec2020.pdf
2020-12-31,PRESTIGE.NS,NIFTY_MIDCAP_100,NIFTY_Midcap_100_Dec2020.pdf
2020-12-31,PVR.NS,NIFTY_SMALLCAP_100,NIFTY_Smallcap_100_Dec2020.pdf
2020-12-31,RADICO.NS,NIFTY_SMALLCAP_100,NIFTY_Smallcap_100_Dec2020.pdf
2020-12-31,RAIN.NS,NIFTY_SMALLCAP_100,NIFTY_Smallcap_100_Dec2020.pdf
2020-12-31,RAJESHEXPO.NS,NIFTY_MIDCAP_100,NIFTY_Midcap_100_Dec2020.pdf
2020-12-31,RALLIS.NS,NIFTY_SMALLCAP_100,NIFTY_Smallcap_100_Dec2020.pdf
2020-12-31,RAMCOCEM.NS,NIFTY_MIDCAP_100,NIFTY_Midcap_100_Dec2020.pdf
2020-12-31,RBLBANK.NS,NIFTY_MIDCAP_100,NIFTY_Midcap_100_Dec2020.pdf
2020-12-31,RCF.NS,NIFTY_SMALLCAP_100,NIFTY_Smallcap_100_Dec2020.pdf
2020-12-31,RECLTD.NS,NIFTY_MIDCAP_100,NIFTY_Midcap_100_Dec2020.pdf
2020-12-31,RELIANCE.NS,NIFTY_100,NIFTY_100_Dec2020.pdf
2020-12-31,RITES.NS,NIFTY_SMALLCAP_100,NIFTY_Smallcap_100_Dec2020.pdf
2020-12-31,RVNL.NS,NIFTY_SMALLCAP_100,NIFTY_Smallcap_100_Dec2020.pdf
2020-12-31,SAIL.NS,NIFTY_MIDCAP_100,NIFTY_Midcap_100_Dec2020.pdf
2020-12-31,SANOFI.NS,NIFTY_MIDCAP_100,NIFTY_Midcap_100_Dec2020.pdf
2020-12-31,SBICARD.NS,NIFTY_100,NIFTY_100_Dec2020.pdf
2020-12-31,SBILIFE.NS,NIFTY_100,NIFTY_100_Dec2020.pdf
2020-12-31,SBIN.NS,NIFTY_100,NIFTY_100_Dec2020.pdf
2020-12-31,SHREECEM.NS,NIFTY_100,NIFTY_100_Dec2020.pdf
2020-12-31,SIEMENS.NS,NIFTY_100,NIFTY_100_Dec2020.pdf
2020-12-31,SOBHA.NS,NIFTY_SMALLCAP_100,NIFTY_Smallcap_100_Dec2020.pdf
2020-12-31,SONATSOFTW.NS,NIFTY_SMALLCAP_100,NIFTY_Smallcap_100_Dec2020.pdf
2020-12-31,SPARC.NS,NIFTY_SMALLCAP_100,NIFTY_Smallcap_100_Dec2020.pdf
2020-12-31,SPICEJET.NS,NIFTY_SMALLCAP_100,NIFTY_Smallcap_100_Dec2020.pdf
2020-12-31,SRF.NS,NIFTY_MIDCAP_100,NIFTY_Midcap_100_Dec2020.pdf
2020-12-31,SRTRANSFIN.NS,NIFTY_MIDCAP_100,NIFTY_Midcap_100_Dec2020.pdf
2020-12-31,STAR.NS,NIFTY_SMALLCAP_100,NIFTY_Smallcap_100_Dec2020.pdf
2020-12-31,STLTECH.NS,NIFTY_SMALLCAP_100,NIFTY_Smallcap_100_Dec2020.pdf
2020-12-31,SUNPHARMA.NS,NIFTY_100,NIFTY_100_Dec2020.pdf
2020-12-31,SUNTECK.NS,NIFTY_SMALLCAP_100,NIFTY_Smallcap_100_Dec2020.pdf
2020-12-31,SUNTV.NS,NIFTY_MIDCAP_100,NIFTY_Midcap_100_Dec2020.pdf
2020-12-31,SUVENPHAR.NS,NIFTY_SMALLCAP_100,NIFTY_Smallcap_100_Dec2020.pdf
2020-12-31,SYNGENE.NS,NIFTY_MIDCAP_100,NIFTY_Midcap_100_Dec2020.pdf
2020-12-31,TATACHEM.NS,NIFTY_MIDCAP_100,NIFTY_Midcap_100_Dec2020.pdf
2020-12-31,TATACONSUM.NS,NIFTY_100,NIFTY_100_Dec2020.pdf
2020-12-31,TATAELXSI.NS,NIFTY_SMALLCAP_100,NIFTY_Smallcap_100_Dec2020.pdf
2020-12-31,TATAMOTORS.NS,NIFTY_100,NIFTY_100_Dec2020.pdf
2020-12-31,TATAPOWER.NS,NIFTY_MIDCAP_100,NIFTY_Midcap_100_Dec2020.pdf
2020-12-31,TATASTEEL.NS,NIFTY_100,NIFTY_100_Dec2020.pdf
2020-12-31,TCS.NS,NIFTY_100,NIFTY_100_Dec2020.pdf
2020-12-31,TECHM.NS,NIFTY_100,NIFTY_100_Dec2020.pdf
2020-12-31,THYROCARE.NS,NIFTY_SMALLCAP_100,NIFTY_Smallcap_100_Dec2020.pdf
2020-12-31,TIMKEN.NS,NIFTY_SMALLCAP_100,NIFTY_Smallcap_100_Dec2020.pdf
2020-12-31,TITAN.NS,NIFTY_100,NIFTY_100_Dec2020.pdf
2020-12-31,TORNTPHARM.NS,NIFTY_100,NIFTY_100_Dec2020.pdf
2020-12-31,TORNTPOWER.NS,NIFTY_MIDCAP_100,NIFTY_Midcap_100_Dec2020.pdf
2020-12-31,TRENT.NS,NIFTY_MIDCAP_100,NIFTY_Midcap_100_Dec2020.pdf
2020-12-31,TRIDENT.NS,NIFTY_SMALLCAP_100,NIFTY_Smallcap_100_Dec2020.pdf
2020-12-31,TV18BRDCST.NS,NIFTY_SMALLCAP_100,NIFTY_Smallcap_100_Dec2020.pdf
2020-12-31,TVSMOTOR.NS,NIFTY_MIDCAP_100,NIFTY_Midcap_100_Dec2020.pdf
2020-12-31,UBL.NS,NIFTY_100,NIFTY_100_Dec2020.pdf
2020-12-31,UJJIVAN.NS,NIFTY_SMALLCAP_100,NIFTY_Smallcap_100_Dec2020.pdf
2020-12-31,UJJIVANSFB.NS,NIFTY_SMALLCAP_100,NIFTY_Smallcap_100_Dec2020.pdf
2020-12-31,ULTRACEMCO.NS,NIFTY_100,NIFTY_100_Dec2020.pdf
2020-12-31,UNIONBANK.NS,NIFTY_MIDCAP_100,NIFTY_Midcap_100_Dec2020.pdf
2020-12-31,UPL.NS,NIFTY_100,NIFTY_100_Dec2020.pdf
2020-12-31,VAKRANGEE.NS,NIFTY_SMALLCAP_100,NIFTY_Smallcap_100_Dec2020.pdf
2020-12-31,VBL.NS,NIFTY_MIDCAP_100,NIFTY_Midcap_100_Dec2020.pdf
2020-12-31,VGUARD.NS,NIFTY_MIDCAP_100,NIFTY_Midcap_100_Dec2020.pdf
2020-12-31,VIPIND.NS,NIFTY_SMALLCAP_100,NIFTY_Smallcap_100_Dec2020.pdf
2020-12-31,VOLTAS.NS,NIFTY_MIDCAP_100,NIFTY_Midcap_100_Dec2020.pdf
2020-12-31,WELCORP.NS,NIFTY_SMALLCAP_100,NIFTY_Smallcap_100_Dec2020.pdf
2020-12-31,WELSPUNIND.NS,NIFTY_SMALLCAP_100,NIFTY_Smallcap_100_Dec2020.pdf
2020-12-31,WESTLIFE.NS,NIFTY_SMALLCAP_100,NIFTY_Smallcap_100_Dec2020.pdf
2020-12-31,WHIRLPOOL.NS,NIFTY_MIDCAP_100,NIFTY_Midcap_100_Dec2020.pdf
2020-12-31,WIPRO.NS,NIFTY_100,NIFTY_100_Dec2020.pdf
2020-12-31,WOCKPHARMA.NS,NIFTY_SMALLCAP_100,NIFTY_Smallcap_100_Dec2020.pdf
2020-12-31,YESBANK.NS,NIFTY_MIDCAP_100,NIFTY_Midcap_100_Dec2020.pdf
2020-12-31,ZEEL.NS,NIFTY_MIDCAP_100,NIFTY_Midcap_100_Dec2020.pdf
2021-01-29,AARTIIND.NS,NIFTY_MIDCAP_100,NIFTY_Midcap_100_Jan2021.pdf
2021-01-29,ABBOTINDIA.NS,NIFTY_100,NIFTY_100_Jan2021.pdf
2021-01-29,ABCAPITAL.NS,NIFTY_MIDCAP_100,NIFTY_Midcap_100_Jan2021.pdf
2021-01-29,ABFRL.NS,NIFTY_MIDCAP_100,NIFTY_Midcap_100_Jan2021.pdf
2021-01-29,ACC.NS,NIFTY_100,NIFTY_100_Jan2021.pdf
2021-01-29,ADANIENT.NS,NIFTY_MIDCAP_100,NIFTY_Midcap_100_Jan2021.pdf
2021-01-29,ADANIGREEN.NS,NIFTY_100,NIFTY_100_Jan2021.pdf
2021-01-29,ADANIPORTS.NS,NIFTY_100,NIFTY_100_Jan2021.pdf
2021-01-29,ADANITRANS.NS,NIFTY_100,NIFTY_100_Jan2021.pdf
2021-01-29,AEGISCHEM.NS,NIFTY_SMALLCAP_100,NIFTY_Smallcap_100_Jan2021.pdf
2021-01-29,AFFLE.NS,NIFTY_SMALLCAP_100,NIFTY_Smallcap_100_Jan2021.pdf
2021-01-29,AJANTPHARM.NS,NIFTY_MIDCAP_100,NIFTY_Midcap_100_Jan2021.pdf
2021-01-29,ALKEM.NS,NIFTY_100,NIFTY_100_Jan2021.pdf
2021-01-29,ALOKINDS.NS,NIFTY_SMALLCAP_100,NIFTY_Smallcap_100_Jan2021.pdf
2021-01-29,AMARAJABAT.NS,NIFTY_MIDCAP_100,NIFTY_Midcap_100_Jan2021.pdf
2021-01-29,AMBER.NS,NIFTY_SMALLCAP_100,NIFTY_Smallcap_100_Jan2021.pdf
2021-01-29,AMBUJACEM.NS,NIFTY_100,NIFTY_100_Jan2021.pdf
2021-01-29,APLLTD.NS,NIFTY_MIDCAP_100,NIFTY_Midcap_100_Jan2021.pdf
2021-01-29,APOLLOHOSP.NS,NIFTY_MIDCAP_100,NIFTY_Midcap_100_Jan2021.pdf
2021-01-29,APOLLOTYRE.NS,NIFTY_MIDCAP_100,NIFTY_Midcap_100_Jan2021.pdf
2021-01-29,ASHOKLEY.NS,NIFTY_MIDCAP_100,NIFTY_Midcap_100_Jan2021.pdf
2021-01-29,ASIANPAINT.NS,NIFTY_100,NIFTY_100_Jan2021.pdf
2021-01-29,ASTERDM.NS,NIFTY_SMALLCAP_100,NIFTY_Smallcap_100_Jan2021.pdf
2021-01-29,ATGL.NS,NIFTY_MIDCAP_100,NIFTY_Midcap_100_Jan2021.pdf
2021-01-29,AUBANK.NS,NIFTY_MIDCAP_100,NIFTY_Midcap_100_Jan2021.pdf
2021-01-29,AUROPHARMA.NS,NIFTY_100,NIFTY_100_Jan2021.pdf
2021-01-29,AVANTIFEED.NS,NIFTY_SMALLCAP_100,NIFTY_Smallcap_100_Jan2021.pdf
2021-01-29,AXISBANK.NS,NIFTY_100,NIFTY_100_Jan2021.pdf
2021-01-29,BAJAJ-AUTO.NS,NIFTY_100,NIFTY_100_Jan2021.pdf
2021-01-29,BAJAJELEC.NS,NIFTY_SMALLCAP_100,NIFTY_Smallcap_100_Jan2021.pdf
2021-01-29,BAJAJFINSV.NS,NIFTY_100,NIFTY_100_Jan2021.pdf
2021-01-29,BAJAJHLDNG.NS,NIFTY_100,NIFTY_100_Jan2021.pdf
2021-01-29,BAJFINANCE.NS,NIFTY_100,NIFTY_100_Jan2021.pdf
2021-01-29,BALKRISIND.NS,NIFTY_MIDCAP_100,NIFTY_Midcap_100_Jan2021.pdf
2021-01-29,BALRAMCHIN.NS,NIFTY_SMALLCAP_100,NIFTY_Smallcap_100_Jan2021.pdf
2021-01-29,BANDHANBNK.NS,NIFTY_100,NIFTY_100_Jan2021.pdf
2021-01-29,BANKBARODA.NS,NIFTY_100,NIFTY_100_Jan2021.pdf
2021-01-29,BANKINDIA.NS,NIFTY_MIDCAP_100,NIFTY_Midcap_100_Jan2021.pdf
2021-01-29,BASF.NS,NIFTY_SMALLCAP_100,NIFTY_Smallcap_100_Jan2021.pdf
2021-01-29,BATAINDIA.NS,NIFTY_MIDCAP_100,NIFTY_Midcap_100_Jan2021.pdf
2021-01-29,BBTC.NS,NIFTY_MIDCAP_100,NIFTY_Midcap_100_Jan2021.pdf
2021-01-29,BDL.NS,NIFTY_SMALLCAP_100,NIFTY_Smallcap_100_Jan2021.pdf
2021-01-29,BEL.NS,NIFTY_MIDCAP_100,NIFTY_Midcap_100_Jan2021.pdf
2021-01-29,BEML.NS,NIFTY_SMALLCAP_100,NIFTY_Smallcap_100_Jan2021.pdf
2021-01-29,BERGEPAINT.NS,NIFTY_100,NIFTY_100_Jan2021.pdf
2021-01-29,BHARATFORG.NS,NIFTY_MIDCAP_100,NIFTY_Midcap_100_Jan2021.pdf
2021-01-29,BHARTIARTL.NS,NIFTY_100,NIFTY_100_Jan2021.pdf
2021-01-29,BHEL.NS,NIFTY_MIDCAP_100,NIFTY_Midcap_100_Jan2021.pdf
2021-01-29,BIOCON.NS,NIFTY_100,NIFTY_100_Jan2021.pdf
2021-01-29,BIRLACORPN.NS,NIFTY_SMALLCAP_100,NIFTY_Smallcap_100_Jan2021.pdf
2021-01-29,BLUESTARCO.NS,NIFTY_SMALLCAP_100,NIFTY_Smallcap_100_Jan2021.pdf
2021-01-29,BOSCHLTD.NS,NIFTY_100,NIFTY_100_Jan2021.pdf
2021-01-29,BPCL.NS,NIFTY_100,NIFTY_100_Jan2021.pdf
2021-01-29,BRITANNIA.NS,NIFTY_100,NIFTY_100_Jan2021.pdf
2021-01-29,CADILAHC.NS,NIFTY_100,NIFTY_100_Jan2021.pdf
2021-01-29,CANBK.NS,NIFTY_MIDCAP_100,NIFTY_Midcap_100_Jan2021.pdf
2021-01-29,CANFINHOME.NS,NIFTY_SMALLCAP_100,NIFTY_Smallcap_100_Jan2021.pdf
2021-01-29,CASTROLIND.NS,NIFTY_MIDCAP_100,NIFTY_Midcap_100_Jan2021.pdf
2021-01-29,CDSL.NS,NIFTY_SMALLCAP_100,NIFTY_Smallcap_100_Jan2021.pdf
2021-01-29,CEATLTD.NS,NIFTY_SMALLCAP_100,NIFTY_Smallcap_100_Jan2021.pdf
2021-01-29,CENTURYPLY.NS,NIFTY_SMALLCAP_100,NIFTY_Smallcap_100_Jan2021.pdf
2021-01-29,CENTURYTEX.NS,NIFTY_SMALLCAP_100,NIFTY_Smallcap_100_Jan2021.pdf
2021-01-29,CESC.NS,NIFTY_MIDCAP_100,NIFTY_Midcap_100_Jan2021.pdf
2021-01-29,CHAMBLFERT.NS,NIFTY_SMALLCAP_100,NIFTY_Smallcap_100_Jan2021.pdf
2021-01-29,CHOLAFIN.NS,NIFTY_MIDCAP_100,NIFTY_Midcap_100_Jan2021.pdf
2021-01-29,CIPLA.NS,NIFTY_100,NIFTY_100_Jan2021.pdf
2021-01-29,COALINDIA.NS,NIFTY_100,NIFTY_100_Jan2021.pdf
2021-01-29,COCHINSHIP.NS,NIFTY_SMALLCAP_100,NIFTY_Smallcap_100_Jan2021.pdf
2021-01-29,COFORGE.NS,NIFTY_MIDCAP_100,NIFTY_Midcap_100_Jan2021.pdf
2021-01-29,COLPAL.NS,NIFTY_100,NIFTY_100_Jan2021.pdf
2021-01-29,CONCOR.NS,NIFTY_100,NIFTY_100_Jan2021.pdf
2021-01-29,COROMANDEL.NS,NIFTY_MIDCAP_100,NIFTY_Midcap_100_Jan2021.pdf
2021-01-29,CROMPTON.NS,NIFTY_MIDCAP_100,NIFTY_Midcap_100_Jan2021.pdf
2021-01-29,CSBBANK.NS,NIFTY_SMALLCAP_100,NIFTY_Smallcap_100_Jan2021.pdf
2021-01-29,CUB.NS,NIFTY_MIDCAP_100,NIFTY_Midcap_100_Jan2021.pdf
2021-01-29,CUMMINSIND.NS,NIFTY_MIDCAP_100,NIFTY_Midcap_100_Jan2021.pdf
2021-01-29,CYIENT.NS,NIFTY_SMALLCAP_100,NIFTY_Smallcap_100_Jan2021.pdf
2021-01-29,DABUR.NS,NIFTY_100,NIFTY_100_Jan2021.pdf
2021-01-29,DALBHARAT.NS,NIFTY_MIDCAP_100,NIFTY_Midcap_100_Jan2021.pdf
2021-01-29,DBL.NS,NIFTY_SMALLCAP_100,NIFTY_Smallcap_100_Jan2021.pdf
2021-01-29,DCBBANK.NS,NIFTY_SMALLCAP_100,NIFTY_Smallcap_100_Jan2021.pdf
2021-01-29,DCMSHRIRAM.NS,NIFTY_SMALLCAP_100,NIFTY_Smallcap_100_Jan2021.pdf
2021-01-29,DEEPAKNTR.NS,NIFTY_SMALLCAP_100,NIFTY_Smallcap_100_Jan2021.pdf
2021-01-29,DELTACORP.NS,NIFTY_SMALLCAP_100,NIFTY_Smallcap_100_Jan2021.pdf
2021-01-29,DHANI.NS,NIFTY_MIDCAP_100,NIFTY_Midcap_100_Jan2021.pdf
2021-01-29,DIVISLAB.NS,NIFTY_100,NIFTY_100_Jan2021.pdf
2021-01-29,DIXON.NS,NIFTY_SMALLCAP_100,NIFTY_Smallcap_100_Jan2021.pdf
2021-01-29,DLF.NS,NIFTY_100,NIFTY_100_Jan2021.pdf
2021-01-29,DMART.NS,NIFTY_100,NIFTY_100_Jan2021.pdf
2021-01-29,DRREDDY.NS,NIFTY_100,NIFTY_100_Jan2021.pdf
2021-01-29,EDELWEISS.NS,NIFTY_MIDCAP_100,NIFTY_Midcap_100_Jan2021.pdf
2021-01-29,EICHERMOT.NS,NIFTY_100,NIFTY_100_Jan2021.pdf
2021-01-29,EIDPARRY.NS,NIFTY_SMALLCAP_100,NIFTY_Smallcap_100_Jan2021.pdf
2021-01-29,EMAMILTD.NS,NIFTY_MIDCAP_100,NIFTY_Midcap_100_Jan2021.pdf
2021-01-29,ENDURANCE.NS,NIFTY_MIDCAP_100,NIFTY_Midcap_100_Jan2021.pdf
2021-01-29,ENGINERSIN.NS,NIFTY_SMALLCAP_100,NIFTY_Smallcap_100_Jan2021.pdf
2021-01-29,EQUITAS.NS,NIFTY_SMALLCAP_100,NIFTY_Smallcap_100_Jan2021.pdf
2021-01-29,ESCORTS.NS,NIFTY_MIDCAP_100,NIFTY_Midcap_100_Jan2021.pdf
2021-01-29,EXIDEIND.NS,NIFTY_MIDCAP_100,NIFTY_Midcap_100_Jan2021.pdf
2021-01-29,FDC.NS,NIFTY_SMALLCAP_100,NIFTY_Smallcap_100_Jan2021.pdf
2021-01-29,FEDERALBNK.NS,NIFTY_MIDCAP_100,NIFTY_Midcap_100_Jan2021.pdf
2021-01-29,FORTIS.NS,NIFTY_MIDCAP_100,NIFTY_Midcap_100_Jan2021.pdf
2021-01-29,FRETAIL.NS,NIFTY_MIDCAP_100,NIFTY_Midcap_100_Jan2021.pdf
2021-01-29,FSL.NS,NIFTY_SMALLCAP_100,NIFTY_Smallcap_100_Jan2021.pdf
2021-01-29,GAIL.NS,NIFTY_100,NIFTY_100_Jan2021.pdf
2021-01-29,GICRE.NS,NIFTY_100,NIFTY_100_Jan2021.pdf
2021-01-29,GLENMARK.NS,NIFTY_MIDCAP_100,NIFTY_Midcap_100_Jan2021.pdf
2021-01-29,GMMPFAUDLR.NS,NIFTY_SMALLCAP_100,NIFTY_Smallcap_100_Jan2021.pdf
2021-01-29,GMRINFRA.NS,NIFTY_MIDCAP_100,NIFTY_Midcap_100_Jan2021.pdf
2021-01-29,GNFC.NS,NIFTY_SMALLCAP_100,NIFTY_Smallcap_100_Jan2021.pdf
2021-01-29,GODFRYPHLP.NS,NIFTY_SMALLCAP_100,NIFTY_Smallcap_100_Jan2021.pdf
2021-01-29,GODREJAGRO.NS,NIFTY_MIDCAP_100,NIFTY_Midcap_100_Jan2021.pdf
2021-01-29,GODREJCP.NS,NIFTY_100,NIFTY_100_Jan2021.pdf
2021-01-29,GODREJIND.NS,NIFTY_MIDCAP_100,NIFTY_Midcap_100_Jan2021.pdf
2021-01-29,GODREJPROP.NS,NIFTY_MIDCAP_100,NIFTY_Midcap_100_Jan2021.pdf
2021-01-29,GRANULES.NS,NIFTY_SMALLCAP_100,NIFTY_Smallcap_100_Jan2021.pdf
2021-01-29,GRAPHITE.NS,NIFTY_SMALLCAP_100,NIFTY_Smallcap_100_Jan2021.pdf
2021-01-29,GRASIM.NS,NIFTY_100,NIFTY_100_Jan2021.pdf
2021-01-29,GSPL.NS,NIFTY_MIDCAP_100,NIFTY_Midcap_100_Jan2021.pdf
2021-01-29,GUJGASLTD.NS,NIFTY_MIDCAP_100,NIFTY_Midcap_100_Jan2021.pdf
2021-01-29,HAVELLS.NS,NIFTY_100,NIFTY_100_Jan2021.pdf
2021-01-29,HCLTECH.NS,NIFTY_100,NIFTY_100_Jan2021.pdf
2021-01-29,HDFC.NS,NIFTY_100,NIFTY_100_Jan2021.pdf
2021-01-29,HDFCAMC.NS,NIFTY_100,NIFTY_100_Jan2021.pdf
2021-01-29,HDFCBANK.NS,NIFTY_100,NIFTY_100_Jan2021.pdf
2021-01-29,HDFCLIFE.NS,NIFTY_100,NIFTY_100_Jan2021.pdf
2021-01-29,HEG.NS,NIFTY_SMALLCAP_100,NIFTY_Smallcap_100_Jan2021.pdf
2021-01-29,HEIDELBERG.NS,NIFTY_SMALLCAP_100,NIFTY_Smallcap_100_Jan2021.pdf
2021-01-29,HEROMOTOCO.NS,NIFTY_100,NIFTY_100_Jan2021.pdf
2021-01-29,HINDALCO.NS,NIFTY_100,NIFTY_100_Jan2021.pdf
2021-01-29,HINDPETRO.NS,NIFTY_100,NIFTY_100_Jan2021.pdf
2021-01-29,HINDUNILVR.NS,NIFTY_100,NIFTY_100_Jan2021.pdf
2021-01-29,HINDZINC.NS,NIFTY_100,NIFTY_100_Jan2021.pdf
2021-01-29,HUDCO.NS,NIFTY_MIDCAP_100,NIFTY_Midcap_100_Jan2021.pdf
2021-01-29,IBREALEST.NS,NIFTY_SMALLCAP_100,NIFTY_Smallcap_100_Jan2021.pdf
2021-01-29,IBULHSGFIN.NS,NIFTY_MIDCAP_100,NIFTY_Midcap_100_Jan2021.pdf
2021-01-29,ICICIBANK.NS,NIFTY_100,NIFTY_100_Jan2021.pdf
2021-01-29,ICICIGI.NS,NIFTY_100,NIFTY_100_Jan2021.pdf
2021-01-29,ICICIPRULI.NS,NIFTY_100,NIFTY_100_Jan2021.pdf
2021-01-29,IDBI.NS,NIFTY_SMALLCAP_100,NIFTY_Smallcap_100_Jan2021.pdf
2021-01-29,IDEA.NS,NIFTY_MIDCAP_100,NIFTY_Midcap_100_Jan2021.pdf
2021-01-29,IDFC.NS,NIFTY_SMALLCAP_100,NIFTY_Smallcap_100_Jan2021.pdf
2021-01-29,IDFCFIRSTB.NS,NIFTY_MIDCAP_100,NIFTY_Midcap_100_Jan2021.pdf
2021-01-29,IEX.NS,NIFTY_SMALLCAP_100,NIFTY_Smallcap_100_Jan2021.pdf
2021-01-29,IGL.NS,NIFTY_100,NIFTY_100_Jan2021.pdf
2021-01-29,INDHOTEL.NS,NIFTY_MIDCAP_100,NIFTY_Midcap_100_Jan2021.pdf
2021-01-29,INDIACEM.NS,NIFTY_SMALLCAP_100,NIFTY_Smallcap_100_Jan2021.pdf
2021-01-29,INDIAMART.NS,NIFTY_SMALLCAP_100,NIFTY_Smallcap_100_Jan2021.pdf
2021-01-29,INDIANB.NS,NIFTY_SMALLCAP_100,NIFTY_Smallcap_100_Jan2021.pdf
2021-01-29,INDIGO.NS,NIFTY_100,NIFTY_100_Jan2021.pdf
2021-01-29,INDUSINDBK.NS,NIFTY_100,NIFTY_100_Jan2021.pdf
2021-01-29,INDUSTOWER.NS,NIFTY_100,NIFTY_100_Jan2021.pdf
2021-01-29,INFY.NS,NIFTY_100,NIFTY_100_Jan2021.pdf
2021-01-29,INOXLEISUR.NS,NIFTY_SMALLCAP_100,NIFTY_Smallcap_100_Jan2021.pdf
2021-01-29,IOC.NS,NIFTY_100,NIFTY_100_Jan2021.pdf
2021-01-29,IOLCP.NS,NIFTY_SMALLCAP_100,NIFTY_Smallcap_100_Jan2021.pdf
2021-01-29,IPCALAB.NS,NIFTY_MIDCAP_100,NIFTY_Midcap_100_Jan2021.pdf
2021-01-29,IRB.NS,NIFTY_SMALLCAP_100,NIFTY_Smallcap_100_Jan2021.pdf
2021-01-29,IRCON.NS,NIFTY_SMALLCAP_100,NIFTY_Smallcap_100_Jan2021.pdf
2021-01-29,IRCTC.NS,NIFTY_MIDCAP_100,NIFTY_Midcap_100_Jan2021.pdf
2021-01-29,ISEC.NS,NIFTY_MIDCAP_100,NIFTY_Midcap_100_Jan2021.pdf
2021-01-29,ITC.NS,NIFTY_100,NIFTY_100_Jan2021.pdf
2021-01-29,JBCHEPHARM.NS,NIFTY_SMALLCAP_100,NIFTY_Smallcap_100_Jan2021.pdf
2021-01-29,JINDALSTEL.NS,NIFTY_MIDCAP_100,NIFTY_Midcap_100_Jan2021.pdf
2021-01-29,JKLAKSHMI.NS,NIFTY_SMALLCAP_100,NIFTY_Smallcap_100_Jan2021.pdf
2021-01-29,JSWENERGY.NS,NIFTY_MIDCAP_100,NIFTY_Midcap_100_Jan2021.pdf
2021-01-29,JSWSTEEL.NS,NIFTY_100,NIFTY_100_Jan2021.pdf
2021-01-29,JUBLFOOD.NS,NIFTY_MIDCAP_100,NIFTY_Midcap_100_Jan2021.pdf
2021-01-29,JUSTDIAL.NS,NIFTY_SMALLCAP_100,NIFTY_Smallcap_100_Jan2021.pdf
2021-01-29,KAJARIACER.NS,NIFTY_SMALLCAP_100,NIFTY_Smallcap_100_Jan2021.pdf
2021-01-29,KALPATPOWR.NS,NIFTY_SMALLCAP_100,NIFTY_Smallcap_100_Jan2021.pdf
2021-01-29,KARURVYSYA.NS,NIFTY_SMALLCAP_100,NIFTY_Smallcap_100_Jan2021.pdf
2021-01-29,KEC.NS,NIFTY_SMALLCAP_100,NIFTY_Smallcap_100_Jan2021.pdf
2021-01-29,KEI.NS,NIFTY_SMALLCAP_100,NIFTY_Smallcap_100_Jan2021.pdf
2021-01-29,KOTAKBANK.NS,NIFTY_100,NIFTY_100_Jan2021.pdf
2021-01-29,KSCL.NS,NIFTY_SMALLCAP_100,NIFTY_Smallcap_100_Jan2021.pdf
2021-01-29,L&TFH.NS,NIFTY_MIDCAP_100,NIFTY_Midcap_100_Jan2021.pdf
2021-01-29,LALPATHLAB.NS,NIFTY_MIDCAP_100,NIFTY_Midcap_100_Jan2021.pdf
2021-01-29,LAURUSLABS.NS,NIFTY_SMALLCAP_100,NIFTY_Smallcap_100_Jan2021.pdf
2021-01-29,LEMONTREE.NS,NIFTY_SMALLCAP_100,NIFTY_Smallcap_100_Jan2021.pdf
2021-01-29,LICHSGFIN.NS,NIFTY_MIDCAP_100,NIFTY_Midcap_100_Jan2021.pdf
2021-01-29,LINDEINDIA.NS,NIFTY_SMALLCAP_100,NIFTY_Smallcap_100_Jan2021.pdf
2021-01-29,LT.NS,NIFTY_100,NIFTY_100_Jan2021.pdf
2021-01-29,LTI.NS,NIFTY_100,NIFTY_100_Jan2021.pdf
2021-01-29,LTTS.NS,NIFTY_MIDCAP_100,NIFTY_Midcap_100_Jan2021.pdf
2021-01-29,LUPIN.NS,NIFTY_100,NIFTY_100_Jan2021.pdf
2021-01-29,LUXIND.NS,NIFTY_SMALLCAP_100,NIFTY_Smallcap_100_Jan2021.pdf
2021-01-29,M&M.NS,NIFTY_100,NIFTY_100_Jan2021.pdf
2021-01-29,M&MFIN.NS,NIFTY_MIDCAP_100,NIFTY_Midcap_100_Jan2021.pdf
2021-01-29,MANAPPURAM.NS,NIFTY_MIDCAP_100,NIFTY_Midcap_100_Jan2021.pdf
2021-01-29,MARICO.NS,NIFTY_100,NIFTY_100_Jan2021.pdf
2021-01-29,MARUTI.NS,NIFTY_100,NIFTY_100_Jan2021.pdf
2021-01-29,MCDOWELL-N.NS,NIFTY_100,NIFTY_100_Jan2021.pdf
2021-01-29,MCX.NS,NIFTY_SMALLCAP_100,NIFTY_Smallcap_100_Jan2021.pdf
2021-01-29,MFSL.NS,NIFTY_MIDCAP_100,NIFTY_Midcap_100_Jan2021.pdf
2021-01-29,MGL.NS,NIFTY_MIDCAP_100,NIFTY_Midcap_100_Jan2021.pdf
2021-01-29,MIDHANI.NS,NIFTY_SMALLCAP_100,NIFTY_Smallcap_100_Jan2021.pdf
2021-01-29,MINDTREE.NS,NIFTY_MIDCAP_100,NIFTY_Midcap_100_Jan2021.pdf
2021-01-29,MOIL.NS,NIFTY_SMALLCAP_100,NIFTY_Smallcap_100_Jan2021.pdf
2021-01-29,MOTHERSUMI.NS,NIFTY_100,NIFTY_100_Jan2021.pdf
2021-01-29,MPHASIS.NS,NIFTY_MIDCAP_100,NIFTY_Midcap_100_Jan2021.pdf
2021-01-29,MRF.NS,NIFTY_MIDCAP_100,NIFTY_Midcap_100_Jan2021.pdf
2021-01-29,MUTHOOTFIN.NS,NIFTY_100,NIFTY_100_Jan2021.pdf
2021-01-29,NAM-INDIA.NS,NIFTY_MIDCAP_100,NIFTY_Midcap_100_Jan2021.pdf
2021-01-29,NATCOPHARM.NS,NIFTY_MIDCAP_100,NIFTY_Midcap_100_Jan2021.pdf
2021-01-29,NATIONALUM.NS,NIFTY_MIDCAP_100,NIFTY_Midcap_100_Jan2021.pdf
2021-01-29,NAUKRI.NS,NIFTY_100,NIFTY_100_Jan2021.pdf
2021-01-29,NAVINFLUOR.NS,NIFTY_MIDCAP_100,NIFTY_Midcap_100_Jan2021.pdf
2021-01-29,NBCC.NS,NIFTY_SMALLCAP_100,NIFTY_Smallcap_100_Jan2021.pdf
2021-01-29,NESTLEIND.NS,NIFTY_100,NIFTY_100_Jan2021.pdf
2021-01-29,NMDC.NS,NIFTY_100,NIFTY_100_Jan2021.pdf
2021-01-29,NTPC.NS,NIFTY_100,NIFTY_100_Jan2021.pdf
2021-01-29,OBEROIRLTY.NS,NIFTY_MIDCAP_100,NIFTY_Midcap_100_Jan2021.pdf
2021-01-29,OFSS.NS,NIFTY_100,NIFTY_100_Jan2021.pdf
2021-01-29,OIL.NS,NIFTY_MIDCAP_100,NIFTY_Midcap_100_Jan2021.pdf
2021-01-29,OMAXE.NS,NIFTY_SMALLCAP_100,NIFTY_Smallcap_100_Jan2021.pdf
2021-01-29,ONGC.NS,NIFTY_100,NIFTY_100_Jan2021.pdf
2021-01-29,PAGEIND.NS,NIFTY_MIDCAP_100,NIFTY_Midcap_100_Jan2021.pdf
2021-01-29,PEL.NS,NIFTY_100,NIFTY_100_Jan2021.pdf
2021-01-29,PERSISTENT.NS,NIFTY_SMALLCAP_100,NIFTY_Smallcap_100_Jan2021.pdf
2021-01-29,PETRONET.NS,NIFTY_100,NIFTY_100_Jan2021.pdf
2021-01-29,PFC.NS,NIFTY_100,NIFTY_100_Jan2021.pdf
2021-01-29,PFIZER.NS,NIFTY_MIDCAP_100,NIFTY_Midcap_100_Jan2021.pdf
2021-01-29,PGHH.NS,NIFTY_100,NIFTY_100_Jan2021.pdf
2021-01-29,PGHL.NS,NIFTY_SMALLCAP_100,NIFTY_Smallcap_100_Jan2021.pdf
2021-01-29,PIDILITIND.NS,NIFTY_100,NIFTY_100_Jan2021.pdf
2021-01-29,PIIND.NS,NIFTY_MIDCAP_100,NIFTY_Midcap_100_Jan2021.pdf
2021-01-29,PNB.NS,NIFTY_100,NIFTY_100_Jan2021.pdf
2021-01-29,PNBHOUSING.NS,NIFTY_SMALLCAP_100,NIFTY_Smallcap_100_Jan2021.pdf
2021-01-29,POLYCAB.NS,NIFTY_MIDCAP_100,NIFTY_Midcap_100_Jan2021.pdf
2021-01-29,POWERGRID.NS,NIFTY_100,NIFTY_100_Jan2021.pdf
2021-01-29,PRESTIGE.NS,NIFTY_MIDCAP_100,NIFTY_Midcap_100_Jan2021.pdf
2021-01-29,PVR.NS,NIFTY_SMALLCAP_100,NIFTY_Smallcap_100_Jan2021.pdf
2021-01-29,RADICO.NS,NIFTY_SMALLCAP_100,NIFTY_Smallcap_100_Jan2021.pdf
2021-01-29,RAIN.NS,NIFTY_SMALLCAP_100,NIFTY_Smallcap_100_Jan2021.pdf
2021-01-29,RAJESHEXPO.NS,NIFTY_MIDCAP_100,NIFTY_Midcap_100_Jan2021.pdf
2021-01-29,RALLIS.NS,NIFTY_SMALLCAP_100,NIFTY_Smallcap_100_Jan2021.pdf
2021-01-29,RAMCOCEM.NS,NIFTY_MIDCAP_100,NIFTY_Midcap_100_Jan2021.pdf
2021-01-29,RBLBANK.NS,NIFTY_MIDCAP_100,NIFTY_Midcap_100_Jan2021.pdf
2021-01-29,RCF.NS,NIFTY_SMALLCAP_100,NIFTY_Smallcap_100_Jan2021.pdf
2021-01-29,RECLTD.NS,NIFTY_MIDCAP_100,NIFTY_Midcap_100_Jan2021.pdf
2021-01-29,RELIANCE.NS,NIFTY_100,NIFTY_100_Jan2021.pdf
2021-01-29,RITES.NS,NIFTY_SMALLCAP_100,NIFTY_Smallcap_100_Jan2021.pdf
2021-01-29,RVNL.NS,NIFTY_SMALLCAP_100,NIFTY_Smallcap_100_Jan2021.pdf
2021-01-29,SAIL.NS,NIFTY_MIDCAP_100,NIFTY_Midcap_100_Jan2021.pdf
2021-01-29,SANOFI.NS,NIFTY_MIDCAP_100,NIFTY_Midcap_100_Jan2021.pdf
2021-01-29,SBICARD.NS,NIFTY_100,NIFTY_100_Jan2021.pdf
2021-01-29,SBILIFE.NS,NIFTY_100,NIFTY_100_Jan2021.pdf
2021-01-29,SBIN.NS,NIFTY_100,NIFTY_100_Jan2021.pdf
2021-01-29,SHREECEM.NS,NIFTY_100,NIFTY_100_Jan2021.pdf
2021-01-29,SIEMENS.NS,NIFTY_100,NIFTY_100_Jan2021.pdf
2021-01-29,SOBHA.NS,NIFTY_SMALLCAP_100,NIFTY_Smallcap_100_Jan2021.pdf
2021-01-29,SONATSOFTW.NS,NIFTY_SMALLCAP_100,NIFTY_Smallcap_100_Jan2021.pdf
2021-01-29,SPARC.NS,NIFTY_SMALLCAP_100,NIFTY_Smallcap_100_Jan2021.pdf
2021-01-29,SPICEJET.NS,NIFTY_SMALLCAP_100,NIFTY_Smallcap_100_Jan2021.pdf
2021-01-29,SRF.NS,NIFTY_MIDCAP_100,NIFTY_Midcap_100_Jan2021.pdf
2021-01-29,SRTRANSFIN.NS,NIFTY_MIDCAP_100,NIFTY_Midcap_100_Jan2021.pdf
2021-01-29,STAR.NS,NIFTY_SMALLCAP_100,NIFTY_Smallcap_100_Jan2021.pdf
2021-01-29,STLTECH.NS,NIFTY_SMALLCAP_100,NIFTY_Smallcap_100_Jan2021.pdf
2021-01-29,SUNPHARMA.NS,NIFTY_100,NIFTY_100_Jan2021.pdf
2021-01-29,SUNTECK.NS,NIFTY_SMALLCAP_100,NIFTY_Smallcap_100_Jan2021.pdf
2021-01-29,SUNTV.NS,NIFTY_MIDCAP_100,NIFTY_Midcap_100_Jan2021.pdf
2021-01-29,SUVENPHAR.NS,NIFTY_SMALLCAP_100,NIFTY_Smallcap_100_Jan2021.pdf
2021-01-29,SYNGENE.NS,NIFTY_MIDCAP_100,NIFTY_Midcap_100_Jan2021.pdf
2021-01-29,TATACHEM.NS,NIFTY_MIDCAP_100,NIFTY_Midcap_100_Jan2021.pdf
2021-01-29,TATACONSUM.NS,NIFTY_100,NIFTY_100_Jan2021.pdf
2021-01-29,TATAELXSI.NS,NIFTY_SMALLCAP_100,NIFTY_Smallcap_100_Jan2021.pdf
2021-01-29,TATAMOTORS.NS,NIFTY_100,NIFTY_100_Jan2021.pdf
2021-01-29,TATAPOWER.NS,NIFTY_MIDCAP_100,NIFTY_Midcap_100_Jan2021.pdf
2021-01-29,TATASTEEL.NS,NIFTY_100,NIFTY_100_Jan2021.pdf
2021-01-29,TCS.NS,NIFTY_100,NIFTY_100_Jan2021.pdf
2021-01-29,TECHM.NS,NIFTY_100,NIFTY_100_Jan2021.pdf
2021-01-29,THYROCARE.NS,NIFTY_SMALLCAP_100,NIFTY_Smallcap_100_Jan2021.pdf
2021-01-29,TIMKEN.NS,NIFTY_SMALLCAP_100,NIFTY_Smallcap_100_Jan2021.pdf
2021-01-29,TITAN.NS,NIFTY_100,NIFTY_100_Jan2021.pdf
2021-01-29,TORNTPHARM.NS,NIFTY_100,NIFTY_100_Jan2021.pdf
2021-01-29,TORNTPOWER.NS,NIFTY_MIDCAP_100,NIFTY_Midcap_100_Jan2021.pdf
2021-01-29,TRENT.NS,NIFTY_MIDCAP_100,NIFTY_Midcap_100_Jan2021.pdf
2021-01-29,TRIDENT.NS,NIFTY_SMALLCAP_100,NIFTY_Smallcap_100_Jan2021.pdf
2021-01-29,TV18BRDCST.NS,NIFTY_SMALLCAP_100,NIFTY_Smallcap_100_Jan2021.pdf
2021-01-29,TVSMOTOR.NS,NIFTY_MIDCAP_100,NIFTY_Midcap_100_Jan2021.pdf
2021-01-29,UBL.NS,NIFTY_100,NIFTY_100_Jan2021.pdf
2021-01-29,UJJIVAN.NS,NIFTY_SMALLCAP_100,NIFTY_Smallcap_100_Jan2021.pdf
2021-01-29,UJJIVANSFB.NS,NIFTY_SMALLCAP_100,NIFTY_Smallcap_100_Jan2021.pdf
2021-01-29,ULTRACEMCO.NS,NIFTY_100,NIFTY_100_Jan2021.pdf
2021-01-29,UNIONBANK.NS,NIFTY_MIDCAP_100,NIFTY_Midcap_100_Jan2021.pdf
2021-01-29,UPL.NS,NIFTY_100,NIFTY_100_Jan2021.pdf
2021-01-29,VAKRANGEE.NS,NIFTY_SMALLCAP_100,NIFTY_Smallcap_100_Jan2021.pdf
2021-01-29,VBL.NS,NIFTY_MIDCAP_100,NIFTY_Midcap_100_Jan2021.pdf
2021-01-29,VGUARD.NS,NIFTY_MIDCAP_100,NIFTY_Midcap_100_Jan2021.pdf
2021-01-29,VIPIND.NS,NIFTY_SMALLCAP_100,NIFTY_Smallcap_100_Jan2021.pdf
2021-01-29,VOLTAS.NS,NIFTY_MIDCAP_100,NIFTY_Midcap_100_Jan2021.pdf
2021-01-29,WELCORP.NS,NIFTY_SMALLCAP_100,NIFTY_Smallcap_100_Jan2021.pdf
2021-01-29,WELSPUNIND.NS,NIFTY_SMALLCAP_100,NIFTY_Smallcap_100_Jan2021.pdf
2021-01-29,WESTLIFE.NS,NIFTY_SMALLCAP_100,NIFTY_Smallcap_100_Jan2021.pdf
2021-01-29,WHIRLPOOL.NS,NIFTY_MIDCAP_100,NIFTY_Midcap_100_Jan2021.pdf
2021-01-29,WIPRO.NS,NIFTY_100,NIFTY_100_Jan2021.pdf
2021-01-29,WOCKPHARMA.NS,NIFTY_SMALLCAP_100,NIFTY_Smallcap_100_Jan2021.pdf
2021-01-29,YESBANK.NS,NIFTY_MIDCAP_100,NIFTY_Midcap_100_Jan2021.pdf
2021-01-29,ZEEL.NS,NIFTY_MIDCAP_100,NIFTY_Midcap_100_Jan2021.pdf
2021-02-26,AARTIIND.NS,NIFTY_MIDCAP_100,NIFTY_Midcap_100_Feb2021.pdf
2021-02-26,ABBOTINDIA.NS,NIFTY_100,NIFTY_100_Feb2021.pdf
2021-02-26,ABCAPITAL.NS,NIFTY_MIDCAP_100,NIFTY_Midcap_100_Feb2021.pdf
2021-02-26,ABFRL.NS,NIFTY_MIDCAP_100,NIFTY_Midcap_100_Feb2021.pdf
2021-02-26,ACC.NS,NIFTY_100,NIFTY_100_Feb2021.pdf
2021-02-26,ADANIENT.NS,NIFTY_MIDCAP_100,NIFTY_Midcap_100_Feb2021.pdf
2021-02-26,ADANIGREEN.NS,NIFTY_100,NIFTY_100_Feb2021.pdf
2021-02-26,ADANIPORTS.NS,NIFTY_100,NIFTY_100_Feb2021.pdf
2021-02-26,ADANITRANS.NS,NIFTY_100,NIFTY_100_Feb2021.pdf
2021-02-26,AEGISCHEM.NS,NIFTY_SMALLCAP_100,NIFTY_Smallcap_100_Feb2021.pdf
2021-02-26,AFFLE.NS,NIFTY_SMALLCAP_100,NIFTY_Smallcap_100_Feb2021.pdf
2021-02-26,AJANTPHARM.NS,NIFTY_MIDCAP_100,NIFTY_Midcap_100_Feb2021.pdf
2021-02-26,ALKEM.NS,NIFTY_100,NIFTY_100_Feb2021.pdf
2021-02-26,ALOKINDS.NS,NIFTY_SMALLCAP_100,NIFTY_Smallcap_100_Feb2021.pdf
2021-02-26,AMARAJABAT.NS,NIFTY_MIDCAP_100,NIFTY_Midcap_100_Feb2021.pdf
2021-02-26,AMBER.NS,NIFTY_SMALLCAP_100,NIFTY_Smallcap_100_Feb2021.pdf
2021-02-26,AMBUJACEM.NS,NIFTY_100,NIFTY_100_Feb2021.pdf
2021-02-26,APLLTD.NS,NIFTY_MIDCAP_100,NIFTY_Midcap_100_Feb2021.pdf
2021-02-26,APOLLOHOSP.NS,NIFTY_MIDCAP_100,NIFTY_Midcap_100_Feb2021.pdf
2021-02-26,APOLLOTYRE.NS,NIFTY_MIDCAP_100,NIFTY_Midcap_100_Feb2021.pdf
2021-02-26,ASHOKLEY.NS,NIFTY_MIDCAP_100,NIFTY_Midcap_100_Feb2021.pdf
2021-02-26,ASIANPAINT.NS,NIFTY_100,NIFTY_100_Feb2021.pdf
2021-02-26,ASTERDM.NS,NIFTY_SMALLCAP_100,NIFTY_Smallcap_100_Feb2021.pdf
2021-02-26,ATGL.NS,NIFTY_MIDCAP_100,NIFTY_Midcap_100_Feb2021.pdf
2021-02-26,AUBANK.NS,NIFTY_MIDCAP_100,NIFTY_Midcap_100_Feb2021.pdf
2021-02-26,AUROPHARMA.NS,NIFTY_100,NIFTY_100_Feb2021.pdf
2021-02-26,AVANTIFEED.NS,NIFTY_SMALLCAP_100,NIFTY_Smallcap_100_Feb2021.pdf
2021-02-26,AXISBANK.NS,NIFTY_100,NIFTY_100_Feb2021.pdf
2021-02-26,BAJAJ-AUTO.NS,NIFTY_100,NIFTY_100_Feb2021.pdf
2021-02-26,BAJAJELEC.NS,NIFTY_SMALLCAP_100,NIFTY_Smallcap_100_Feb2021.pdf
2021-02-26,BAJAJFINSV.NS,NIFTY_100,NIFTY_100_Feb2021.pdf
2021-02-26,BAJAJHLDNG.NS,NIFTY_100,NIFTY_100_Feb2021.pdf
2021-02-26,BAJFINANCE.NS,NIFTY_100,NIFTY_100_Feb2021.pdf
2021-02-26,BALKRISIND.NS,NIFTY_MIDCAP_100,NIFTY_Midcap_100_Feb2021.pdf
2021-02-26,BALRAMCHIN.NS,NIFTY_SMALLCAP_100,NIFTY_Smallcap_100_Feb2021.pdf
2021-02-26,BANDHANBNK.NS,NIFTY_100,NIFTY_100_Feb2021.pdf
2021-02-26,BANKBARODA.NS,NIFTY_100,NIFTY_100_Feb2021.pdf
2021-02-26,BANKINDIA.NS,NIFTY_MIDCAP_100,NIFTY_Midcap_100_Feb2021.pdf
2021-02-26,BASF.NS,NIFTY_SMALLCAP_100,NIFTY_Smallcap_100_Feb2021.pdf
2021-02-26,BATAINDIA.NS,NIFTY_MIDCAP_100,NIFTY_Midcap_100_Feb2021.pdf
2021-02-26,BBTC.NS,NIFTY_MIDCAP_100,NIFTY_Midcap_100_Feb2021.pdf
2021-02-26,BDL.NS,NIFTY_SMALLCAP_100,NIFTY_Smallcap_100_Feb2021.pdf
2021-02-26,BEL.NS,NIFTY_MIDCAP_100,NIFTY_Midcap_100_Feb2021.pdf
2021-02-26,BEML.NS,NIFTY_SMALLCAP_100,NIFTY_Smallcap_100_Feb2021.pdf
2021-02-26,BERGEPAINT.NS,NIFTY_100,NIFTY_100_Feb2021.pdf
2021-02-26,BHARATFORG.NS,NIFTY_MIDCAP_100,NIFTY_Midcap_100_Feb2021.pdf
2021-02-26,BHARTIARTL.NS,NIFTY_100,NIFTY_100_Feb2021.pdf
2021-02-26,BHEL.NS,NIFTY_MIDCAP_100,NIFTY_Midcap_100_Feb2021.pdf
2021-02-26,BIOCON.NS,NIFTY_100,NIFTY_100_Feb2021.pdf
2021-02-26,BIRLACORPN.NS,NIFTY_SMALLCAP_100,NIFTY_Smallcap_100_Feb2021.pdf
2021-02-26,BLUESTARCO.NS,NIFTY_SMALLCAP_100,NIFTY_Smallcap_100_Feb2021.pdf
2021-02-26,BOSCHLTD.NS,NIFTY_100,NIFTY_100_Feb2021.pdf
2021-02-26,BPCL.NS,NIFTY_100,NIFTY_100_Feb2021.pdf
2021-02-26,BRITANNIA.NS,NIFTY_100,NIFTY_100_Feb2021.pdf
2021-02-26,CADILAHC.NS,NIFTY_100,NIFTY_100_Feb2021.pdf
2021-02-26,CANBK.NS,NIFTY_MIDCAP_100,NIFTY_Midcap_100_Feb2021.pdf
2021-02-26,CANFINHOME.NS,NIFTY_SMALLCAP_100,NIFTY_Smallcap_100_Feb2021.pdf
2021-02-26,CASTROLIND.NS,NIFTY_MIDCAP_100,NIFTY_Midcap_100_Feb2021.pdf
2021-02-26,CDSL.NS,NIFTY_SMALLCAP_100,NIFTY_Smallcap_100_Feb2021.pdf
2021-02-26,CEATLTD.NS,NIFTY_SMALLCAP_100,NIFTY_Smallcap_100_Feb2021.pdf
2021-02-26,CENTURYPLY.NS,NIFTY_SMALLCAP_100,NIFTY_Smallcap_100_Feb2021.pdf
2021-02-26,CENTURYTEX.NS,NIFTY_SMALLCAP_100,NIFTY_Smallcap_100_Feb2021.pdf
2021-02-26,CESC.NS,NIFTY_MIDCAP_100,NIFTY_Midcap_100_Feb2021.pdf
2021-02-26,CHAMBLFERT.NS,NIFTY_SMALLCAP_100,NIFTY_Smallcap_100_Feb2021.pdf
2021-02-26,CHOLAFIN.NS,NIFTY_MIDCAP_100,NIFTY_Midcap_100_Feb2021.pdf
2021-02-26,CIPLA.NS,NIFTY_100,NIFTY_100_Feb2021.pdf
2021-02-26,COALINDIA.NS,NIFTY_100,NIFTY_100_Feb2021.pdf
2021-02-26,COCHINSHIP.NS,NIFTY_SMALLCAP_100,NIFTY_Smallcap_100_Feb2021.pdf
2021-02-26,COFORGE.NS,NIFTY_MIDCAP_100,NIFTY_Midcap_100_Feb2021.pdf
2021-02-26,COLPAL.NS,NIFTY_100,NIFTY_100_Feb2021.pdf
2021-02-26,CONCOR.NS,NIFTY_100,NIFTY_100_Feb2021.pdf
2021-02-26,COROMANDEL.NS,NIFTY_MIDCAP_100,NIFTY_Midcap_100_Feb2021.pdf
2021-02-26,CROMPTON.NS,NIFTY_MIDCAP_100,NIFTY_Midcap_100_Feb2021.pdf
2021-02-26,CSBBANK.NS,NIFTY_SMALLCAP_100,NIFTY_Smallcap_100_Feb2021.pdf
2021-02-26,CUB.NS,NIFTY_MIDCAP_100,NIFTY_Midcap_100_Feb2021.pdf
2021-02-26,CUMMINSIND.NS,NIFTY_MIDCAP_100,NIFTY_Midcap_100_Feb2021.pdf
2021-02-26,CYIENT.NS,NIFTY_SMALLCAP_100,NIFTY_Smallcap_100_Feb2021.pdf
2021-02-26,DABUR.NS,NIFTY_100,NIFTY_100_Feb2021.pdf
2021-02-26,DALBHARAT.NS,NIFTY_MIDCAP_100,NIFTY_Midcap_100_Feb2021.pdf
2021-02-26,DBL.NS,NIFTY_SMALLCAP_100,NIFTY_Smallcap_100_Feb2021.pdf
2021-02-26,DCBBANK.NS,NIFTY_SMALLCAP_100,NIFTY_Smallcap_100_Feb2021.pdf
2021-02-26,DCMSHRIRAM.NS,NIFTY_SMALLCAP_100,NIFTY_Smallcap_100_Feb2021.pdf
2021-02-26,DEEPAKNTR.NS,NIFTY_SMALLCAP_100,NIFTY_Smallcap_100_Feb2021.pdf
2021-02-26,DELTACORP.NS,NIFTY_SMALLCAP_100,NIFTY_Smallcap_100_Feb2021.pdf
2021-02-26,DHANI.NS,NIFTY_MIDCAP_100,NIFTY_Midcap_100_Feb2021.pdf
2021-02-26,DIVISLAB.NS,NIFTY_100,NIFTY_100_Feb2021.pdf
2021-02-26,DIXON.NS,NIFTY_SMALLCAP_100,NIFTY_Smallcap_100_Feb2021.pdf
2021-02-26,DLF.NS,NIFTY_100,NIFTY_100_Feb2021.pdf
2021-02-26,DMART.NS,NIFTY_100,NIFTY_100_Feb2021.pdf
2021-02-26,DRREDDY.NS,NIFTY_100,NIFTY_100_Feb2021.pdf
2021-02-26,EDELWEISS.NS,NIFTY_MIDCAP_100,NIFTY_Midcap_100_Feb2021.pdf
2021-02-26,EICHERMOT.NS,NIFTY_100,NIFTY_100_Feb2021.pdf
2021-02-26,EIDPARRY.NS,NIFTY_SMALLCAP_100,NIFTY_Smallcap_100_Feb2021.pdf
2021-02-26,EMAMILTD.NS,NIFTY_MIDCAP_100,NIFTY_Midcap_100_Feb2021.pdf
2021-02-26,ENDURANCE.NS,NIFTY_MIDCAP_100,NIFTY_Midcap_100_Feb2021.pdf
2021-02-26,ENGINERSIN.NS,NIFTY_SMALLCAP_100,NIFTY_Smallcap_100_Feb2021.pdf
2021-02-26,EQUITAS.NS,NIFTY_SMALLCAP_100,NIFTY_Smallcap_100_Feb2021.pdf
2021-02-26,ESCORTS.NS,NIFTY_MIDCAP_100,NIFTY_Midcap_100_Feb2021.pdf
2021-02-26,EXIDEIND.NS,NIFTY_MIDCAP_100,NIFTY_Midcap_100_Feb2021.pdf
2021-02-26,FDC.NS,NIFTY_SMALLCAP_100,NIFTY_Smallcap_100_Feb2021.pdf
2021-02-26,FEDERALBNK.NS,NIFTY_MIDCAP_100,NIFTY_Midcap_100_Feb2021.pdf
2021-02-26,FORTIS.NS,NIFTY_MIDCAP_100,NIFTY_Midcap_100_Feb2021.pdf
2021-02-26,FRETAIL.NS,NIFTY_MIDCAP_100,NIFTY_Midcap_100_Feb2021.pdf
2021-02-26,FSL.NS,NIFTY_SMALLCAP_100,NIFTY_Smallcap_100_Feb2021.pdf
2021-02-26,GAIL.NS,NIFTY_100,NIFTY_100_Feb2021.pdf
2021-02-26,GICRE.NS,NIFTY_100,NIFTY_100_Feb2021.pdf
2021-02-26,GLENMARK.NS,NIFTY_MIDCAP_100,NIFTY_Midcap_100_Feb2021.pdf
2021-02-26,GMMPFAUDLR.NS,NIFTY_SMALLCAP_100,NIFTY_Smallcap_100_Feb2021.pdf
2021-02-26,GMRINFRA.NS,NIFTY_MIDCAP_100,NIFTY_Midcap_100_Feb2021.pdf
2021-02-26,GNFC.NS,NIFTY_SMALLCAP_100,NIFTY_Smallcap_100_Feb2021.pdf
2021-02-26,GODFRYPHLP.NS,NIFTY_SMALLCAP_100,NIFTY_Smallcap_100_Feb2021.pdf
2021-02-26,GODREJAGRO.NS,NIFTY_MIDCAP_100,NIFTY_Midcap_100_Feb2021.pdf
2021-02-26,GODREJCP.NS,NIFTY_100,NIFTY_100_Feb2021.pdf
2021-02-26,GODREJIND.NS,NIFTY_MIDCAP_100,NIFTY_Midcap_100_Feb2021.pdf
2021-02-26,GODREJPROP.NS,NIFTY_MIDCAP_100,NIFTY_Midcap_100_Feb2021.pdf
2021-02-26,GRANULES.NS,NIFTY_SMALLCAP_100,NIFTY_Smallcap_100_Feb2021.pdf
2021-02-26,GRAPHITE.NS,NIFTY_SMALLCAP_100,NIFTY_Smallcap_100_Feb2021.pdf
2021-02-26,GRASIM.NS,NIFTY_100,NIFTY_100_Feb2021.pdf
2021-02-26,GSPL.NS,NIFTY_MIDCAP_100,NIFTY_Midcap_100_Feb2021.pdf
2021-02-26,GUJGASLTD.NS,NIFTY_MIDCAP_100,NIFTY_Midcap_100_Feb2021.pdf
2021-02-26,HAVELLS.NS,NIFTY_100,NIFTY_100_Feb2021.pdf
2021-02-26,HCLTECH.NS,NIFTY_100,NIFTY_100_Feb2021.pdf
2021-02-26,HDFC.NS,NIFTY_100,NIFTY_100_Feb2021.pdf
2021-02-26,HDFCAMC.NS,NIFTY_100,NIFTY_100_Feb2021.pdf
2021-02-26,HDFCBANK.NS,NIFTY_100,NIFTY_100_Feb2021.pdf
2021-02-26,HDFCLIFE.NS,NIFTY_100,NIFTY_100_Feb2021.pdf
2021-02-26,HEG.NS,NIFTY_SMALLCAP_100,NIFTY_Smallcap_100_Feb2021.pdf
2021-02-26,HEIDELBERG.NS,NIFTY_SMALLCAP_100,NIFTY_Smallcap_100_Feb2021.pdf
2021-02-26,HEROMOTOCO.NS,NIFTY_100,NIFTY_100_Feb2021.pdf
2021-02-26,HINDALCO.NS,NIFTY_100,NIFTY_100_Feb2021.pdf
2021-02-26,HINDPETRO.NS,NIFTY_100,NIFTY_100_Feb2021.pdf
2021-02-26,HINDUNILVR.NS,NIFTY_100,NIFTY_100_Feb2021.pdf
2021-02-26,HINDZINC.NS,NIFTY_100,NIFTY_100_Feb2021.pdf
2021-02-26,HUDCO.NS,NIFTY_MIDCAP_100,NIFTY_Midcap_100_Feb2021.pdf
2021-02-26,IBREALEST.NS,NIFTY_SMALLCAP_100,NIFTY_Smallcap_100_Feb2021.pdf
2021-02-26,IBULHSGFIN.NS,NIFTY_MIDCAP_100,NIFTY_Midcap_100_Feb2021.pdf
2021-02-26,ICICIBANK.NS,NIFTY_100,NIFTY_100_Feb2021.pdf
2021-02-26,ICICIGI.NS,NIFTY_100,NIFTY_100_Feb2021.pdf
2021-02-26,ICICIPRULI.NS,NIFTY_100,NIFTY_100_Feb2021.pdf
2021-02-26,IDBI.NS,NIFTY_SMALLCAP_100,NIFTY_Smallcap_100_Feb2021.pdf
2021-02-26,IDEA.NS,NIFTY_MIDCAP_100,NIFTY_Midcap_100_Feb2021.pdf
2021-02-26,IDFC.NS,NIFTY_SMALLCAP_100,NIFTY_Smallcap_100_Feb2021.pdf
2021-02-26,IDFCFIRSTB.NS,NIFTY_MIDCAP_100,NIFTY_Midcap_100_Feb2021.pdf
2021-02-26,IEX.NS,NIFTY_SMALLCAP_100,NIFTY_Smallcap_100_Feb2021.pdf
2021-02-26,IGL.NS,NIFTY_100,NIFTY_100_Feb2021.pdf
2021-02-26,INDHOTEL.NS,NIFTY_MIDCAP_100,NIFTY_Midcap_100_Feb2021.pdf
2021-02-26,INDIACEM.NS,NIFTY_SMALLCAP_100,NIFTY_Smallcap_100_Feb2021.pdf
2021-02-26,INDIAMART.NS,NIFTY_SMALLCAP_100,NIFTY_Smallcap_100_Feb2021.pdf
2021-02-26,INDIANB.NS,NIFTY_SMALLCAP_100,NIFTY_Smallcap_100_Feb2021.pdf
2021-02-26,INDIGO.NS,NIFTY_100,NIFTY_100_Feb2021.pdf
2021-02-26,INDUSINDBK.NS,NIFTY_100,NIFTY_100_Feb2021.pdf
2021-02-26,INDUSTOWER.NS,NIFTY_100,NIFTY_100_Feb2021.pdf
2021-02-26,INFY.NS,NIFTY_100,NIFTY_100_Feb2021.pdf
2021-02-26,INOXLEISUR.NS,NIFTY_SMALLCAP_100,NIFTY_Smallcap_100_Feb2021.pdf
2021-02-26,IOC.NS,NIFTY_100,NIFTY_100_Feb2021.pdf
2021-02-26,IOLCP.NS,NIFTY_SMALLCAP_100,NIFTY_Smallcap_100_Feb2021.pdf
2021-02-26,IPCALAB.NS,NIFTY_MIDCAP_100,NIFTY_Midcap_100_Feb2021.pdf
2021-02-26,IRB.NS,NIFTY_SMALLCAP_100,NIFTY_Smallcap_100_Feb2021.pdf
2021-02-26,IRCON.NS,NIFTY_SMALLCAP_100,NIFTY_Smallcap_100_Feb2021.pdf
2021-02-26,IRCTC.NS,NIFTY_MIDCAP_100,NIFTY_Midcap_100_Feb2021.pdf
2021-02-26,ISEC.NS,NIFTY_MIDCAP_100,NIFTY_Midcap_100_Feb2021.pdf
2021-02-26,ITC.NS,NIFTY_100,NIFTY_100_Feb2021.pdf
2021-02-26,JBCHEPHARM.NS,NIFTY_SMALLCAP_100,NIFTY_Smallcap_100_Feb2021.pdf
2021-02-26,JINDALSTEL.NS,NIFTY_MIDCAP_100,NIFTY_Midcap_100_Feb2021.pdf
2021-02-26,JKLAKSHMI.NS,NIFTY_SMALLCAP_100,NIFTY_Smallcap_100_Feb2021.pdf
2021-02-26,JSWENERGY.NS,NIFTY_MIDCAP_100,NIFTY_Midcap_100_Feb2021.pdf
2021-02-26,JSWSTEEL.NS,NIFTY_100,NIFTY_100_Feb2021.pdf
2021-02-26,JUBLFOOD.NS,NIFTY_MIDCAP_100,NIFTY_Midcap_100_Feb2021.pdf
2021-02-26,JUSTDIAL.NS,NIFTY_SMALLCAP_100,NIFTY_Smallcap_100_Feb2021.pdf
2021-02-26,KAJARIACER.NS,NIFTY_SMALLCAP_100,NIFTY_Smallcap_100_Feb2021.pdf
2021-02-26,KALPATPOWR.NS,NIFTY_SMALLCAP_100,NIFTY_Smallcap_100_Feb2021.pdf
2021-02-26,KARURVYSYA.NS,NIFTY_SMALLCAP_100,NIFTY_Smallcap_100_Feb2021.pdf
2021-02-26,KEC.NS,NIFTY_SMALLCAP_100,NIFTY_Smallcap_100_Feb2021.pdf
2021-02-26,KEI.NS,NIFTY_SMALLCAP_100,NIFTY_Smallcap_100_Feb2021.pdf
2021-02-26,KOTAKBANK.NS,NIFTY_100,NIFTY_100_Feb2021.pdf
2021-02-26,KSCL.NS,NIFTY_SMALLCAP_100,NIFTY_Smallcap_100_Feb2021.pdf
2021-02-26,L&TFH.NS,NIFTY_MIDCAP_100,NIFTY_Midcap_100_Feb2021.pdf
2021-02-26,LALPATHLAB.NS,NIFTY_MIDCAP_100,NIFTY_Midcap_100_Feb2021.pdf
2021-02-26,LAURUSLABS.NS,NIFTY_SMALLCAP_100,NIFTY_Smallcap_100_Feb2021.pdf
2021-02-26,LEMONTREE.NS,NIFTY_SMALLCAP_100,NIFTY_Smallcap_100_Feb2021.pdf
2021-02-26,LICHSGFIN.NS,NIFTY_MIDCAP_100,NIFTY_Midcap_100_Feb2021.pdf
2021-02-26,LINDEINDIA.NS,NIFTY_SMALLCAP_100,NIFTY_Smallcap_100_Feb2021.pdf
2021-02-26,LT.NS,NIFTY_100,NIFTY_100_Feb2021.pdf
2021-02-26,LTI.NS,NIFTY_100,NIFTY_100_Feb2021.pdf
2021-02-26,LTTS.NS,NIFTY_MIDCAP_100,NIFTY_Midcap_100_Feb2021.pdf
2021-02-26,LUPIN.NS,NIFTY_100,NIFTY_100_Feb2021.pdf
2021-02-26,LUXIND.NS,NIFTY_SMALLCAP_100,NIFTY_Smallcap_100_Feb2021.pdf
2021-02-26,M&M.NS,NIFTY_100,NIFTY_100_Feb2021.pdf
2021-02-26,M&MFIN.NS,NIFTY_MIDCAP_100,NIFTY_Midcap_100_Feb2021.pdf
2021-02-26,MANAPPURAM.NS,NIFTY_MIDCAP_100,NIFTY_Midcap_100_Feb2021.pdf
2021-02-26,MARICO.NS,NIFTY_100,NIFTY_100_Feb2021.pdf
2021-02-26,MARUTI.NS,NIFTY_100,NIFTY_100_Feb2021.pdf
2021-02-26,MCDOWELL-N.NS,NIFTY_100,NIFTY_100_Feb2021.pdf
2021-02-26,MCX.NS,NIFTY_SMALLCAP_100,NIFTY_Smallcap_100_Feb2021.pdf
2021-02-26,MFSL.NS,NIFTY_MIDCAP_100,NIFTY_Midcap_100_Feb2021.pdf
2021-02-26,MGL.NS,NIFTY_MIDCAP_100,NIFTY_Midcap_100_Feb2021.pdf
2021-02-26,MIDHANI.NS,NIFTY_SMALLCAP_100,NIFTY_Smallcap_100_Feb2021.pdf
2021-02-26,MINDTREE.NS,NIFTY_MIDCAP_100,NIFTY_Midcap_100_Feb2021.pdf
2021-02-26,MOIL.NS,NIFTY_SMALLCAP_100,NIFTY_Smallcap_100_Feb2021.pdf
2021-02-26,MOTHERSUMI.NS,NIFTY_100,NIFTY_100_Feb2021.pdf
2021-02-26,MPHASIS.NS,NIFTY_MIDCAP_100,NIFTY_Midcap_100_Feb2021.pdf
2021-02-26,MRF.NS,NIFTY_MIDCAP_100,NIFTY_Midcap_100_Feb2021.pdf
2021-02-26,MUTHOOTFIN.NS,NIFTY_100,NIFTY_100_Feb2021.pdf
2021-02-26,NAM-INDIA.NS,NIFTY_MIDCAP_100,NIFTY_Midcap_100_Feb2021.pdf
2021-02-26,NATCOPHARM.NS,NIFTY_MIDCAP_100,NIFTY_Midcap_100_Feb2021.pdf
2021-02-26,NATIONALUM.NS,NIFTY_MIDCAP_100,NIFTY_Midcap_100_Feb2021.pdf
2021-02-26,NAUKRI.NS,NIFTY_100,NIFTY_100_Feb2021.pdf
2021-02-26,NAVINFLUOR.NS,NIFTY_MIDCAP_100,NIFTY_Midcap_100_Feb2021.pdf
2021-02-26,NBCC.NS,NIFTY_SMALLCAP_100,NIFTY_Smallcap_100_Feb2021.pdf
2021-02-26,NESTLEIND.NS,NIFTY_100,NIFTY_100_Feb2021.pdf
2021-02-26,NMDC.NS,NIFTY_100,NIFTY_100_Feb2021.pdf
2021-02-26,NTPC.NS,NIFTY_100,NIFTY_100_Feb2021.pdf
2021-02-26,OBEROIRLTY.NS,NIFTY_MIDCAP_100,NIFTY_Midcap_100_Feb2021.pdf
2021-02-26,OFSS.NS,NIFTY_100,NIFTY_100_Feb2021.pdf
2021-02-26,OIL.NS,NIFTY_MIDCAP_100,NIFTY_Midcap_100_Feb2021.pdf
2021-02-26,OMAXE.NS,NIFTY_SMALLCAP_100,NIFTY_Smallcap_100_Feb2021.pdf
2021-02-26,ONGC.NS,NIFTY_100,NIFTY_100_Feb2021.pdf
2021-02-26,PAGEIND.NS,NIFTY_MIDCAP_100,NIFTY_Midcap_100_Feb2021.pdf
2021-02-26,PEL.NS,NIFTY_100,NIFTY_100_Feb2021.pdf
2021-02-26,PERSISTENT.NS,NIFTY_SMALLCAP_100,NIFTY_Smallcap_100_Feb2021.pdf
2021-02-26,PETRONET.NS,NIFTY_100,NIFTY_100_Feb2021.pdf
2021-02-26,PFC.NS,NIFTY_100,NIFTY_100_Feb2021.pdf
2021-02-26,PFIZER.NS,NIFTY_MIDCAP_100,NIFTY_Midcap_100_Feb2021.pdf
2021-02-26,PGHH.NS,NIFTY_100,NIFTY_100_Feb2021.pdf
2021-02-26,PGHL.NS,NIFTY_SMALLCAP_100,NIFTY_Smallcap_100_Feb2021.pdf
2021-02-26,PIDILITIND.NS,NIFTY_100,NIFTY_100_Feb2021.pdf
2021-02-26,PIIND.NS,NIFTY_MIDCAP_100,NIFTY_Midcap_100_Feb2021.pdf
2021-02-26,PNB.NS,NIFTY_100,NIFTY_100_Feb2021.pdf
2021-02-26,PNBHOUSING.NS,NIFTY_SMALLCAP_100,NIFTY_Smallcap_100_Feb2021.pdf
2021-02-26,POLYCAB.NS,NIFTY_MIDCAP_100,NIFTY_Midcap_100_Feb2021.pdf
2021-02-26,POWERGRID.NS,NIFTY_100,NIFTY_100_Feb2021.pdf
2021-02-26,PRESTIGE.NS,NIFTY_MIDCAP_100,NIFTY_Midcap_100_Feb2021.pdf
2021-02-26,PVR.NS,NIFTY_SMALLCAP_100,NIFTY_Smallcap_100_Feb2021.pdf
2021-02-26,RADICO.NS,NIFTY_SMALLCAP_100,NIFTY_Smallcap_100_Feb2021.pdf
2021-02-26,RAIN.NS,NIFTY_SMALLCAP_100,NIFTY_Smallcap_100_Feb2021.pdf
2021-02-26,RAJESHEXPO.NS,NIFTY_MIDCAP_100,NIFTY_Midcap_100_Feb2021.pdf
2021-02-26,RALLIS.NS,NIFTY_SMALLCAP_100,NIFTY_Smallcap_100_Feb2021.pdf
2021-02-26,RAMCOCEM.NS,NIFTY_MIDCAP_100,NIFTY_Midcap_100_Feb2021.pdf
2021-02-26,RBLBANK.NS,NIFTY_MIDCAP_100,NIFTY_Midcap_100_Feb2021.pdf
2021-02-26,RCF.NS,NIFTY_SMALLCAP_100,NIFTY_Smallcap_100_Feb2021.pdf
2021-02-26,RECLTD.NS,NIFTY_MIDCAP_100,NIFTY_Midcap_100_Feb2021.pdf
2021-02-26,RELIANCE.NS,NIFTY_100,NIFTY_100_Feb2021.pdf
2021-02-26,RITES.NS,NIFTY_SMALLCAP_100,NIFTY_Smallcap_100_Feb2021.pdf
2021-02-26,RVNL.NS,NIFTY_SMALLCAP_100,NIFTY_Smallcap_100_Feb2021.pdf
2021-02-26,SAIL.NS,NIFTY_MIDCAP_100,NIFTY_Midcap_100_Feb2021.pdf
2021-02-26,SANOFI.NS,NIFTY_MIDCAP_100,NIFTY_Midcap_100_Feb2021.pdf
2021-02-26,SBICARD.NS,NIFTY_100,NIFTY_100_Feb2021.pdf
2021-02-26,SBILIFE.NS,NIFTY_100,NIFTY_100_Feb2021.pdf
2021-02-26,SBIN.NS,NIFTY_100,NIFTY_100_Feb2021.pdf
2021-02-26,SHREECEM.NS,NIFTY_100,NIFTY_100_Feb2021.pdf
2021-02-26,SIEMENS.NS,NIFTY_100,NIFTY_100_Feb2021.pdf
2021-02-26,SOBHA.NS,NIFTY_SMALLCAP_100,NIFTY_Smallcap_100_Feb2021.pdf
2021-02-26,SONATSOFTW.NS,NIFTY_SMALLCAP_100,NIFTY_Smallcap_100_Feb2021.pdf
2021-02-26,SPARC.NS,NIFTY_SMALLCAP_100,NIFTY_Smallcap_100_Feb2021.pdf
2021-02-26,SPICEJET.NS,NIFTY_SMALLCAP_100,NIFTY_Smallcap_100_Feb2021.pdf
2021-02-26,SRF.NS,NIFTY_MIDCAP_100,NIFTY_Midcap_100_Feb2021.pdf
2021-02-26,SRTRANSFIN.NS,NIFTY_MIDCAP_100,NIFTY_Midcap_100_Feb2021.pdf
2021-02-26,STAR.NS,NIFTY_SMALLCAP_100,NIFTY_Smallcap_100_Feb2021.pdf
2021-02-26,STLTECH.NS,NIFTY_SMALLCAP_100,NIFTY_Smallcap_100_Feb2021.pdf
2021-02-26,SUNPHARMA.NS,NIFTY_100,NIFTY_100_Feb2021.pdf
2021-02-26,SUNTECK.NS,NIFTY_SMALLCAP_100,NIFTY_Smallcap_100_Feb2021.pdf
2021-02-26,SUNTV.NS,NIFTY_MIDCAP_100,NIFTY_Midcap_100_Feb2021.pdf
2021-02-26,SUVENPHAR.NS,NIFTY_SMALLCAP_100,NIFTY_Smallcap_100_Feb2021.pdf
2021-02-26,SYNGENE.NS,NIFTY_MIDCAP_100,NIFTY_Midcap_100_Feb2021.pdf
2021-02-26,TATACHEM.NS,NIFTY_MIDCAP_100,NIFTY_Midcap_100_Feb2021.pdf
2021-02-26,TATACONSUM.NS,NIFTY_100,NIFTY_100_Feb2021.pdf
2021-02-26,TATAELXSI.NS,NIFTY_SMALLCAP_100,NIFTY_Smallcap_100_Feb2021.pdf
2021-02-26,TATAMOTORS.NS,NIFTY_100,NIFTY_100_Feb2021.pdf
2021-02-26,TATAPOWER.NS,NIFTY_MIDCAP_100,NIFTY_Midcap_100_Feb2021.pdf
2021-02-26,TATASTEEL.NS,NIFTY_100,NIFTY_100_Feb2021.pdf
2021-02-26,TCS.NS,NIFTY_100,NIFTY_100_Feb2021.pdf
2021-02-26,TECHM.NS,NIFTY_100,NIFTY_100_Feb2021.pdf
2021-02-26,THYROCARE.NS,NIFTY_SMALLCAP_100,NIFTY_Smallcap_100_Feb2021.pdf
2021-02-26,TIMKEN.NS,NIFTY_SMALLCAP_100,NIFTY_Smallcap_100_Feb2021.pdf
2021-02-26,TITAN.NS,NIFTY_100,NIFTY_100_Feb2021.pdf
2021-02-26,TORNTPHARM.NS,NIFTY_100,NIFTY_100_Feb2021.pdf
2021-02-26,TORNTPOWER.NS,NIFTY_MIDCAP_100,NIFTY_Midcap_100_Feb2021.pdf
2021-02-26,TRENT.NS,NIFTY_MIDCAP_100,NIFTY_Midcap_100_Feb2021.pdf
2021-02-26,TRIDENT.NS,NIFTY_SMALLCAP_100,NIFTY_Smallcap_100_Feb2021.pdf
2021-02-26,TV18BRDCST.NS,NIFTY_SMALLCAP_100,NIFTY_Smallcap_100_Feb2021.pdf
2021-02-26,TVSMOTOR.NS,NIFTY_MIDCAP_100,NIFTY_Midcap_100_Feb2021.pdf
2021-02-26,UBL.NS,NIFTY_100,NIFTY_100_Feb2021.pdf
2021-02-26,UJJIVAN.NS,NIFTY_SMALLCAP_100,NIFTY_Smallcap_100_Feb2021.pdf
2021-02-26,UJJIVANSFB.NS,NIFTY_SMALLCAP_100,NIFTY_Smallcap_100_Feb2021.pdf
2021-02-26,ULTRACEMCO.NS,NIFTY_100,NIFTY_100_Feb2021.pdf
2021-02-26,UNIONBANK.NS,NIFTY_MIDCAP_100,NIFTY_Midcap_100_Feb2021.pdf
2021-02-26,UPL.NS,NIFTY_100,NIFTY_100_Feb2021.pdf
2021-02-26,VAKRANGEE.NS,NIFTY_SMALLCAP_100,NIFTY_Smallcap_100_Feb2021.pdf
2021-02-26,VBL.NS,NIFTY_MIDCAP_100,NIFTY_Midcap_100_Feb2021.pdf
2021-02-26,VGUARD.NS,NIFTY_MIDCAP_100,NIFTY_Midcap_100_Feb2021.pdf
2021-02-26,VIPIND.NS,NIFTY_SMALLCAP_100,NIFTY_Smallcap_100_Feb2021.pdf
2021-02-26,VOLTAS.NS,NIFTY_MIDCAP_100,NIFTY_Midcap_100_Feb2021.pdf
2021-02-26,WELCORP.NS,NIFTY_SMALLCAP_100,NIFTY_Smallcap_100_Feb2021.pdf
2021-02-26,WELSPUNIND.NS,NIFTY_SMALLCAP_100,NIFTY_Smallcap_100_Feb2021.pdf
2021-02-26,WESTLIFE.NS,NIFTY_SMALLCAP_100,NIFTY_Smallcap_100_Feb2021.pdf
2021-02-26,WHIRLPOOL.NS,NIFTY_MIDCAP_100,NIFTY_Midcap_100_Feb2021.pdf
2021-02-26,WIPRO.NS,NIFTY_100,NIFTY_100_Feb2021.pdf
2021-02-26,WOCKPHARMA.NS,NIFTY_SMALLCAP_100,NIFTY_Smallcap_100_Feb2021.pdf
2021-02-26,YESBANK.NS,NIFTY_MIDCAP_100,NIFTY_Midcap_100_Feb2021.pdf
2021-02-26,ZEEL.NS,NIFTY_MIDCAP_100,NIFTY_Midcap_100_Feb2021.pdf
2021-03-31,AARTIDRUGS.NS,NIFTY_SMALLCAP_100,NIFTY_Smallcap_100_Mar2021.pdf
2021-03-31,AARTIIND.NS,NIFTY_MIDCAP_100,NIFTY_Midcap_100_Mar2021.pdf
2021-03-31,ABBOTINDIA.NS,NIFTY_100,NIFTY_100_Mar2021.pdf
2021-03-31,ABCAPITAL.NS,NIFTY_MIDCAP_100,NIFTY_Midcap_100_Mar2021.pdf
2021-03-31,ABFRL.NS,NIFTY_MIDCAP_100,NIFTY_Midcap_100_Mar2021.pdf
2021-03-31,ACC.NS,NIFTY_100,NIFTY_100_Mar2021.pdf
2021-03-31,ADANIENT.NS,NIFTY_100,NIFTY_100_Mar2021.pdf
2021-03-31,ADANIGREEN.NS,NIFTY_100,NIFTY_100_Mar2021.pdf
2021-03-31,ADANIPORTS.NS,NIFTY_100,NIFTY_100_Mar2021.pdf
2021-03-31,ADANITRANS.NS,NIFTY_100,NIFTY_100_Mar2021.pdf
2021-03-31,AEGISCHEM.NS,NIFTY_SMALLCAP_100,NIFTY_Smallcap_100_Mar2021.pdf
2021-03-31,AFFLE.NS,NIFTY_SMALLCAP_100,NIFTY_Smallcap_100_Mar2021.pdf
2021-03-31,AJANTPHARM.NS,NIFTY_MIDCAP_100,NIFTY_Midcap_100_Mar2021.pdf
2021-03-31,ALKEM.NS,NIFTY_100,NIFTY_100_Mar2021.pdf
2021-03-31,ALKYLAMINE.NS,NIFTY_SMALLCAP_100,NIFTY_Smallcap_100_Mar2021.pdf
2021-03-31,ALOKINDS.NS,NIFTY_SMALLCAP_100,NIFTY_Smallcap_100_Mar2021.pdf
2021-03-31,AMARAJABAT.NS,NIFTY_MIDCAP_100,NIFTY_Midcap_100_Mar2021.pdf
2021-03-31,AMBER.NS,NIFTY_SMALLCAP_100,NIFTY_Smallcap_100_Mar2021.pdf
2021-03-31,AMBUJACEM.NS,NIFTY_100,NIFTY_100_Mar2021.pdf
2021-03-31,APLAPOLLO.NS,NIFTY_SMALLCAP_100,NIFTY_Smallcap_100_Mar2021.pdf
2021-03-31,APLLTD.NS,NIFTY_MIDCAP_100,NIFTY_Midcap_100_Mar2021.pdf
2021-03-31,APOLLOHOSP.NS,NIFTY_100,NIFTY_100_Mar2021.pdf
2021-03-31,APOLLOTYRE.NS,NIFTY_MIDCAP_100,NIFTY_Midcap_100_Mar2021.pdf
2021-03-31,ASHOKLEY.NS,NIFTY_MIDCAP_100,NIFTY_Midcap_100_Mar2021.pdf
2021-03-31,ASIANPAINT.NS,NIFTY_100,NIFTY_100_Mar2021.pdf
2021-03-31,ATGL.NS,NIFTY_MIDCAP_100,NIFTY_Midcap_100_Mar2021.pdf
2021-03-31,AUBANK.NS,NIFTY_MIDCAP_100,NIFTY_Midcap_100_Mar2021.pdf
2021-03-31,AUROPHARMA.NS,NIFTY_100,NIFTY_100_Mar2021.pdf
2021-03-31,AVANTIFEED.NS,NIFTY_SMALLCAP_100,NIFTY_Smallcap_100_Mar2021.pdf
2021-03-31,AXISBANK.NS,NIFTY_100,NIFTY_100_Mar2021.pdf
2021-03-31,BAJAJ-AUTO.NS,NIFTY_100,NIFTY_100_Mar2021.pdf
2021-03-31,BAJAJELEC.NS,NIFTY_SMALLCAP_100,NIFTY_Smallcap_100_Mar2021.pdf
2021-03-31,BAJAJFINSV.NS,NIFTY_100,NIFTY_100_Mar2021.pdf
2021-03-31,BAJAJHLDNG.NS,NIFTY_100,NIFTY_100_Mar2021.pdf
2021-03-31,BAJFINANCE.NS,NIFTY_100,NIFTY_100_Mar2021.pdf
2021-03-31,BALKRISIND.NS,NIFTY_MIDCAP_100,NIFTY_Midcap_100_Mar2021.pdf
2021-03-31,BALRAMCHIN.NS,NIFTY_SMALLCAP_100,NIFTY_Smallcap_100_Mar2021.pdf
2021-03-31,BANDHANBNK.NS,NIFTY_100,NIFTY_100_Mar2021.pdf
2021-03-31,BANKBARODA.NS,NIFTY_MIDCAP_100,NIFTY_Midcap_100_Mar2021.pdf
2021-03-31,BANKINDIA.NS,NIFTY_MIDCAP_100,NIFTY_Midcap_100_Mar2021.pdf
2021-03-31,BASF.NS,NIFTY_SMALLCAP_100,NIFTY_Smallcap_100_Mar2021.pdf
2021-03-31,BATAINDIA.NS,NIFTY_MIDCAP_100,NIFTY_Midcap_100_Mar2021.pdf
2021-03-31,BBTC.NS,NIFTY_MIDCAP_100,NIFTY_Midcap_100_Mar2021.pdf
2021-03-31,BDL.NS,NIFTY_SMALLCAP_100,NIFTY_Smallcap_100_Mar2021.pdf
2021-03-31,BEL.NS,NIFTY_MIDCAP_100,NIFTY_Midcap_100_Mar2021.pdf
2021-03-31,BEML.NS,NIFTY_SMALLCAP_100,NIFTY_Smallcap_100_Mar2021.pdf
2021-03-31,BERGEPAINT.NS,NIFTY_100,NIFTY_100_Mar2021.pdf
2021-03-31,BHARATFORG.NS,NIFTY_MIDCAP_100,NIFTY_Midcap_100_Mar2021.pdf
2021-03-31,BHARTIARTL.NS,NIFTY_100,NIFTY_100_Mar2021.pdf
2021-03-31,BHEL.NS,NIFTY_MIDCAP_100,NIFTY_Midcap_100_Mar2021.pdf
2021-03-31,BIOCON.NS,NIFTY_100,NIFTY_100_Mar2021.pdf
2021-03-31,BIRLACORPN.NS,NIFTY_SMALLCAP_100,NIFTY_Smallcap_100_Mar2021.pdf
2021-03-31,BLUEDART.NS,NIFTY_SMALLCAP_100,NIFTY_Smallcap_100_Mar2021.pdf
2021-03-31,BLUESTARCO.NS,NIFTY_SMALLCAP_100,NIFTY_Smallcap_100_Mar2021.pdf
2021-03-31,BOSCHLTD.NS,NIFTY_100,NIFTY_100_Mar2021.pdf
2021-03-31,BPCL.NS,NIFTY_100,NIFTY_100_Mar2021.pdf
2021-03-31,BRITANNIA.NS,NIFTY_100,NIFTY_100_Mar2021.pdf
2021-03-31,BSOFT.NS,NIFTY_SMALLCAP_100,NIFTY_Smallcap_100_Mar2021.pdf
2021-03-31,CADILAHC.NS,NIFTY_100,NIFTY_100_Mar2021.pdf
2021-03-31,CAMS.NS,NIFTY_SMALLCAP_100,NIFTY_Smallcap_100_Mar2021.pdf
2021-03-31,CANBK.NS,NIFTY_MIDCAP_100,NIFTY_Midcap_100_Mar2021.pdf
2021-03-31,CANFINHOME.NS,NIFTY_SMALLCAP_100,NIFTY_Smallcap_100_Mar2021.pdf
2021-03-31,CAPLIPOINT.NS,NIFTY_SMALLCAP_100,NIFTY_Smallcap_100_Mar2021.pdf
2021-03-31,CARBORUNIV.NS,NIFTY_SMALLCAP_100,NIFTY_Smallcap_100_Mar2021.pdf
2021-03-31,CASTROLIND.NS,NIFTY_MIDCAP_100,NIFTY_Midcap_100_Mar2021.pdf
2021-03-31,CDSL.NS,NIFTY_SMALLCAP_100,NIFTY_Smallcap_100_Mar2021.pdf
2021-03-31,CEATLTD.NS,NIFTY_SMALLCAP_100,NIFTY_Smallcap_100_Mar2021.pdf
2021-03-31,CENTURYPLY.NS,NIFTY_SMALLCAP_100,NIFTY_Smallcap_100_Mar2021.pdf
2021-03-31,CENTURYTEX.NS,NIFTY_SMALLCAP_100,NIFTY_Smallcap_100_Mar2021.pdf
2021-03-31,CESC.NS,NIFTY_MIDCAP_100,NIFTY_Midcap_100_Mar2021.pdf
2021-03-31,CHAMBLFERT.NS,NIFTY_SMALLCAP_100,NIFTY_Smallcap_100_Mar2021.pdf
2021-03-31,CHOLAFIN.NS,NIFTY_MIDCAP_100,NIFTY_Midcap_100_Mar2021.pdf
2021-03-31,CIPLA.NS,NIFTY_100,NIFTY_100_Mar2021.pdf
2021-03-31,COALINDIA.NS,NIFTY_100,NIFTY_100_Mar2021.pdf
2021-03-31,COCHINSHIP.NS,NIFTY_SMALLCAP_100,NIFTY_Smallcap_100_Mar2021.pdf
2021-03-31,COFORGE.NS,NIFTY_MIDCAP_100,NIFTY_Midcap_100_Mar2021.pdf
2021-03-31,COLPAL.NS,NIFTY_100,NIFTY_100_Mar2021.pdf
2021-03-31,CONCOR.NS,NIFTY_MIDCAP_100,NIFTY_Midcap_100_Mar2021.pdf
2021-03-31,COROMANDEL.NS,NIFTY_MIDCAP_100,NIFTY_Midcap_100_Mar2021.pdf
2021-03-31,CROMPTON.NS,NIFTY_MIDCAP_100,NIFTY_Midcap_100_Mar2021.pdf
2021-03-31,CSBBANK.NS,NIFTY_SMALLCAP_100,NIFTY_Smallcap_100_Mar2021.pdf
2021-03-31,CUB.NS,NIFTY_MIDCAP_100,NIFTY_Midcap_100_Mar2021.pdf
2021-03-31,CUMMINSIND.NS,NIFTY_MIDCAP_100,NIFTY_Midcap_100_Mar2021.pdf
2021-03-31,CYIENT.NS,NIFTY_SMALLCAP_100,NIFTY_Smallcap_100_Mar2021.pdf
2021-03-31,DABUR.NS,NIFTY_100,NIFTY_100_Mar2021.pdf
2021-03-31,DALBHARAT.NS,NIFTY_MIDCAP_100,NIFTY_Midcap_100_Mar2021.pdf
2021-03-31,DBL.NS,NIFTY_SMALLCAP_100,NIFTY_Smallcap_100_Mar2021.pdf
2021-03-31,DEEPAKNTR.NS,NIFTY_MIDCAP_100,NIFTY_Midcap_100_Mar2021.pdf
2021-03-31,DELTACORP.NS,NIFTY_SMALLCAP_100,NIFTY_Smallcap_100_Mar2021.pdf
2021-03-31,DHANI.NS,NIFTY_MIDCAP_100,NIFTY_Midcap_100_Mar2021.pdf
2021-03-31,DIVISLAB.NS,NIFTY_100,NIFTY_100_Mar2021.pdf
2021-03-31,DIXON.NS,NIFTY_MIDCAP_100,NIFTY_Midcap_100_Mar2021.pdf
2021-03-31,DLF.NS,NIFTY_100,NIFTY_100_Mar2021.pdf
2021-03-31,DMART.NS,NIFTY_100,NIFTY_100_Mar2021.pdf
2021-03-31,DRREDDY.NS,NIFTY_100,NIFTY_100_Mar2021.pdf
2021-03-31,EDELWEISS.NS,NIFTY_SMALLCAP_100,NIFTY_Smallcap_100_Mar2021.pdf
2021-03-31,EICHERMOT.NS,NIFTY_100,NIFTY_100_Mar2021.pdf
2021-03-31,EIDPARRY.NS,NIFTY_SMALLCAP_100,NIFTY_Smallcap_100_Mar2021.pdf
2021-03-31,EMAMILTD.NS,NIFTY_MIDCAP_100,NIFTY_Midcap_100_Mar2021.pdf
2021-03-31,ENDURANCE.NS,NIFTY_MIDCAP_100,NIFTY_Midcap_100_Mar2021.pdf
2021-03-31,ENGINERSIN.NS,NIFTY_SMALLCAP_100,NIFTY_Smallcap_100_Mar2021.pdf
2021-03-31,ESCORTS.NS,NIFTY_MIDCAP_100,NIFTY_Midcap_100_Mar2021.pdf
2021-03-31,EXIDEIND.NS,NIFTY_MIDCAP_100,NIFTY_Midcap_100_Mar2021.pdf
2021-03-31,FDC.NS,NIFTY_SMALLCAP_100,NIFTY_Smallcap_100_Mar2021.pdf
2021-03-31,FEDERALBNK.NS,NIFTY_MIDCAP_100,NIFTY_Midcap_100_Mar2021.pdf
2021-03-31,FINEORG.NS,NIFTY_SMALLCAP_100,NIFTY_Smallcap_100_Mar2021.pdf
2021-03-31,FORTIS.NS,NIFTY_MIDCAP_100,NIFTY_Midcap_100_Mar2021.pdf
2021-03-31,FRETAIL.NS,NIFTY_SMALLCAP_100,NIFTY_Smallcap_100_Mar2021.pdf
2021-03-31,FSL.NS,NIFTY_SMALLCAP_100,NIFTY_Smallcap_100_Mar2021.pdf
2021-03-31,GAIL.NS,NIFTY_100,NIFTY_100_Mar2021.pdf
2021-03-31,GLENMARK.NS,NIFTY_MIDCAP_100,NIFTY_Midcap_100_Mar2021.pdf
2021-03-31,GMMPFAUDLR.NS,NIFTY_SMALLCAP_100,NIFTY_Smallcap_100_Mar2021.pdf
2021-03-31,GMRINFRA.NS,NIFTY_MIDCAP_100,NIFTY_Midcap_100_Mar2021.pdf
2021-03-31,GNFC.NS,NIFTY_SMALLCAP_100,NIFTY_Smallcap_100_Mar2021.pdf
2021-03-31,GODFRYPHLP.NS,NIFTY_SMALLCAP_100,NIFTY_Smallcap_100_Mar2021.pdf
2021-03-31,GODREJAGRO.NS,NIFTY_MIDCAP_100,NIFTY_Midcap_100_Mar2021.pdf
2021-03-31,GODREJCP.NS,NIFTY_100,NIFTY_100_Mar2021.pdf
2021-03-31,GODREJIND.NS,NIFTY_MIDCAP_100,NIFTY_Midcap_100_Mar2021.pdf
2021-03-31,GODREJPROP.NS,NIFTY_MIDCAP_100,NIFTY_Midcap_100_Mar2021.pdf
2021-03-31,GRANULES.NS,NIFTY_SMALLCAP_100,NIFTY_Smallcap_100_Mar2021.pdf
2021-03-31,GRAPHITE.NS,NIFTY_SMALLCAP_100,NIFTY_Smallcap_100_Mar2021.pdf
2021-03-31,GRASIM.NS,NIFTY_100,NIFTY_100_Mar2021.pdf
2021-03-31,GSPL.NS,NIFTY_MIDCAP_100,NIFTY_Midcap_100_Mar2021.pdf
2021-03-31,GUJGASLTD.NS,NIFTY_MIDCAP_100,NIFTY_Midcap_100_Mar2021.pdf
2021-03-31,HAL.NS,NIFTY_MIDCAP_100,NIFTY_Midcap_100_Mar2021.pdf
2021-03-31,HAPPSTMNDS.NS,NIFTY_SMALLCAP_100,NIFTY_Smallcap_100_Mar2021.pdf
2021-03-31,HAVELLS.NS,NIFTY_100,NIFTY_100_Mar2021.pdf
2021-03-31,HCLTECH.NS,NIFTY_100,NIFTY_100_Mar2021.pdf
2021-03-31,HDFC.NS,NIFTY_100,NIFTY_100_Mar2021.pdf
2021-03-31,HDFCAMC.NS,NIFTY_100,NIFTY_100_Mar2021.pdf
2021-03-31,HDFCBANK.NS,NIFTY_100,NIFTY_100_Mar2021.pdf
2021-03-31,HDFCLIFE.NS,NIFTY_100,NIFTY_100_Mar2021.pdf
2021-03-31,HEG.NS,NIFTY_SMALLCAP_100,NIFTY_Smallcap_100_Mar2021.pdf
2021-03-31,HEIDELBERG.NS,NIFTY_SMALLCAP_100,NIFTY_Smallcap_100_Mar2021.pdf
2021-03-31,HEROMOTOCO.NS,NIFTY_100,NIFTY_100_Mar2021.pdf
2021-03-31,HINDALCO.NS,NIFTY_100,NIFTY_100_Mar2021.pdf
2021-03-31,HINDCOPPER.NS,NIFTY_SMALLCAP_100,NIFTY_Smallcap_100_Mar2021.pdf
2021-03-31,HINDPETRO.NS,NIFTY_100,NIFTY_100_Mar2021.pdf
2021-03-31,HINDUNILVR.NS,NIFTY_100,NIFTY_100_Mar2021.pdf
2021-03-31,HINDZINC.NS,NIFTY_MIDCAP_100,NIFTY_Midcap_100_Mar2021.pdf
2021-03-31,IBULHSGFIN.NS,NIFTY_MIDCAP_100,NIFTY_Midcap_100_Mar2021.pdf
2021-03-31,ICICIBANK.NS,NIFTY_100,NIFTY_100_Mar2021.pdf
2021-03-31,ICICIGI.NS,NIFTY_100,NIFTY_100_Mar2021.pdf
2021-03-31,ICICIPRULI.NS,NIFTY_100,NIFTY_100_Mar2021.pdf
2021-03-31,IDEA.NS,NIFTY_MIDCAP_100,NIFTY_Midcap_100_Mar2021.pdf
2021-03-31,IDFC.NS,NIFTY_SMALLCAP_100,NIFTY_Smallcap_100_Mar2021.pdf
2021-03-31,IDFCFIRSTB.NS,NIFTY_MIDCAP_100,NIFTY_Midcap_100_Mar2021.pdf
2021-03-31,IEX.NS,NIFTY_SMALLCAP_100,NIFTY_Smallcap_100_Mar2021.pdf
2021-03-31,IGL.NS,NIFTY_100,NIFTY_100_Mar2021.pdf
2021-03-31,INDHOTEL.NS,NIFTY_MIDCAP_100,NIFTY_Midcap_100_Mar2021.pdf
2021-03-31,INDIACEM.NS,NIFTY_SMALLCAP_100,NIFTY_Smallcap_100_Mar2021.pdf
2021-03-31,INDIAMART.NS,NIFTY_MIDCAP_100,NIFTY_Midcap_100_Mar2021.pdf
2021-03-31,INDIANB.NS,NIFTY_SMALLCAP_100,NIFTY_Smallcap_100_Mar2021.pdf
2021-03-31,INDIGO.NS,NIFTY_100,NIFTY_100_Mar2021.pdf
2021-03-31,INDUSINDBK.NS,NIFTY_100,NIFTY_100_Mar2021.pdf
2021-03-31,INDUSTOWER.NS,NIFTY_100,NIFTY_100_Mar2021.pdf
2021-03-31,INFY.NS,NIFTY_100,NIFTY_100_Mar2021.pdf
2021-03-31,IOC.NS,NIFTY_100,NIFTY_100_Mar2021.pdf
2021-03-31,IOLCP.NS,NIFTY_SMALLCAP_100,NIFTY_Smallcap_100_Mar2021.pdf
2021-03-31,IPCALAB.NS,NIFTY_MIDCAP_100,NIFTY_Midcap_100_Mar2021.pdf
2021-03-31,IRB.NS,NIFTY_SMALLCAP_100,NIFTY_Smallcap_100_Mar2021.pdf
2021-03-31,IRCON.NS,NIFTY_SMALLCAP_100,NIFTY_Smallcap_100_Mar2021.pdf
2021-03-31,IRCTC.NS,NIFTY_MIDCAP_100,NIFTY_Midcap_100_Mar2021.pdf
2021-03-31,ISEC.NS,NIFTY_MIDCAP_100,NIFTY_Midcap_100_Mar2021.pdf
2021-03-31,ITC.NS,NIFTY_100,NIFTY_100_Mar2021.pdf
2021-03-31,JBCHEPHARM.NS,NIFTY_SMALLCAP_100,NIFTY_Smallcap_100_Mar2021.pdf
2021-03-31,JINDALSTEL.NS,NIFTY_MIDCAP_100,NIFTY_Midcap_100_Mar2021.pdf
2021-03-31,JKLAKSHMI.NS,NIFTY_SMALLCAP_100,NIFTY_Smallcap_100_Mar2021.pdf
2021-03-31,JSWENERGY.NS,NIFTY_MIDCAP_100,NIFTY_Midcap_100_Mar2021.pdf
2021-03-31,JSWSTEEL.NS,NIFTY_100,NIFTY_100_Mar2021.pdf
2021-03-31,JUBLFOOD.NS,NIFTY_100,NIFTY_100_Mar2021.pdf
2021-03-31,JUSTDIAL.NS,NIFTY_SMALLCAP_100,NIFTY_Smallcap_100_Mar2021.pdf
2021-03-31,KAJARIACER.NS,NIFTY_SMALLCAP_100,NIFTY_Smallcap_100_Mar2021.pdf
2021-03-31,KALPATPOWR.NS,NIFTY_SMALLCAP_100,NIFTY_Smallcap_100_Mar2021.pdf
2021-03-31,KARURVYSYA.NS,NIFTY_SMALLCAP_100,NIFTY_Smallcap_100_Mar2021.pdf
2021-03-31,KEC.NS,NIFTY_SMALLCAP_100,NIFTY_Smallcap_100_Mar2021.pdf
2021-03-31,KEI.NS,NIFTY_SMALLCAP_100,NIFTY_Smallcap_100_Mar2021.pdf
2021-03-31,KOTAKBANK.NS,NIFTY_100,NIFTY_100_Mar2021.pdf
2021-03-31,KSCL.NS,NIFTY_SMALLCAP_100,NIFTY_Smallcap_100_Mar2021.pdf
2021-03-31,L&TFH.NS,NIFTY_MIDCAP_100,NIFTY_Midcap_100_Mar2021.pdf
2021-03-31,LALPATHLAB.NS,NIFTY_MIDCAP_100,NIFTY_Midcap_100_Mar2021.pdf
2021-03-31,LAURUSLABS.NS,NIFTY_MIDCAP_100,NIFTY_Midcap_100_Mar2021.pdf
2021-03-31,LICHSGFIN.NS,NIFTY_MIDCAP_100,NIFTY_Midcap_100_Mar2021.pdf
2021-03-31,LINDEINDIA.NS,NIFTY_SMALLCAP_100,NIFTY_Smallcap_100_Mar2021.pdf
2021-03-31,LT.NS,NIFTY_100,NIFTY_100_Mar2021.pdf
2021-03-31,LTI.NS,NIFTY_100,NIFTY_100_Mar2021.pdf
2021-03-31,LTTS.NS,NIFTY_MIDCAP_100,NIFTY_Midcap_100_Mar2021.pdf
2021-03-31,LUPIN.NS,NIFTY_100,NIFTY_100_Mar2021.pdf
2021-03-31,LUXIND.NS,NIFTY_SMALLCAP_100,NIFTY_Smallcap_100_Mar2021.pdf
2021-03-31,M&M.NS,NIFTY_100,NIFTY_100_Mar2021.pdf
2021-03-31,M&MFIN.NS,NIFTY_MIDCAP_100,NIFTY_Midcap_100_Mar2021.pdf
2021-03-31,MANAPPURAM.NS,NIFTY_MIDCAP_100,NIFTY_Midcap_100_Mar2021.pdf
2021-03-31,MARICO.NS,NIFTY_100,NIFTY_100_Mar2021.pdf
2021-03-31,MARUTI.NS,NIFTY_100,NIFTY_100_Mar2021.pdf
2021-03-31,MAZDOCK.NS,NIFTY_SMALLCAP_100,NIFTY_Smallcap_100_Mar2021.pdf
2021-03-31,MCDOWELL-N.NS,NIFTY_100,NIFTY_100_Mar2021.pdf
2021-03-31,MCX.NS,NIFTY_SMALLCAP_100,NIFTY_Smallcap_100_Mar2021.pdf
2021-03-31,MFSL.NS,NIFTY_MIDCAP_100,NIFTY_Midcap_100_Mar2021.pdf
2021-03-31,MGL.NS,NIFTY_MIDCAP_100,NIFTY_Midcap_100_Mar2021.pdf
2021-03-31,MIDHANI.NS,NIFTY_SMALLCAP_100,NIFTY_Smallcap_100_Mar2021.pdf
2021-03-31,MINDTREE.NS,NIFTY_MIDCAP_100,NIFTY_Midcap_100_Mar2021.pdf
2021-03-31,MOTHERSUMI.NS,NIFTY_100,NIFTY_100_Mar2021.pdf
2021-03-31,MPHASIS.NS,NIFTY_MIDCAP_100,NIFTY_Midcap_100_Mar2021.pdf
2021-03-31,MRF.NS,NIFTY_100,NIFTY_100_Mar2021.pdf
2021-03-31,MUTHOOTFIN.NS,NIFTY_100,NIFTY_100_Mar2021.pdf
2021-03-31,NAM-INDIA.NS,NIFTY_MIDCAP_100,NIFTY_Midcap_100_Mar2021.pdf
2021-03-31,NATCOPHARM.NS,NIFTY_MIDCAP_100,NIFTY_Midcap_100_Mar2021.pdf
2021-03-31,NATIONALUM.NS,NIFTY_SMALLCAP_100,NIFTY_Smallcap_100_Mar2021.pdf
2021-03-31,NAUKRI.NS,NIFTY_100,NIFTY_100_Mar2021.pdf
2021-03-31,NAVINFLUOR.NS,NIFTY_MIDCAP_100,NIFTY_Midcap_100_Mar2021.pdf
2021-03-31,NBCC.NS,NIFTY_SMALLCAP_100,NIFTY_Smallcap_100_Mar2021.pdf
2021-03-31,NESTLEIND.NS,NIFTY_100,NIFTY_100_Mar2021.pdf
2021-03-31,NMDC.NS,NIFTY_100,NIFTY_100_Mar2021.pdf
2021-03-31,NTPC.NS,NIFTY_100,NIFTY_100_Mar2021.pdf
2021-03-31,OBEROIRLTY.NS,NIFTY_MIDCAP_100,NIFTY_Midcap_100_Mar2021.pdf
2021-03-31,OIL.NS,NIFTY_MIDCAP_100,NIFTY_Midcap_100_Mar2021.pdf
2021-03-31,ONGC.NS,NIFTY_100,NIFTY_100_Mar2021.pdf
2021-03-31,PAGEIND.NS,NIFTY_MIDCAP_100,NIFTY_Midcap_100_Mar2021.pdf
2021-03-31,PEL.NS,NIFTY_100,NIFTY_100_Mar2021.pdf
2021-03-31,PETRONET.NS,NIFTY_100,NIFTY_100_Mar2021.pdf
2021-03-31,PFC.NS,NIFTY_MIDCAP_100,NIFTY_Midcap_100_Mar2021.pdf
2021-03-31,PFIZER.NS,NIFTY_MIDCAP_100,NIFTY_Midcap_100_Mar2021.pdf
2021-03-31,PGHH.NS,NIFTY_100,NIFTY_100_Mar2021.pdf
2021-03-31,PIDILITIND.NS,NIFTY_100,NIFTY_100_Mar2021.pdf
2021-03-31,PIIND.NS,NIFTY_MIDCAP_100,NIFTY_Midcap_100_Mar2021.pdf
2021-03-31,PNB.NS,NIFTY_100,NIFTY_100_Mar2021.pdf
2021-03-31,PNBHOUSING.NS,NIFTY_SMALLCAP_100,NIFTY_Smallcap_100_Mar2021.pdf
2021-03-31,POLYCAB.NS,NIFTY_MIDCAP_100,NIFTY_Midcap_100_Mar2021.pdf
2021-03-31,POWERGRID.NS,NIFTY_100,NIFTY_100_Mar2021.pdf
2021-03-31,PRESTIGE.NS,NIFTY_MIDCAP_100,NIFTY_Midcap_100_Mar2021.pdf
2021-03-31,PVR.NS,NIFTY_SMALLCAP_100,NIFTY_Smallcap_100_Mar2021.pdf
2021-03-31,QUESS.NS,NIFTY_SMALLCAP_100,NIFTY_Smallcap_100_Mar2021.pdf
2021-03-31,RADICO.NS,NIFTY_SMALLCAP_100,NIFTY_Smallcap_100_Mar2021.pdf
2021-03-31,RAIN.NS,NIFTY_SMALLCAP_100,NIFTY_Smallcap_100_Mar2021.pdf
2021-03-31,RALLIS.NS,NIFTY_SMALLCAP_100,NIFTY_Smallcap_100_Mar2021.pdf
2021-03-31,RAMCOCEM.NS,NIFTY_MIDCAP_100,NIFTY_Midcap_100_Mar2021.pdf
2021-03-31,RBLBANK.NS,NIFTY_MIDCAP_100,NIFTY_Midcap_100_Mar2021.pdf
2021-03-31,RECLTD.NS,NIFTY_MIDCAP_100,NIFTY_Midcap_100_Mar2021.pdf
2021-03-31,RELIANCE.NS,NIFTY_100,NIFTY_100_Mar2021.pdf
2021-03-31,RITES.NS,NIFTY_SMALLCAP_100,NIFTY_Smallcap_100_Mar2021.pdf
2021-03-31,ROSSARI.NS,NIFTY_SMALLCAP_100,NIFTY_Smallcap_100_Mar2021.pdf
2021-03-31,ROUTE.NS,NIFTY_SMALLCAP_100,NIFTY_Smallcap_100_Mar2021.pdf
2021-03-31,RVNL.NS,NIFTY_SMALLCAP_100,NIFTY_Smallcap_100_Mar2021.pdf
2021-03-31,SAIL.NS,NIFTY_MIDCAP_100,NIFTY_Midcap_100_Mar2021.pdf
2021-03-31,SANOFI.NS,NIFTY_MIDCAP_100,NIFTY_Midcap_100_Mar2021.pdf
2021-03-31,SBICARD.NS,NIFTY_100,NIFTY_100_Mar2021.pdf
2021-03-31,SBILIFE.NS,NIFTY_100,NIFTY_100_Mar2021.pdf
2021-03-31,SBIN.NS,NIFTY_100,NIFTY_100_Mar2021.pdf
2021-03-31,SEQUENT.NS,NIFTY_SMALLCAP_100,NIFTY_Smallcap_100_Mar2021.pdf
2021-03-31,SHILPAMED.NS,NIFTY_SMALLCAP_100,NIFTY_Smallcap_100_Mar2021.pdf
2021-03-31,SHREECEM.NS,NIFTY_100,NIFTY_100_Mar2021.pdf
2021-03-31,SIEMENS.NS,NIFTY_100,NIFTY_100_Mar2021.pdf
2021-03-31,SONATSOFTW.NS,NIFTY_SMALLCAP_100,NIFTY_Smallcap_100_Mar2021.pdf
2021-03-31,SPARC.NS,NIFTY_SMALLCAP_100,NIFTY_Smallcap_100_Mar2021.pdf
2021-03-31,SPICEJET.NS,NIFTY_SMALLCAP_100,NIFTY_Smallcap_100_Mar2021.pdf
2021-03-31,SRF.NS,NIFTY_MIDCAP_100,NIFTY_Midcap_100_Mar2021.pdf
2021-03-31,SRTRANSFIN.NS,NIFTY_MIDCAP_100,NIFTY_Midcap_100_Mar2021.pdf
2021-03-31,STAR.NS,NIFTY_SMALLCAP_100,NIFTY_Smallcap_100_Mar2021.pdf
2021-03-31,STLTECH.NS,NIFTY_SMALLCAP_100,NIFTY_Smallcap_100_Mar2021.pdf
2021-03-31,SUNPHARMA.NS,NIFTY_100,NIFTY_100_Mar2021.pdf
2021-03-31,SUNTECK.NS,NIFTY_SMALLCAP_100,NIFTY_Smallcap_100_Mar2021.pdf
2021-03-31,SUNTV.NS,NIFTY_MIDCAP_100,NIFTY_Midcap_100_Mar2021.pdf
2021-03-31,SWSOLAR.NS,NIFTY_SMALLCAP_100,NIFTY_Smallcap_100_Mar2021.pdf
2021-03-31,SYNGENE.NS,NIFTY_MIDCAP_100,NIFTY_Midcap_100_Mar2021.pdf
2021-03-31,TANLA.NS,NIFTY_SMALLCAP_100,NIFTY_Smallcap_100_Mar2021.pdf
2021-03-31,TATACHEM.NS,NIFTY_MIDCAP_100,NIFTY_Midcap_100_Mar2021.pdf
2021-03-31,TATACONSUM.NS,NIFTY_100,NIFTY_100_Mar2021.pdf
2021-03-31,TATAELXSI.NS,NIFTY_MIDCAP_100,NIFTY_Midcap_100_Mar2021.pdf
2021-03-31,TATAMOTORS.NS,NIFTY_100,NIFTY_100_Mar2021.pdf
2021-03-31,TATAPOWER.NS,NIFTY_MIDCAP_100,NIFTY_Midcap_100_Mar2021.pdf
2021-03-31,TATASTEEL.NS,NIFTY_100,NIFTY_100_Mar2021.pdf
2021-03-31,TCS.NS,NIFTY_100,NIFTY_100_Mar2021.pdf
2021-03-31,TECHM.NS,NIFTY_100,NIFTY_100_Mar2021.pdf
2021-03-31,THYROCARE.NS,NIFTY_SMALLCAP_100,NIFTY_Smallcap_100_Mar2021.pdf
2021-03-31,TITAN.NS,NIFTY_100,NIFTY_100_Mar2021.pdf
2021-03-31,TORNTPHARM.NS,NIFTY_100,NIFTY_100_Mar2021.pdf
2021-03-31,TORNTPOWER.NS,NIFTY_MIDCAP_100,NIFTY_Midcap_100_Mar2021.pdf
2021-03-31,TRENT.NS,NIFTY_MIDCAP_100,NIFTY_Midcap_100_Mar2021.pdf
2021-03-31,TRIDENT.NS,NIFTY_SMALLCAP_100,NIFTY_Smallcap_100_Mar2021.pdf
2021-03-31,TV18BRDCST.NS,NIFTY_SMALLCAP_100,NIFTY_Smallcap_100_Mar2021.pdf
2021-03-31,TVSMOTOR.NS,NIFTY_MIDCAP_100,NIFTY_Midcap_100_Mar2021.pdf
2021-03-31,UBL.NS,NIFTY_100,NIFTY_100_Mar2021.pdf
2021-03-31,UJJIVANSFB.NS,NIFTY_SMALLCAP_100,NIFTY_Smallcap_100_Mar2021.pdf
2021-03-31,ULTRACEMCO.NS,NIFTY_100,NIFTY_100_Mar2021.pdf
2021-03-31,UNIONBANK.NS,NIFTY_MIDCAP_100,NIFTY_Midcap_100_Mar2021.pdf
2021-03-31,UPL.NS,NIFTY_100,NIFTY_100_Mar2021.pdf
2021-03-31,UTIAMC.NS,NIFTY_SMALLCAP_100,NIFTY_Smallcap_100_Mar2021.pdf
2021-03-31,VAKRANGEE.NS,NIFTY_SMALLCAP_100,NIFTY_Smallcap_100_Mar2021.pdf
2021-03-31,VBL.NS,NIFTY_MIDCAP_100,NIFTY_Midcap_100_Mar2021.pdf
2021-03-31,VEDL.NS,NIFTY_100,NIFTY_100_Mar2021.pdf
2021-03-31,VGUARD.NS,NIFTY_MIDCAP_100,NIFTY_Midcap_100_Mar2021.pdf
2021-03-31,VIPIND.NS,NIFTY_SMALLCAP_100,NIFTY_Smallcap_100_Mar2021.pdf
2021-03-31,VOLTAS.NS,NIFTY_MIDCAP_100,NIFTY_Midcap_100_Mar2021.pdf
2021-03-31,WELSPUNIND.NS,NIFTY_SMALLCAP_100,NIFTY_Smallcap_100_Mar2021.pdf
2021-03-31,WESTLIFE.NS,NIFTY_SMALLCAP_100,NIFTY_Smallcap_100_Mar2021.pdf
2021-03-31,WHIRLPOOL.NS,NIFTY_MIDCAP_100,NIFTY_Midcap_100_Mar2021.pdf
2021-03-31,WIPRO.NS,NIFTY_100,NIFTY_100_Mar2021.pdf
2021-03-31,WOCKPHARMA.NS,NIFTY_SMALLCAP_100,NIFTY_Smallcap_100_Mar2021.pdf
2021-03-31,YESBANK.NS,NIFTY_100,NIFTY_100_Mar2021.pdf
2021-03-31,ZEEL.NS,NIFTY_MIDCAP_100,NIFTY_Midcap_100_Mar2021.pdf
2021-04-30,AARTIDRUGS.NS,NIFTY_SMALLCAP_100,NIFTY_Smallcap_100_Apr2021.pdf
2021-04-30,AARTIIND.NS,NIFTY_MIDCAP_100,NIFTY_Midcap_100_Apr2021.pdf
2021-04-30,ABBOTINDIA.NS,NIFTY_100,NIFTY_100_Apr2021.pdf
2021-04-30,ABCAPITAL.NS,NIFTY_MIDCAP_100,NIFTY_Midcap_100_Apr2021.pdf
2021-04-30,ABFRL.NS,NIFTY_MIDCAP_100,NIFTY_Midcap_100_Apr2021.pdf
2021-04-30,ACC.NS,NIFTY_100,NIFTY_100_Apr2021.pdf
2021-04-30,ADANIENT.NS,NIFTY_100,NIFTY_100_Apr2021.pdf
2021-04-30,ADANIGREEN.NS,NIFTY_100,NIFTY_100_Apr2021.pdf
2021-04-30,ADANIPORTS.NS,NIFTY_100,NIFTY_100_Apr2021.pdf
2021-04-30,ADANITRANS.NS,NIFTY_100,NIFTY_100_Apr2021.pdf
2021-04-30,AEGISCHEM.NS,NIFTY_SMALLCAP_100,NIFTY_Smallcap_100_Apr2021.pdf
2021-04-30,AFFLE.NS,NIFTY_SMALLCAP_100,NIFTY_Smallcap_100_Apr2021.pdf
2021-04-30,AJANTPHARM.NS,NIFTY_MIDCAP_100,NIFTY_Midcap_100_Apr2021.pdf
2021-04-30,ALKEM.NS,NIFTY_100,NIFTY_100_Apr2021.pdf
2021-04-30,ALKYLAMINE.NS,NIFTY_SMALLCAP_100,NIFTY_Smallcap_100_Apr2021.pdf
2021-04-30,ALOKINDS.NS,NIFTY_SMALLCAP_100,NIFTY_Smallcap_100_Apr2021.pdf
2021-04-30,AMARAJABAT.NS,NIFTY_MIDCAP_100,NIFTY_Midcap_100_Apr2021.pdf
2021-04-30,AMBER.NS,NIFTY_SMALLCAP_100,NIFTY_Smallcap_100_Apr2021.pdf
2021-04-30,AMBUJACEM.NS,NIFTY_100,NIFTY_100_Apr2021.pdf
2021-04-30,APLAPOLLO.NS,NIFTY_SMALLCAP_100,NIFTY_Smallcap_100_Apr2021.pdf
2021-04-30,APLLTD.NS,NIFTY_MIDCAP_100,NIFTY_Midcap_100_Apr2021.pdf
2021-04-30,APOLLOHOSP.NS,NIFTY_100,NIFTY_100_Apr2021.pdf
2021-04-30,APOLLOTYRE.NS,NIFTY_MIDCAP_100,NIFTY_Midcap_100_Apr2021.pdf
2021-04-30,ASHOKLEY.NS,NIFTY_MIDCAP_100,NIFTY_Midcap_100_Apr2021.pdf
2021-04-30,ASIANPAINT.NS,NIFTY_100,NIFTY_100_Apr2021.pdf
2021-04-30,ATGL.NS,NIFTY_MIDCAP_100,NIFTY_Midcap_100_Apr2021.pdf
2021-04-30,AUBANK.NS,NIFTY_MIDCAP_100,NIFTY_Midcap_100_Apr2021.pdf
2021-04-30,AUROPHARMA.NS,NIFTY_100,NIFTY_100_Apr2021.pdf
2021-04-30,AVANTIFEED.NS,NIFTY_SMALLCAP_100,NIFTY_Smallcap_100_Apr2021.pdf
2021-04-30,AXISBANK.NS,NIFTY_100,NIFTY_100_Apr2021.pdf
2021-04-30,BAJAJ-AUTO.NS,NIFTY_100,NIFTY_100_Apr2021.pdf
2021-04-30,BAJAJELEC.NS,NIFTY_SMALLCAP_100,NIFTY_Smallcap_100_Apr2021.pdf
2021-04-30,BAJAJFINSV.NS,NIFTY_100,NIFTY_100_Apr2021.pdf
2021-04-30,BAJAJHLDNG.NS,NIFTY_100,NIFTY_100_Apr2021.pdf
2021-04-30,BAJFINANCE.NS,NIFTY_100,NIFTY_100_Apr2021.pdf
2021-04-30,BALKRISIND.NS,NIFTY_MIDCAP_100,NIFTY_Midcap_100_Apr2021.pdf
2021-04-30,BALRAMCHIN.NS,NIFTY_SMALLCAP_100,NIFTY_Smallcap_100_Apr2021.pdf
2021-04-30,BANDHANBNK.NS,NIFTY_100,NIFTY_100_Apr2021.pdf
2021-04-30,BANKBARODA.NS,NIFTY_MIDCAP_100,NIFTY_Midcap_100_Apr2021.pdf
2021-04-30,BANKINDIA.NS,NIFTY_MIDCAP_100,NIFTY_Midcap_100_Apr2021.pdf
2021-04-30,BASF.NS,NIFTY_SMALLCAP_100,NIFTY_Smallcap_100_Apr2021.pdf
2021-04-30,BATAINDIA.NS,NIFTY_MIDCAP_100,NIFTY_Midcap_100_Apr2021.pdf
2021-04-30,BBTC.NS,NIFTY_MIDCAP_100,NIFTY_Midcap_100_Apr2021.pdf
2021-04-30,BDL.NS,NIFTY_SMALLCAP_100,NIFTY_Smallcap_100_Apr2021.pdf
2021-04-30,BEL.NS,NIFTY_MIDCAP_100,NIFTY_Midcap_100_Apr2021.pdf
2021-04-30,BEML.NS,NIFTY_SMALLCAP_100,NIFTY_Smallcap_100_Apr2021.pdf
2021-04-30,BERGEPAINT.NS,NIFTY_100,NIFTY_100_Apr2021.pdf
2021-04-30,BHARATFORG.NS,NIFTY_MIDCAP_100,NIFTY_Midcap_100_Apr2021.pdf
2021-04-30,BHARTIARTL.NS,NIFTY_100,NIFTY_100_Apr2021.pdf
2021-04-30,BHEL.NS,NIFTY_MIDCAP_100,NIFTY_Midcap_100_Apr2021.pdf
2021-04-30,BIOCON.NS,NIFTY_100,NIFTY_100_Apr2021.pdf
2021-04-30,BIRLACORPN.NS,NIFTY_SMALLCAP_100,NIFTY_Smallcap_100_Apr2021.pdf
2021-04-30,BLUEDART.NS,NIFTY_SMALLCAP_100,NIFTY_Smallcap_100_Apr2021.pdf
2021-04-30,BLUESTARCO.NS,NIFTY_SMALLCAP_100,NIFTY_Smallcap_100_Apr2021.pdf
2021-04-30,BOSCHLTD.NS,NIFTY_100,NIFTY_100_Apr2021.pdf
2021-04-30,BPCL.NS,NIFTY_100,NIFTY_100_Apr2021.pdf
2021-04-30,BRITANNIA.NS,NIFTY_100,NIFTY_100_Apr2021.pdf
2021-04-30,BSOFT.NS,NIFTY_SMALLCAP_100,NIFTY_Smallcap_100_Apr2021.pdf
2021-04-30,CADILAHC.NS,NIFTY_100,NIFTY_100_Apr2021.pdf
2021-04-30,CAMS.NS,NIFTY_SMALLCAP_100,NIFTY_Smallcap_100_Apr2021.pdf
2021-04-30,CANBK.NS,NIFTY_MIDCAP_100,NIFTY_Midcap_100_Apr2021.pdf
2021-04-30,CANFINHOME.NS,NIFTY_SMALLCAP_100,NIFTY_Smallcap_100_Apr2021.pdf
2021-04-30,CAPLIPOINT.NS,NIFTY_SMALLCAP_100,NIFTY_Smallcap_100_Apr2021.pdf
2021-04-30,CARBORUNIV.NS,NIFTY_SMALLCAP_100,NIFTY_Smallcap_100_Apr2021.pdf
2021-04-30,CASTROLIND.NS,NIFTY_MIDCAP_100,NIFTY_Midcap_100_Apr2021.pdf
2021-04-30,CDSL.NS,NIFTY_SMALLCAP_100,NIFTY_Smallcap_100_Apr2021.pdf
2021-04-30,CEATLTD.NS,NIFTY_SMALLCAP_100,NIFTY_Smallcap_100_Apr2021.pdf
2021-04-30,CENTURYPLY.NS,NIFTY_SMALLCAP_100,NIFTY_Smallcap_100_Apr2021.pdf
2021-04-30,CENTURYTEX.NS,NIFTY_SMALLCAP_100,NIFTY_Smallcap_100_Apr2021.pdf
2021-04-30,CESC.NS,NIFTY_MIDCAP_100,NIFTY_Midcap_100_Apr2021.pdf
2021-04-30,CHAMBLFERT.NS,NIFTY_SMALLCAP_100,NIFTY_Smallcap_100_Apr2021.pdf
2021-04-30,CHOLAFIN.NS,NIFTY_MIDCAP_100,NIFTY_Midcap_100_Apr2021.pdf
2021-04-30,CIPLA.NS,NIFTY_100,NIFTY_100_Apr2021.pdf
2021-04-30,COALINDIA.NS,NIFTY_100,NIFTY_100_Apr2021.pdf
2021-04-30,COCHINSHIP.NS,NIFTY_SMALLCAP_100,NIFTY_Smallcap_100_Apr2021.pdf
2021-04-30,COFORGE.NS,NIFTY_MIDCAP_100,NIFTY_Midcap_100_Apr2021.pdf
2021-04-30,COLPAL.NS,NIFTY_100,NIFTY_100_Apr2021.pdf
2021-04-30,CONCOR.NS,NIFTY_MIDCAP_100,NIFTY_Midcap_100_Apr2021.pdf
2021-04-30,COROMANDEL.NS,NIFTY_MIDCAP_100,NIFTY_Midcap_100_Apr2021.pdf
2021-04-30,CROMPTON.NS,NIFTY_MIDCAP_100,NIFTY_Midcap_100_Apr2021.pdf
2021-04-30,CSBBANK.NS,NIFTY_SMALLCAP_100,NIFTY_Smallcap_100_Apr2021.pdf
2021-04-30,CUB.NS,NIFTY_MIDCAP_100,NIFTY_Midcap_100_Apr2021.pdf
2021-04-30,CUMMINSIND.NS,NIFTY_MIDCAP_100,NIFTY_Midcap_100_Apr2021.pdf
2021-04-30,CYIENT.NS,NIFTY_SMALLCAP_100,NIFTY_Smallcap_100_Apr2021.pdf
2021-04-30,DABUR.NS,NIFTY_100,NIFTY_100_Apr2021.pdf
2021-04-30,DALBHARAT.NS,NIFTY_MIDCAP_100,NIFTY_Midcap_100_Apr2021.pdf
2021-04-30,DBL.NS,NIFTY_SMALLCAP_100,NIFTY_Smallcap_100_Apr2021.pdf
2021-04-30,DEEPAKNTR.NS,NIFTY_MIDCAP_100,NIFTY_Midcap_100_Apr2021.pdf
2021-04-30,DELTACORP.NS,NIFTY_SMALLCAP_100,NIFTY_Smallcap_100_Apr2021.pdf
2021-04-30,DHANI.NS,NIFTY_MIDCAP_100,NIFTY_Midcap_100_Apr2021.pdf
2021-04-30,DIVISLAB.NS,NIFTY_100,NIFTY_100_Apr2021.pdf
2021-04-30,DIXON.NS,NIFTY_MIDCAP_100,NIFTY_Midcap_100_Apr2021.pdf
2021-04-30,DLF.NS,NIFTY_100,NIFTY_100_Apr2021.pdf
2021-04-30,DMART.NS,NIFTY_100,NIFTY_100_Apr2021.pdf
2021-04-30,DRREDDY.NS,NIFTY_100,NIFTY_100_Apr2021.pdf
2021-04-30,EDELWEISS.NS,NIFTY_SMALLCAP_100,NIFTY_Smallcap_100_Apr2021.pdf
2021-04-30,EICHERMOT.NS,NIFTY_100,NIFTY_100_Apr2021.pdf
2021-04-30,EIDPARRY.NS,NIFTY_SMALLCAP_100,NIFTY_Smallcap_100_Apr2021.pdf
2021-04-30,EMAMILTD.NS,NIFTY_MIDCAP_100,NIFTY_Midcap_100_Apr2021.pdf
2021-04-30,ENDURANCE.NS,NIFTY_MIDCAP_100,NIFTY_Midcap_100_Apr2021.pdf
2021-04-30,ENGINERSIN.NS,NIFTY_SMALLCAP_100,NIFTY_Smallcap_100_Apr2021.pdf
2021-04-30,ESCORTS.NS,NIFTY_MIDCAP_100,NIFTY_Midcap_100_Apr2021.pdf
2021-04-30,EXIDEIND.NS,NIFTY_MIDCAP_100,NIFTY_Midcap_100_Apr2021.pdf
2021-04-30,FDC.NS,NIFTY_SMALLCAP_100,NIFTY_Smallcap_100_Apr2021.pdf
2021-04-30,FEDERALBNK.NS,NIFTY_MIDCAP_100,NIFTY_Midcap_100_Apr2021.pdf
2021-04-30,FINEORG.NS,NIFTY_SMALLCAP_100,NIFTY_Smallcap_100_Apr2021.pdf
2021-04-30,FORTIS.NS,NIFTY_MIDCAP_100,NIFTY_Midcap_100_Apr2021.pdf
2021-04-30,FRETAIL.NS,NIFTY_SMALLCAP_100,NIFTY_Smallcap_100_Apr2021.pdf
2021-04-30,FSL.NS,NIFTY_SMALLCAP_100,NIFTY_Smallcap_100_Apr2021.pdf
2021-04-30,GAIL.NS,NIFTY_100,NIFTY_100_Apr2021.pdf
2021-04-30,GLENMARK.NS,NIFTY_MIDCAP_100,NIFTY_Midcap_100_Apr2021.pdf
2021-04-30,GMMPFAUDLR.NS,NIFTY_SMALLCAP_100,NIFTY_Smallcap_100_Apr2021.pdf
2021-04-30,GMRINFRA.NS,NIFTY_MIDCAP_100,NIFTY_Midcap_100_Apr2021.pdf
2021-04-30,GNFC.NS,NIFTY_SMALLCAP_100,NIFTY_Smallcap_100_Apr2021.pdf
2021-04-30,GODFRYPHLP.NS,NIFTY_SMALLCAP_100,NIFTY_Smallcap_100_Apr2021.pdf
2021-04-30,GODREJAGRO.NS,NIFTY_MIDCAP_100,NIFTY_Midcap_100_Apr2021.pdf
2021-04-30,GODREJCP.NS,NIFTY_100,NIFTY_100_Apr2021.pdf
2021-04-30,GODREJIND.NS,NIFTY_MIDCAP_100,NIFTY_Midcap_100_Apr2021.pdf
2021-04-30,GODREJPROP.NS,NIFTY_MIDCAP_100,NIFTY_Midcap_100_Apr2021.pdf
2021-04-30,GRANULES.NS,NIFTY_SMALLCAP_100,NIFTY_Smallcap_100_Apr2021.pdf
2021-04-30,GRAPHITE.NS,NIFTY_SMALLCAP_100,NIFTY_Smallcap_100_Apr2021.pdf
2021-04-30,GRASIM.NS,NIFTY_100,NIFTY_100_Apr2021.pdf
2021-04-30,GSPL.NS,NIFTY_MIDCAP_100,NIFTY_Midcap_100_Apr2021.pdf
2021-04-30,GUJGASLTD.NS,NIFTY_MIDCAP_100,NIFTY_Midcap_100_Apr2021.pdf
2021-04-30,HAL.NS,NIFTY_MIDCAP_100,NIFTY_Midcap_100_Apr2021.pdf
2021-04-30,HAPPSTMNDS.NS,NIFTY_SMALLCAP_100,NIFTY_Smallcap_100_Apr2021.pdf
2021-04-30,HAVELLS.NS,NIFTY_100,NIFTY_100_Apr2021.pdf
2021-04-30,HCLTECH.NS,NIFTY_100,NIFTY_100_Apr2021.pdf
2021-04-30,HDFC.NS,NIFTY_100,NIFTY_100_Apr2021.pdf
2021-04-30,HDFCAMC.NS,NIFTY_100,NIFTY_100_Apr2021.pdf
2021-04-30,HDFCBANK.NS,NIFTY_100,NIFTY_100_Apr2021.pdf
2021-04-30,HDFCLIFE.NS,NIFTY_100,NIFTY_100_Apr2021.pdf
2021-04-30,HEG.NS,NIFTY_SMALLCAP_100,NIFTY_Smallcap_100_Apr2021.pdf
2021-04-30,HEIDELBERG.NS,NIFTY_SMALLCAP_100,NIFTY_Smallcap_100_Apr2021.pdf
2021-04-30,HEROMOTOCO.NS,NIFTY_100,NIFTY_100_Apr2021.pdf
2021-04-30,HINDALCO.NS,NIFTY_100,NIFTY_100_Apr2021.pdf
2021-04-30,HINDCOPPER.NS,NIFTY_SMALLCAP_100,NIFTY_Smallcap_100_Apr2021.pdf
2021-04-30,HINDPETRO.NS,NIFTY_100,NIFTY_100_Apr2021.pdf
2021-04-30,HINDUNILVR.NS,NIFTY_100,NIFTY_100_Apr2021.pdf
2021-04-30,HINDZINC.NS,NIFTY_MIDCAP_100,NIFTY_Midcap_100_Apr2021.pdf
2021-04-30,IBULHSGFIN.NS,NIFTY_MIDCAP_100,NIFTY_Midcap_100_Apr2021.pdf
2021-04-30,ICICIBANK.NS,NIFTY_100,NIFTY_100_Apr2021.pdf
2021-04-30,ICICIGI.NS,NIFTY_100,NIFTY_100_Apr2021.pdf
2021-04-30,ICICIPRULI.NS,NIFTY_100,NIFTY_100_Apr2021.pdf
2021-04-30,IDEA.NS,NIFTY_MIDCAP_100,NIFTY_Midcap_100_Apr2021.pdf
2021-04-30,IDFC.NS,NIFTY_SMALLCAP_100,NIFTY_Smallcap_100_Apr2021.pdf
2021-04-30,IDFCFIRSTB.NS,NIFTY_MIDCAP_100,NIFTY_Midcap_100_Apr2021.pdf
2021-04-30,IEX.NS,NIFTY_SMALLCAP_100,NIFTY_Smallcap_100_Apr2021.pdf
2021-04-30,IGL.NS,NIFTY_100,NIFTY_100_Apr2021.pdf
2021-04-30,INDHOTEL.NS,NIFTY_MIDCAP_100,NIFTY_Midcap_100_Apr2021.pdf
2021-04-30,INDIACEM.NS,NIFTY_SMALLCAP_100,NIFTY_Smallcap_100_Apr2021.pdf
2021-04-30,INDIAMART.NS,NIFTY_MIDCAP_100,NIFTY_Midcap_100_Apr2021.pdf
2021-04-30,INDIANB.NS,NIFTY_SMALLCAP_100,NIFTY_Smallcap_100_Apr2021.pdf
2021-04-30,INDIGO.NS,NIFTY_100,NIFTY_100_Apr2021.pdf
2021-04-30,INDUSINDBK.NS,NIFTY_100,NIFTY_100_Apr2021.pdf
2021-04-30,INDUSTOWER.NS,NIFTY_100,NIFTY_100_Apr2021.pdf
2021-04-30,INFY.NS,NIFTY_100,NIFTY_100_Apr2021.pdf
2021-04-30,IOC.NS,NIFTY_100,NIFTY_100_Apr2021.pdf
2021-04-30,IOLCP.NS,NIFTY_SMALLCAP_100,NIFTY_Smallcap_100_Apr2021.pdf
2021-04-30,IPCALAB.NS,NIFTY_MIDCAP_100,NIFTY_Midcap_100_Apr2021.pdf
2021-04-30,IRB.NS,NIFTY_SMALLCAP_100,NIFTY_Smallcap_100_Apr2021.pdf
2021-04-30,IRCON.NS,NIFTY_SMALLCAP_100,NIFTY_Smallcap_100_Apr2021.pdf
2021-04-30,IRCTC.NS,NIFTY_MIDCAP_100,NIFTY_Midcap_100_Apr2021.pdf
2021-04-30,ISEC.NS,NIFTY_MIDCAP_100,NIFTY_Midcap_100_Apr2021.pdf
2021-04-30,ITC.NS,NIFTY_100,NIFTY_100_Apr2021.pdf
2021-04-30,JBCHEPHARM.NS,NIFTY_SMALLCAP_100,NIFTY_Smallcap_100_Apr2021.pdf
2021-04-30,JINDALSTEL.NS,NIFTY_MIDCAP_100,NIFTY_Midcap_100_Apr2021.pdf
2021-04-30,JKLAKSHMI.NS,NIFTY_SMALLCAP_100,NIFTY_Smallcap_100_Apr2021.pdf
2021-04-30,JSWENERGY.NS,NIFTY_MIDCAP_100,NIFTY_Midcap_100_Apr2021.pdf
2021-04-30,JSWSTEEL.NS,NIFTY_100,NIFTY_100_Apr2021.pdf
2021-04-30,JUBLFOOD.NS,NIFTY_100,NIFTY_100_Apr2021.pdf
2021-04-30,JUSTDIAL.NS,NIFTY_SMALLCAP_100,NIFTY_Smallcap_100_Apr2021.pdf
2021-04-30,KAJARIACER.NS,NIFTY_SMALLCAP_100,NIFTY_Smallcap_100_Apr2021.pdf
2021-04-30,KALPATPOWR.NS,NIFTY_SMALLCAP_100,NIFTY_Smallcap_100_Apr2021.pdf
2021-04-30,KARURVYSYA.NS,NIFTY_SMALLCAP_100,NIFTY_Smallcap_100_Apr2021.pdf
2021-04-30,KEC.NS,NIFTY_SMALLCAP_100,NIFTY_Smallcap_100_Apr2021.pdf
2021-04-30,KEI.NS,NIFTY_SMALLCAP_100,NIFTY_Smallcap_100_Apr2021.pdf
2021-04-30,KOTAKBANK.NS,NIFTY_100,NIFTY_100_Apr2021.pdf
2021-04-30,KSCL.NS,NIFTY_SMALLCAP_100,NIFTY_Smallcap_100_Apr2021.pdf
2021-04-30,L&TFH.NS,NIFTY_MIDCAP_100,NIFTY_Midcap_100_Apr2021.pdf
2021-04-30,LALPATHLAB.NS,NIFTY_MIDCAP_100,NIFTY_Midcap_100_Apr2021.pdf
2021-04-30,LAURUSLABS.NS,NIFTY_MIDCAP_100,NIFTY_Midcap_100_Apr2021.pdf
2021-04-30,LICHSGFIN.NS,NIFTY_MIDCAP_100,NIFTY_Midcap_100_Apr2021.pdf
2021-04-30,LINDEINDIA.NS,NIFTY_SMALLCAP_100,NIFTY_Smallcap_100_Apr2021.pdf
2021-04-30,LT.NS,NIFTY_100,NIFTY_100_Apr2021.pdf
2021-04-30,LTI.NS,NIFTY_100,NIFTY_100_Apr2021.pdf
2021-04-30,LTTS.NS,NIFTY_MIDCAP_100,NIFTY_Midcap_100_Apr2021.pdf
2021-04-30,LUPIN.NS,NIFTY_100,NIFTY_100_Apr2021.pdf
2021-04-30,LUXIND.NS,NIFTY_SMALLCAP_100,NIFTY_Smallcap_100_Apr2021.pdf
2021-04-30,M&M.NS,NIFTY_100,NIFTY_100_Apr2021.pdf
2021-04-30,M&MFIN.NS,NIFTY_MIDCAP_100,NIFTY_Midcap_100_Apr2021.pdf
2021-04-30,MANAPPURAM.NS,NIFTY_MIDCAP_100,NIFTY_Midcap_100_Apr2021.pdf
2021-04-30,MARICO.NS,NIFTY_100,NIFTY_100_Apr2021.pdf
2021-04-30,MARUTI.NS,NIFTY_100,NIFTY_100_Apr2021.pdf
2021-04-30,MAZDOCK.NS,NIFTY_SMALLCAP_100,NIFTY_Smallcap_100_Apr2021.pdf
2021-04-30,MCDOWELL-N.NS,NIFTY_100,NIFTY_100_Apr2021.pdf
2021-04-30,MCX.NS,NIFTY_SMALLCAP_100,NIFTY_Smallcap_100_Apr2021.pdf
2021-04-30,MFSL.NS,NIFTY_MIDCAP_100,NIFTY_Midcap_100_Apr2021.pdf
2021-04-30,MGL.NS,NIFTY_MIDCAP_100,NIFTY_Midcap_100_Apr2021.pdf
2021-04-30,MIDHANI.NS,NIFTY_SMALLCAP_100,NIFTY_Smallcap_100_Apr2021.pdf
2021-04-30,MINDTREE.NS,NIFTY_MIDCAP_100,NIFTY_Midcap_100_Apr2021.pdf
2021-04-30,MOTHERSUMI.NS,NIFTY_100,NIFTY_100_Apr2021.pdf
2021-04-30,MPHASIS.NS,NIFTY_MIDCAP_100,NIFTY_Midcap_100_Apr2021.pdf
2021-04-30,MRF.NS,NIFTY_100,NIFTY_100_Apr2021.pdf
2021-04-30,MUTHOOTFIN.NS,NIFTY_100,NIFTY_100_Apr2021.pdf
2021-04-30,NAM-INDIA.NS,NIFTY_MIDCAP_100,NIFTY_Midcap_100_Apr2021.pdf
2021-04-30,NATCOPHARM.NS,NIFTY_MIDCAP_100,NIFTY_Midcap_100_Apr2021.pdf
2021-04-30,NATIONALUM.NS,NIFTY_SMALLCAP_100,NIFTY_Smallcap_100_Apr2021.pdf
2021-04-30,NAUKRI.NS,NIFTY_100,NIFTY_100_Apr2021.pdf
2021-04-30,NAVINFLUOR.NS,NIFTY_MIDCAP_100,NIFTY_Midcap_100_Apr2021.pdf
2021-04-30,NBCC.NS,NIFTY_SMALLCAP_100,NIFTY_Smallcap_100_Apr2021.pdf
2021-04-30,NESTLEIND.NS,NIFTY_100,NIFTY_100_Apr2021.pdf
2021-04-30,NMDC.NS,NIFTY_100,NIFTY_100_Apr2021.pdf
2021-04-30,NTPC.NS,NIFTY_100,NIFTY_100_Apr2021.pdf
2021-04-30,OBEROIRLTY.NS,NIFTY_MIDCAP_100,NIFTY_Midcap_100_Apr2021.pdf
2021-04-30,OIL.NS,NIFTY_MIDCAP_100,NIFTY_Midcap_100_Apr2021.pdf
2021-04-30,ONGC.NS,NIFTY_100,NIFTY_100_Apr2021.pdf
2021-04-30,PAGEIND.NS,NIFTY_MIDCAP_100,NIFTY_Midcap_100_Apr2021.pdf
2021-04-30,PEL.NS,NIFTY_100,NIFTY_100_Apr2021.pdf
2021-04-30,PETRONET.NS,NIFTY_100,NIFTY_100_Apr2021.pdf
2021-04-30,PFC.NS,NIFTY_MIDCAP_100,NIFTY_Midcap_100_Apr2021.pdf
2021-04-30,PFIZER.NS,NIFTY_MIDCAP_100,NIFTY_Midcap_100_Apr2021.pdf
2021-04-30,PGHH.NS,NIFTY_100,NIFTY_100_Apr2021.pdf
2021-04-30,PIDILITIND.NS,NIFTY_100,NIFTY_100_Apr2021.pdf
2021-04-30,PIIND.NS,NIFTY_MIDCAP_100,NIFTY_Midcap_100_Apr2021.pdf
2021-04-30,PNB.NS,NIFTY_100,NIFTY_100_Apr2021.pdf
2021-04-30,PNBHOUSING.NS,NIFTY_SMALLCAP_100,NIFTY_Smallcap_100_Apr2021.pdf
2021-04-30,POLYCAB.NS,NIFTY_MIDCAP_100,NIFTY_Midcap_100_Apr2021.pdf
2021-04-30,POWERGRID.NS,NIFTY_100,NIFTY_100_Apr2021.pdf
2021-04-30,PRESTIGE.NS,NIFTY_MIDCAP_100,NIFTY_Midcap_100_Apr2021.pdf
2021-04-30,PVR.NS,NIFTY_SMALLCAP_100,NIFTY_Smallcap_100_Apr2021.pdf
2021-04-30,QUESS.NS,NIFTY_SMALLCAP_100,NIFTY_Smallcap_100_Apr2021.pdf
2021-04-30,RADICO.NS,NIFTY_SMALLCAP_100,NIFTY_Smallcap_100_Apr2021.pdf
2021-04-30,RAIN.NS,NIFTY_SMALLCAP_100,NIFTY_Smallcap_100_Apr2021.pdf
2021-04-30,RALLIS.NS,NIFTY_SMALLCAP_100,NIFTY_Smallcap_100_Apr2021.pdf
2021-04-30,RAMCOCEM.NS,NIFTY_MIDCAP_100,NIFTY_Midcap_100_Apr2021.pdf
2021-04-30,RBLBANK.NS,NIFTY_MIDCAP_100,NIFTY_Midcap_100_Apr2021.pdf
2021-04-30,RECLTD.NS,NIFTY_MIDCAP_100,NIFTY_Midcap_100_Apr2021.pdf
2021-04-30,RELIANCE.NS,NIFTY_100,NIFTY_100_Apr2021.pdf
2021-04-30,RITES.NS,NIFTY_SMALLCAP_100,NIFTY_Smallcap_100_Apr2021.pdf
2021-04-30,ROSSARI.NS,NIFTY_SMALLCAP_100,NIFTY_Smallcap_100_Apr2021.pdf
2021-04-30,ROUTE.NS,NIFTY_SMALLCAP_100,NIFTY_Smallcap_100_Apr2021.pdf
2021-04-30,RVNL.NS,NIFTY_SMALLCAP_100,NIFTY_Smallcap_100_Apr2021.pdf
2021-04-30,SAIL.NS,NIFTY_MIDCAP_100,NIFTY_Midcap_100_Apr2021.pdf
2021-04-30,SANOFI.NS,NIFTY_MIDCAP_100,NIFTY_Midcap_100_Apr2021.pdf
2021-04-30,SBICARD.NS,NIFTY_100,NIFTY_100_Apr2021.pdf
2021-04-30,SBILIFE.NS,NIFTY_100,NIFTY_100_Apr2021.pdf
2021-04-30,SBIN.NS,NIFTY_100,NIFTY_100_Apr2021.pdf
2021-04-30,SEQUENT.NS,NIFTY_SMALLCAP_100,NIFTY_Smallcap_100_Apr2021.pdf
2021-04-30,SHILPAMED.NS,NIFTY_SMALLCAP_100,NIFTY_Smallcap_100_Apr2021.pdf
2021-04-30,SHREECEM.NS,NIFTY_100,NIFTY_100_Apr2021.pdf
2021-04-30,SIEMENS.NS,NIFTY_100,NIFTY_100_Apr2021.pdf
2021-04-30,SONATSOFTW.NS,NIFTY_SMALLCAP_100,NIFTY_Smallcap_100_Apr2021.pdf
2021-04-30,SPARC.NS,NIFTY_SMALLCAP_100,NIFTY_Smallcap_100_Apr2021.pdf
2021-04-30,SPICEJET.NS,NIFTY_SMALLCAP_100,NIFTY_Smallcap_100_Apr2021.pdf
2021-04-30,SRF.NS,NIFTY_MIDCAP_100,NIFTY_Midcap_100_Apr2021.pdf
2021-04-30,SRTRANSFIN.NS,NIFTY_MIDCAP_100,NIFTY_Midcap_100_Apr2021.pdf
2021-04-30,STAR.NS,NIFTY_SMALLCAP_100,NIFTY_Smallcap_100_Apr2021.pdf
2021-04-30,STLTECH.NS,NIFTY_SMALLCAP_100,NIFTY_Smallcap_100_Apr2021.pdf
2021-04-30,SUNPHARMA.NS,NIFTY_100,NIFTY_100_Apr2021.pdf
2021-04-30,SUNTECK.NS,NIFTY_SMALLCAP_100,NIFTY_Smallcap_100_Apr2021.pdf
2021-04-30,SUNTV.NS,NIFTY_MIDCAP_100,NIFTY_Midcap_100_Apr2021.pdf
2021-04-30,SWSOLAR.NS,NIFTY_SMALLCAP_100,NIFTY_Smallcap_100_Apr2021.pdf
2021-04-30,SYNGENE.NS,NIFTY_MIDCAP_100,NIFTY_Midcap_100_Apr2021.pdf
2021-04-30,TANLA.NS,NIFTY_SMALLCAP_100,NIFTY_Smallcap_100_Apr2021.pdf
2021-04-30,TATACHEM.NS,NIFTY_MIDCAP_100,NIFTY_Midcap_100_Apr2021.pdf
2021-04-30,TATACONSUM.NS,NIFTY_100,NIFTY_100_Apr2021.pdf
2021-04-30,TATAELXSI.NS,NIFTY_MIDCAP_100,NIFTY_Midcap_100_Apr2021.pdf
2021-04-30,TATAMOTORS.NS,NIFTY_100,NIFTY_100_Apr2021.pdf
2021-04-30,TATAPOWER.NS,NIFTY_MIDCAP_100,NIFTY_Midcap_100_Apr2021.pdf
2021-04-30,TATASTEEL.NS,NIFTY_100,NIFTY_100_Apr2021.pdf
2021-04-30,TCS.NS,NIFTY_100,NIFTY_100_Apr2021.pdf
2021-04-30,TECHM.NS,NIFTY_100,NIFTY_100_Apr2021.pdf
2021-04-30,THYROCARE.NS,NIFTY_SMALLCAP_100,NIFTY_Smallcap_100_Apr2021.pdf
2021-04-30,TITAN.NS,NIFTY_100,NIFTY_100_Apr2021.pdf
2021-04-30,TORNTPHARM.NS,NIFTY_100,NIFTY_100_Apr2021.pdf
2021-04-30,TORNTPOWER.NS,NIFTY_MIDCAP_100,NIFTY_Midcap_100_Apr2021.pdf
2021-04-30,TRENT.NS,NIFTY_MIDCAP_100,NIFTY_Midcap_100_Apr2021.pdf
2021-04-30,TRIDENT.NS,NIFTY_SMALLCAP_100,NIFTY_Smallcap_100_Apr2021.pdf
2021-04-30,TV18BRDCST.NS,NIFTY_SMALLCAP_100,NIFTY_Smallcap_100_Apr2021.pdf
2021-04-30,TVSMOTOR.NS,NIFTY_MIDCAP_100,NIFTY_Midcap_100_Apr2021.pdf
2021-04-30,UBL.NS,NIFTY_100,NIFTY_100_Apr2021.pdf
2021-04-30,UJJIVANSFB.NS,NIFTY_SMALLCAP_100,NIFTY_Smallcap_100_Apr2021.pdf
2021-04-30,ULTRACEMCO.NS,NIFTY_100,NIFTY_100_Apr2021.pdf
2021-04-30,UNIONBANK.NS,NIFTY_MIDCAP_100,NIFTY_Midcap_100_Apr2021.pdf
2021-04-30,UPL.NS,NIFTY_100,NIFTY_100_Apr2021.pdf
2021-04-30,UTIAMC.NS,NIFTY_SMALLCAP_100,NIFTY_Smallcap_100_Apr2021.pdf
2021-04-30,VAKRANGEE.NS,NIFTY_SMALLCAP_100,NIFTY_Smallcap_100_Apr2021.pdf
2021-04-30,VBL.NS,NIFTY_MIDCAP_100,NIFTY_Midcap_100_Apr2021.pdf
2021-04-30,VEDL.NS,NIFTY_100,NIFTY_100_Apr2021.pdf
2021-04-30,VGUARD.NS,NIFTY_MIDCAP_100,NIFTY_Midcap_100_Apr2021.pdf
2021-04-30,VIPIND.NS,NIFTY_SMALLCAP_100,NIFTY_Smallcap_100_Apr2021.pdf
2021-04-30,VOLTAS.NS,NIFTY_MIDCAP_100,NIFTY_Midcap_100_Apr2021.pdf
2021-04-30,WELSPUNIND.NS,NIFTY_SMALLCAP_100,NIFTY_Smallcap_100_Apr2021.pdf
2021-04-30,WESTLIFE.NS,NIFTY_SMALLCAP_100,NIFTY_Smallcap_100_Apr2021.pdf
2021-04-30,WHIRLPOOL.NS,NIFTY_MIDCAP_100,NIFTY_Midcap_100_Apr2021.pdf
2021-04-30,WIPRO.NS,NIFTY_100,NIFTY_100_Apr2021.pdf
2021-04-30,WOCKPHARMA.NS,NIFTY_SMALLCAP_100,NIFTY_Smallcap_100_Apr2021.pdf
2021-04-30,YESBANK.NS,NIFTY_100,NIFTY_100_Apr2021.pdf
2021-04-30,ZEEL.NS,NIFTY_MIDCAP_100,NIFTY_Midcap_100_Apr2021.pdf
2021-05-31,AARTIDRUGS.NS,NIFTY_SMALLCAP_100,NIFTY_Smallcap_100_May2021.pdf
2021-05-31,AARTIIND.NS,NIFTY_MIDCAP_100,NIFTY_Midcap_100_May2021.pdf
2021-05-31,ABBOTINDIA.NS,NIFTY_100,NIFTY_100_May2021.pdf
2021-05-31,ABCAPITAL.NS,NIFTY_MIDCAP_100,NIFTY_Midcap_100_May2021.pdf
2021-05-31,ABFRL.NS,NIFTY_MIDCAP_100,NIFTY_Midcap_100_May2021.pdf
2021-05-31,ACC.NS,NIFTY_100,NIFTY_100_May2021.pdf
2021-05-31,ADANIENT.NS,NIFTY_100,NIFTY_100_May2021.pdf
2021-05-31,ADANIGREEN.NS,NIFTY_100,NIFTY_100_May2021.pdf
2021-05-31,ADANIPORTS.NS,NIFTY_100,NIFTY_100_May2021.pdf
2021-05-31,ADANITRANS.NS,NIFTY_100,NIFTY_100_May2021.pdf
2021-05-31,AEGISCHEM.NS,NIFTY_SMALLCAP_100,NIFTY_Smallcap_100_May2021.pdf
2021-05-31,AFFLE.NS,NIFTY_SMALLCAP_100,NIFTY_Smallcap_100_May2021.pdf
2021-05-31,AJANTPHARM.NS,NIFTY_MIDCAP_100,NIFTY_Midcap_100_May2021.pdf
2021-05-31,ALKEM.NS,NIFTY_100,NIFTY_100_May2021.pdf
2021-05-31,ALKYLAMINE.NS,NIFTY_SMALLCAP_100,NIFTY_Smallcap_100_May2021.pdf
2021-05-31,ALOKINDS.NS,NIFTY_SMALLCAP_100,NIFTY_Smallcap_100_May2021.pdf
2021-05-31,AMARAJABAT.NS,NIFTY_MIDCAP_100,NIFTY_Midcap_100_May2021.pdf
2021-05-31,AMBER.NS,NIFTY_SMALLCAP_100,NIFTY_Smallcap_100_May2021.pdf
2021-05-31,AMBUJACEM.NS,NIFTY_100,NIFTY_100_May2021.pdf
2021-05-31,APLAPOLLO.NS,NIFTY_SMALLCAP_100,NIFTY_Smallcap_100_May2021.pdf
2021-05-31,APLLTD.NS,NIFTY_MIDCAP_100,NIFTY_Midcap_100_May2021.pdf
2021-05-31,APOLLOHOSP.NS,NIFTY_100,NIFTY_100_May2021.pdf
2021-05-31,APOLLOTYRE.NS,NIFTY_MIDCAP_100,NIFTY_Midcap_100_May2021.pdf
2021-05-31,ASHOKLEY.NS,NIFTY_MIDCAP_100,NIFTY_Midcap_100_May2021.pdf
2021-05-31,ASIANPAINT.NS,NIFTY_100,NIFTY_100_May2021.pdf
2021-05-31,ATGL.NS,NIFTY_MIDCAP_100,NIFTY_Midcap_100_May2021.pdf
2021-05-31,AUBANK.NS,NIFTY_MIDCAP_100,NIFTY_Midcap_100_May2021.pdf
2021-05-31,AUROPHARMA.NS,NIFTY_100,NIFTY_100_May2021.pdf
2021-05-31,AVANTIFEED.NS,NIFTY_SMALLCAP_100,NIFTY_Smallcap_100_May2021.pdf
2021-05-31,AXISBANK.NS,NIFTY_100,NIFTY_100_May2021.pdf
2021-05-31,BAJAJ-AUTO.NS,NIFTY_100,NIFTY_100_May2021.pdf
2021-05-31,BAJAJELEC.NS,NIFTY_SMALLCAP_100,NIFTY_Smallcap_100_May2021.pdf
2021-05-31,BAJAJFINSV.NS,NIFTY_100,NIFTY_100_May2021.pdf
2021-05-31,BAJAJHLDNG.NS,NIFTY_100,NIFTY_100_May2021.pdf
2021-05-31,BAJFINANCE.NS,NIFTY_100,NIFTY_100_May2021.pdf
2021-05-31,BALKRISIND.NS,NIFTY_MIDCAP_100,NIFTY_Midcap_100_May2021.pdf
2021-05-31,BALRAMCHIN.NS,NIFTY_SMALLCAP_100,NIFTY_Smallcap_100_May2021.pdf
2021-05-31,BANDHANBNK.NS,NIFTY_100,NIFTY_100_May2021.pdf
2021-05-31,BANKBARODA.NS,NIFTY_MIDCAP_100,NIFTY_Midcap_100_May2021.pdf
2021-05-31,BANKINDIA.NS,NIFTY_MIDCAP_100,NIFTY_Midcap_100_May2021.pdf
2021-05-31,BASF.NS,NIFTY_SMALLCAP_100,NIFTY_Smallcap_100_May2021.pdf
2021-05-31,BATAINDIA.NS,NIFTY_MIDCAP_100,NIFTY_Midcap_100_May2021.pdf
2021-05-31,BBTC.NS,NIFTY_MIDCAP_100,NIFTY_Midcap_100_May2021.pdf
2021-05-31,BDL.NS,NIFTY_SMALLCAP_100,NIFTY_Smallcap_100_May2021.pdf
2021-05-31,BEL.NS,NIFTY_MIDCAP_100,NIFTY_Midcap_100_May2021.pdf
2021-05-31,BEML.NS,NIFTY_SMALLCAP_100,NIFTY_Smallcap_100_May2021.pdf
2021-05-31,BERGEPAINT.NS,NIFTY_100,NIFTY_100_May2021.pdf
2021-05-31,BHARATFORG.NS,NIFTY_MIDCAP_100,NIFTY_Midcap_100_May2021.pdf
2021-05-31,BHARTIARTL.NS,NIFTY_100,NIFTY_100_May2021.pdf
2021-05-31,BHEL.NS,NIFTY_MIDCAP_100,NIFTY_Midcap_100_May2021.pdf
2021-05-31,BIOCON.NS,NIFTY_100,NIFTY_100_May2021.pdf
2021-05-31,BIRLACORPN.NS,NIFTY_SMALLCAP_100,NIFTY_Smallcap_100_May2021.pdf
2021-05-31,BLUEDART.NS,NIFTY_SMALLCAP_100,NIFTY_Smallcap_100_May2021.pdf
2021-05-31,BLUESTARCO.NS,NIFTY_SMALLCAP_100,NIFTY_Smallcap_100_May2021.pdf
2021-05-31,BOSCHLTD.NS,NIFTY_100,NIFTY_100_May2021.pdf
2021-05-31,BPCL.NS,NIFTY_100,NIFTY_100_May2021.pdf
2021-05-31,BRITANNIA.NS,NIFTY_100,NIFTY_100_May2021.pdf
2021-05-31,BSOFT.NS,NIFTY_SMALLCAP_100,NIFTY_Smallcap_100_May2021.pdf
2021-05-31,CADILAHC.NS,NIFTY_100,NIFTY_100_May2021.pdf
2021-05-31,CAMS.NS,NIFTY_SMALLCAP_100,NIFTY_Smallcap_100_May2021.pdf
2021-05-31,CANBK.NS,NIFTY_MIDCAP_100,NIFTY_Midcap_100_May2021.pdf
2021-05-31,CANFINHOME.NS,NIFTY_SMALLCAP_100,NIFTY_Smallcap_100_May2021.pdf
2021-05-31,CAPLIPOINT.NS,NIFTY_SMALLCAP_100,NIFTY_Smallcap_100_May2021.pdf
2021-05-31,CARBORUNIV.NS,NIFTY_SMALLCAP_100,NIFTY_Smallcap_100_May2021.pdf
2021-05-31,CASTROLIND.NS,NIFTY_MIDCAP_100,NIFTY_Midcap_100_May2021.pdf
2021-05-31,CDSL.NS,NIFTY_SMALLCAP_100,NIFTY_Smallcap_100_May2021.pdf
2021-05-31,CEATLTD.NS,NIFTY_SMALLCAP_100,NIFTY_Smallcap_100_May2021.pdf
2021-05-31,CENTURYPLY.NS,NIFTY_SMALLCAP_100,NIFTY_Smallcap_100_May2021.pdf
2021-05-31,CENTURYTEX.NS,NIFTY_SMALLCAP_100,NIFTY_Smallcap_100_May2021.pdf
2021-05-31,CESC.NS,NIFTY_MIDCAP_100,NIFTY_Midcap_100_May2021.pdf
2021-05-31,CHAMBLFERT.NS,NIFTY_SMALLCAP_100,NIFTY_Smallcap_100_May2021.pdf
2021-05-31,CHOLAFIN.NS,NIFTY_MIDCAP_100,NIFTY_Midcap_100_May2021.pdf
2021-05-31,CIPLA.NS,NIFTY_100,NIFTY_100_May2021.pdf
2021-05-31,COALINDIA.NS,NIFTY_100,NIFTY_100_May2021.pdf
2021-05-31,COCHINSHIP.NS,NIFTY_SMALLCAP_100,NIFTY_Smallcap_100_May2021.pdf
2021-05-31,COFORGE.NS,NIFTY_MIDCAP_100,NIFTY_Midcap_100_May2021.pdf
2021-05-31,COLPAL.NS,NIFTY_100,NIFTY_100_May2021.pdf
2021-05-31,CONCOR.NS,NIFTY_MIDCAP_100,NIFTY_Midcap_100_May2021.pdf
2021-05-31,COROMANDEL.NS,NIFTY_MIDCAP_100,NIFTY_Midcap_100_May2021.pdf
2021-05-31,CROMPTON.NS,NIFTY_MIDCAP_100,NIFTY_Midcap_100_May2021.pdf
2021-05-31,CSBBANK.NS,NIFTY_SMALLCAP_100,NIFTY_Smallcap_100_May2021.pdf
2021-05-31,CUB.NS,NIFTY_MIDCAP_100,NIFTY_Midcap_100_May2021.pdf
2021-05-31,CUMMINSIND.NS,NIFTY_MIDCAP_100,NIFTY_Midcap_100_May2021.pdf
2021-05-31,CYIENT.NS,NIFTY_SMALLCAP_100,NIFTY_Smallcap_100_May2021.pdf
2021-05-31,DABUR.NS,NIFTY_100,NIFTY_100_May2021.pdf
2021-05-31,DALBHARAT.NS,NIFTY_MIDCAP_100,NIFTY_Midcap_100_May2021.pdf
2021-05-31,DBL.NS,NIFTY_SMALLCAP_100,NIFTY_Smallcap_100_May2021.pdf
2021-05-31,DEEPAKNTR.NS,NIFTY_MIDCAP_100,NIFTY_Midcap_100_May2021.pdf
2021-05-31,DELTACORP.NS,NIFTY_SMALLCAP_100,NIFTY_Smallcap_100_May2021.pdf
2021-05-31,DHANI.NS,NIFTY_MIDCAP_100,NIFTY_Midcap_100_May2021.pdf
2021-05-31,DIVISLAB.NS,NIFTY_100,NIFTY_100_May2021.pdf
2021-05-31,DIXON.NS,NIFTY_MIDCAP_100,NIFTY_Midcap_100_May2021.pdf
2021-05-31,DLF.NS,NIFTY_100,NIFTY_100_May2021.pdf
2021-05-31,DMART.NS,NIFTY_100,NIFTY_100_May2021.pdf
2021-05-31,DRREDDY.NS,NIFTY_100,NIFTY_100_May2021.pdf
2021-05-31,EDELWEISS.NS,NIFTY_SMALLCAP_100,NIFTY_Smallcap_100_May2021.pdf
2021-05-31,EICHERMOT.NS,NIFTY_100,NIFTY_100_May2021.pdf
2021-05-31,EIDPARRY.NS,NIFTY_SMALLCAP_100,NIFTY_Smallcap_100_May2021.pdf
2021-05-31,EMAMILTD.NS,NIFTY_MIDCAP_100,NIFTY_Midcap_100_May2021.pdf
2021-05-31,ENDURANCE.NS,NIFTY_MIDCAP_100,NIFTY_Midcap_100_May2021.pdf
2021-05-31,ENGINERSIN.NS,NIFTY_SMALLCAP_100,NIFTY_Smallcap_100_May2021.pdf
2021-05-31,ESCORTS.NS,NIFTY_MIDCAP_100,NIFTY_Midcap_100_May2021.pdf
2021-05-31,EXIDEIND.NS,NIFTY_MIDCAP_100,NIFTY_Midcap_100_May2021.pdf
2021-05-31,FDC.NS,NIFTY_SMALLCAP_100,NIFTY_Smallcap_100_May2021.pdf
2021-05-31,FEDERALBNK.NS,NIFTY_MIDCAP_100,NIFTY_Midcap_100_May2021.pdf
2021-05-31,FINEORG.NS,NIFTY_SMALLCAP_100,NIFTY_Smallcap_100_May2021.pdf
2021-05-31,FORTIS.NS,NIFTY_MIDCAP_100,NIFTY_Midcap_100_May2021.pdf
2021-05-31,FRETAIL.NS,NIFTY_SMALLCAP_100,NIFTY_Smallcap_100_May2021.pdf
2021-05-31,FSL.NS,NIFTY_SMALLCAP_100,NIFTY_Smallcap_100_May2021.pdf
2021-05-31,GAIL.NS,NIFTY_100,NIFTY_100_May2021.pdf
2021-05-31,GLENMARK.NS,NIFTY_MIDCAP_100,NIFTY_Midcap_100_May2021.pdf
2021-05-31,GMMPFAUDLR.NS,NIFTY_SMALLCAP_100,NIFTY_Smallcap_100_May2021.pdf
2021-05-31,GMRINFRA.NS,NIFTY_MIDCAP_100,NIFTY_Midcap_100_May2021.pdf
2021-05-31,GNFC.NS,NIFTY_SMALLCAP_100,NIFTY_Smallcap_100_May2021.pdf
2021-05-31,GODFRYPHLP.NS,NIFTY_SMALLCAP_100,NIFTY_Smallcap_100_May2021.pdf
2021-05-31,GODREJAGRO.NS,NIFTY_MIDCAP_100,NIFTY_Midcap_100_May2021.pdf
2021-05-31,GODREJCP.NS,NIFTY_100,NIFTY_100_May2021.pdf
2021-05-31,GODREJIND.NS,NIFTY_MIDCAP_100,NIFTY_Midcap_100_May2021.pdf
2021-05-31,GODREJPROP.NS,NIFTY_MIDCAP_100,NIFTY_Midcap_100_May2021.pdf
2021-05-31,GRANULES.NS,NIFTY_SMALLCAP_100,NIFTY_Smallcap_100_May2021.pdf
2021-05-31,GRAPHITE.NS,NIFTY_SMALLCAP_100,NIFTY_Smallcap_100_May2021.pdf
2021-05-31,GRASIM.NS,NIFTY_100,NIFTY_100_May2021.pdf
2021-05-31,GSPL.NS,NIFTY_MIDCAP_100,NIFTY_Midcap_100_May2021.pdf
2021-05-31,GUJGASLTD.NS,NIFTY_MIDCAP_100,NIFTY_Midcap_100_May2021.pdf
2021-05-31,HAL.NS,NIFTY_MIDCAP_100,NIFTY_Midcap_100_May2021.pdf
2021-05-31,HAPPSTMNDS.NS,NIFTY_SMALLCAP_100,NIFTY_Smallcap_100_May2021.pdf
2021-05-31,HAVELLS.NS,NIFTY_100,NIFTY_100_May2021.pdf
2021-05-31,HCLTECH.NS,NIFTY_100,NIFTY_100_May2021.pdf
2021-05-31,HDFC.NS,NIFTY_100,NIFTY_100_May2021.pdf
2021-05-31,HDFCAMC.NS,NIFTY_100,NIFTY_100_May2021.pdf
2021-05-31,HDFCBANK.NS,NIFTY_100,NIFTY_100_May2021.pdf
2021-05-31,HDFCLIFE.NS,NIFTY_100,NIFTY_100_May2021.pdf
2021-05-31,HEG.NS,NIFTY_SMALLCAP_100,NIFTY_Smallcap_100_May2021.pdf
2021-05-31,HEIDELBERG.NS,NIFTY_SMALLCAP_100,NIFTY_Smallcap_100_May2021.pdf
2021-05-31,HEROMOTOCO.NS,NIFTY_100,NIFTY_100_May2021.pdf
2021-05-31,HINDALCO.NS,NIFTY_100,NIFTY_100_May2021.pdf
2021-05-31,HINDCOPPER.NS,NIFTY_SMALLCAP_100,NIFTY_Smallcap_100_May2021.pdf
2021-05-31,HINDPETRO.NS,NIFTY_100,NIFTY_100_May2021.pdf
2021-05-31,HINDUNILVR.NS,NIFTY_100,NIFTY_100_May2021.pdf
2021-05-31,HINDZINC.NS,NIFTY_MIDCAP_100,NIFTY_Midcap_100_May2021.pdf
2021-05-31,IBULHSGFIN.NS,NIFTY_MIDCAP_100,NIFTY_Midcap_100_May2021.pdf
2021-05-31,ICICIBANK.NS,NIFTY_100,NIFTY_100_May2021.pdf
2021-05-31,ICICIGI.NS,NIFTY_100,NIFTY_100_May2021.pdf
2021-05-31,ICICIPRULI.NS,NIFTY_100,NIFTY_100_May2021.pdf
2021-05-31,IDEA.NS,NIFTY_MIDCAP_100,NIFTY_Midcap_100_May2021.pdf
2021-05-31,IDFC.NS,NIFTY_SMALLCAP_100,NIFTY_Smallcap_100_May2021.pdf
2021-05-31,IDFCFIRSTB.NS,NIFTY_MIDCAP_100,NIFTY_Midcap_100_May2021.pdf
2021-05-31,IEX.NS,NIFTY_SMALLCAP_100,NIFTY_Smallcap_100_May2021.pdf
2021-05-31,IGL.NS,NIFTY_100,NIFTY_100_May2021.pdf
2021-05-31,INDHOTEL.NS,NIFTY_MIDCAP_100,NIFTY_Midcap_100_May2021.pdf
2021-05-31,INDIACEM.NS,NIFTY_SMALLCAP_100,NIFTY_Smallcap_100_May2021.pdf
2021-05-31,INDIAMART.NS,NIFTY_MIDCAP_100,NIFTY_Midcap_100_May2021.pdf
2021-05-31,INDIANB.NS,NIFTY_SMALLCAP_100,NIFTY_Smallcap_100_May2021.pdf
2021-05-31,INDIGO.NS,NIFTY_100,NIFTY_100_May2021.pdf
2021-05-31,INDUSINDBK.NS,NIFTY_100,NIFTY_100_May2021.pdf
2021-05-31,INDUSTOWER.NS,NIFTY_100,NIFTY_100_May2021.pdf
2021-05-31,INFY.NS,NIFTY_100,NIFTY_100_May2021.pdf
2021-05-31,IOC.NS,NIFTY_100,NIFTY_100_May2021.pdf
2021-05-31,IOLCP.NS,NIFTY_SMALLCAP_100,NIFTY_Smallcap_100_May2021.pdf
2021-05-31,IPCALAB.NS,NIFTY_MIDCAP_100,NIFTY_Midcap_100_May2021.pdf
2021-05-31,IRB.NS,NIFTY_SMALLCAP_100,NIFTY_Smallcap_100_May2021.pdf
2021-05-31,IRCON.NS,NIFTY_SMALLCAP_100,NIFTY_Smallcap_100_May2021.pdf
2021-05-31,IRCTC.NS,NIFTY_MIDCAP_100,NIFTY_Midcap_100_May2021.pdf
2021-05-31,ISEC.NS,NIFTY_MIDCAP_100,NIFTY_Midcap_100_May2021.pdf
2021-05-31,ITC.NS,NIFTY_100,NIFTY_100_May2021.pdf
2021-05-31,JBCHEPHARM.NS,NIFTY_SMALLCAP_100,NIFTY_Smallcap_100_May2021.pdf
2021-05-31,JINDALSTEL.NS,NIFTY_MIDCAP_100,NIFTY_Midcap_100_May2021.pdf
2021-05-31,JKLAKSHMI.NS,NIFTY_SMALLCAP_100,NIFTY_Smallcap_100_May2021.pdf
2021-05-31,JSWENERGY.NS,NIFTY_MIDCAP_100,NIFTY_Midcap_100_May2021.pdf
2021-05-31,JSWSTEEL.NS,NIFTY_100,NIFTY_100_May2021.pdf
2021-05-31,JUBLFOOD.NS,NIFTY_100,NIFTY_100_May2021.pdf
2021-05-31,JUSTDIAL.NS,NIFTY_SMALLCAP_100,NIFTY_Smallcap_100_May2021.pdf
2021-05-31,KAJARIACER.NS,NIFTY_SMALLCAP_100,NIFTY_Smallcap_100_May2021.pdf
2021-05-31,KALPATPOWR.NS,NIFTY_SMALLCAP_100,NIFTY_Smallcap_100_May2021.pdf
2021-05-31,KARURVYSYA.NS,NIFTY_SMALLCAP_100,NIFTY_Smallcap_100_May2021.pdf
2021-05-31,KEC.NS,NIFTY_SMALLCAP_100,NIFTY_Smallcap_100_May2021.pdf
2021-05-31,KEI.NS,NIFTY_SMALLCAP_100,NIFTY_Smallcap_100_May2021.pdf
2021-05-31,KOTAKBANK.NS,NIFTY_100,NIFTY_100_May2021.pdf
2021-05-31,KSCL.NS,NIFTY_SMALLCAP_100,NIFTY_Smallcap_100_May2021.pdf
2021-05-31,L&TFH.NS,NIFTY_MIDCAP_100,NIFTY_Midcap_100_May2021.pdf
2021-05-31,LALPATHLAB.NS,NIFTY_MIDCAP_100,NIFTY_Midcap_100_May2021.pdf
2021-05-31,LAURUSLABS.NS,NIFTY_MIDCAP_100,NIFTY_Midcap_100_May2021.pdf
2021-05-31,LICHSGFIN.NS,NIFTY_MIDCAP_100,NIFTY_Midcap_100_May2021.pdf
2021-05-31,LINDEINDIA.NS,NIFTY_SMALLCAP_100,NIFTY_Smallcap_100_May2021.pdf
2021-05-31,LT.NS,NIFTY_100,NIFTY_100_May2021.pdf
2021-05-31,LTI.NS,NIFTY_100,NIFTY_100_May2021.pdf
2021-05-31,LTTS.NS,NIFTY_MIDCAP_100,NIFTY_Midcap_100_May2021.pdf
2021-05-31,LUPIN.NS,NIFTY_100,NIFTY_100_May2021.pdf
2021-05-31,LUXIND.NS,NIFTY_SMALLCAP_100,NIFTY_Smallcap_100_May2021.pdf
2021-05-31,M&M.NS,NIFTY_100,NIFTY_100_May2021.pdf
2021-05-31,M&MFIN.NS,NIFTY_MIDCAP_100,NIFTY_Midcap_100_May2021.pdf
2021-05-31,MANAPPURAM.NS,NIFTY_MIDCAP_100,NIFTY_Midcap_100_May2021.pdf
2021-05-31,MARICO.NS,NIFTY_100,NIFTY_100_May2021.pdf
2021-05-31,MARUTI.NS,NIFTY_100,NIFTY_100_May2021.pdf
2021-05-31,MAZDOCK.NS,NIFTY_SMALLCAP_100,NIFTY_Smallcap_100_May2021.pdf
2021-05-31,MCDOWELL-N.NS,NIFTY_100,NIFTY_100_May2021.pdf
2021-05-31,MCX.NS,NIFTY_SMALLCAP_100,NIFTY_Smallcap_100_May2021.pdf
2021-05-31,MFSL.NS,NIFTY_MIDCAP_100,NIFTY_Midcap_100_May2021.pdf
2021-05-31,MGL.NS,NIFTY_MIDCAP_100,NIFTY_Midcap_100_May2021.pdf
2021-05-31,MIDHANI.NS,NIFTY_SMALLCAP_100,NIFTY_Smallcap_100_May2021.pdf
2021-05-31,MINDTREE.NS,NIFTY_MIDCAP_100,NIFTY_Midcap_100_May2021.pdf
2021-05-31,MOTHERSUMI.NS,NIFTY_100,NIFTY_100_May2021.pdf
2021-05-31,MPHASIS.NS,NIFTY_MIDCAP_100,NIFTY_Midcap_100_May2021.pdf
2021-05-31,MRF.NS,NIFTY_100,NIFTY_100_May2021.pdf
2021-05-31,MUTHOOTFIN.NS,NIFTY_100,NIFTY_100_May2021.pdf
2021-05-31,NAM-INDIA.NS,NIFTY_MIDCAP_100,NIFTY_Midcap_100_May2021.pdf
2021-05-31,NATCOPHARM.NS,NIFTY_MIDCAP_100,NIFTY_Midcap_100_May2021.pdf
2021-05-31,NATIONALUM.NS,NIFTY_SMALLCAP_100,NIFTY_Smallcap_100_May2021.pdf
2021-05-31,NAUKRI.NS,NIFTY_100,NIFTY_100_May2021.pdf
2021-05-31,NAVINFLUOR.NS,NIFTY_MIDCAP_100,NIFTY_Midcap_100_May2021.pdf
2021-05-31,NBCC.NS,NIFTY_SMALLCAP_100,NIFTY_Smallcap_100_May2021.pdf
2021-05-31,NESTLEIND.NS,NIFTY_100,NIFTY_100_May2021.pdf
2021-05-31,NMDC.NS,NIFTY_100,NIFTY_100_May2021.pdf
2021-05-31,NTPC.NS,NIFTY_100,NIFTY_100_May2021.pdf
2021-05-31,OBEROIRLTY.NS,NIFTY_MIDCAP_100,NIFTY_Midcap_100_May2021.pdf
2021-05-31,OIL.NS,NIFTY_MIDCAP_100,NIFTY_Midcap_100_May2021.pdf
2021-05-31,ONGC.NS,NIFTY_100,NIFTY_100_May2021.pdf
2021-05-31,PAGEIND.NS,NIFTY_MIDCAP_100,NIFTY_Midcap_100_May2021.pdf
2021-05-31,PEL.NS,NIFTY_100,NIFTY_100_May2021.pdf
2021-05-31,PETRONET.NS,NIFTY_100,NIFTY_100_May2021.pdf
2021-05-31,PFC.NS,NIFTY_MIDCAP_100,NIFTY_Midcap_100_May2021.pdf
2021-05-31,PFIZER.NS,NIFTY_MIDCAP_100,NIFTY_Midcap_100_May2021.pdf
2021-05-31,PGHH.NS,NIFTY_100,NIFTY_100_May2021.pdf
2021-05-31,PIDILITIND.NS,NIFTY_100,NIFTY_100_May2021.pdf
2021-05-31,PIIND.NS,NIFTY_MIDCAP_100,NIFTY_Midcap_100_May2021.pdf
2021-05-31,PNB.NS,NIFTY_100,NIFTY_100_May2021.pdf
2021-05-31,PNBHOUSING.NS,NIFTY_SMALLCAP_100,NIFTY_Smallcap_100_May2021.pdf
2021-05-31,POLYCAB.NS,NIFTY_MIDCAP_100,NIFTY_Midcap_100_May2021.pdf
2021-05-31,POWERGRID.NS,NIFTY_100,NIFTY_100_May2021.pdf
2021-05-31,PRESTIGE.NS,NIFTY_MIDCAP_100,NIFTY_Midcap_100_May2021.pdf
2021-05-31,PVR.NS,NIFTY_SMALLCAP_100,NIFTY_Smallcap_100_May2021.pdf
2021-05-31,QUESS.NS,NIFTY_SMALLCAP_100,NIFTY_Smallcap_100_May2021.pdf
2021-05-31,RADICO.NS,NIFTY_SMALLCAP_100,NIFTY_Smallcap_100_May2021.pdf
2021-05-31,RAIN.NS,NIFTY_SMALLCAP_100,NIFTY_Smallcap_100_May2021.pdf
2021-05-31,RALLIS.NS,NIFTY_SMALLCAP_100,NIFTY_Smallcap_100_May2021.pdf
2021-05-31,RAMCOCEM.NS,NIFTY_MIDCAP_100,NIFTY_Midcap_100_May2021.pdf
2021-05-31,RBLBANK.NS,NIFTY_MIDCAP_100,NIFTY_Midcap_100_May2021.pdf
2021-05-31,RECLTD.NS,NIFTY_MIDCAP_100,NIFTY_Midcap_100_May2021.pdf
2021-05-31,RELIANCE.NS,NIFTY_100,NIFTY_100_May2021.pdf
2021-05-31,RITES.NS,NIFTY_SMALLCAP_100,NIFTY_Smallcap_100_May2021.pdf
2021-05-31,ROSSARI.NS,NIFTY_SMALLCAP_100,NIFTY_Smallcap_100_May2021.pdf
2021-05-31,ROUTE.NS,NIFTY_SMALLCAP_100,NIFTY_Smallcap_100_May2021.pdf
2021-05-31,RVNL.NS,NIFTY_SMALLCAP_100,NIFTY_Smallcap_100_May2021.pdf
2021-05-31,SAIL.NS,NIFTY_MIDCAP_100,NIFTY_Midcap_100_May2021.pdf
2021-05-31,SANOFI.NS,NIFTY_MIDCAP_100,NIFTY_Midcap_100_May2021.pdf
2021-05-31,SBICARD.NS,NIFTY_100,NIFTY_100_May2021.pdf
2021-05-31,SBILIFE.NS,NIFTY_100,NIFTY_100_May2021.pdf
2021-05-31,SBIN.NS,NIFTY_100,NIFTY_100_May2021.pdf
2021-05-31,SEQUENT.NS,NIFTY_SMALLCAP_100,NIFTY_Smallcap_100_May2021.pdf
2021-05-31,SHILPAMED.NS,NIFTY_SMALLCAP_100,NIFTY_Smallcap_100_May2021.pdf
2021-05-31,SHREECEM.NS,NIFTY_100,NIFTY_100_May2021.pdf
2021-05-31,SIEMENS.NS,NIFTY_100,NIFTY_100_May2021.pdf
2021-05-31,SONATSOFTW.NS,NIFTY_SMALLCAP_100,NIFTY_Smallcap_100_May2021.pdf
2021-05-31,SPARC.NS,NIFTY_SMALLCAP_100,NIFTY_Smallcap_100_May2021.pdf
2021-05-31,SPICEJET.NS,NIFTY_SMALLCAP_100,NIFTY_Smallcap_100_May2021.pdf
2021-05-31,SRF.NS,NIFTY_MIDCAP_100,NIFTY_Midcap_100_May2021.pdf
2021-05-31,SRTRANSFIN.NS,NIFTY_MIDCAP_100,NIFTY_Midcap_100_May2021.pdf
2021-05-31,STAR.NS,NIFTY_SMALLCAP_100,NIFTY_Smallcap_100_May2021.pdf
2021-05-31,STLTECH.NS,NIFTY_SMALLCAP_100,NIFTY_Smallcap_100_May2021.pdf
2021-05-31,SUNPHARMA.NS,NIFTY_100,NIFTY_100_May2021.pdf
2021-05-31,SUNTECK.NS,NIFTY_SMALLCAP_100,NIFTY_Smallcap_100_May2021.pdf
2021-05-31,SUNTV.NS,NIFTY_MIDCAP_100,NIFTY_Midcap_100_May2021.pdf
2021-05-31,SWSOLAR.NS,NIFTY_SMALLCAP_100,NIFTY_Smallcap_100_May2021.pdf
2021-05-31,SYNGENE.NS,NIFTY_MIDCAP_100,NIFTY_Midcap_100_May2021.pdf
2021-05-31,TANLA.NS,NIFTY_SMALLCAP_100,NIFTY_Smallcap_100_May2021.pdf
2021-05-31,TATACHEM.NS,NIFTY_MIDCAP_100,NIFTY_Midcap_100_May2021.pdf
2021-05-31,TATACONSUM.NS,NIFTY_100,NIFTY_100_May2021.pdf
2021-05-31,TATAELXSI.NS,NIFTY_MIDCAP_100,NIFTY_Midcap_100_May2021.pdf
2021-05-31,TATAMOTORS.NS,NIFTY_100,NIFTY_100_May2021.pdf
2021-05-31,TATAPOWER.NS,NIFTY_MIDCAP_100,NIFTY_Midcap_100_May2021.pdf
2021-05-31,TATASTEEL.NS,NIFTY_100,NIFTY_100_May2021.pdf
2021-05-31,TCS.NS,NIFTY_100,NIFTY_100_May2021.pdf
2021-05-31,TECHM.NS,NIFTY_100,NIFTY_100_May2021.pdf
2021-05-31,THYROCARE.NS,NIFTY_SMALLCAP_100,NIFTY_Smallcap_100_May2021.pdf
2021-05-31,TITAN.NS,NIFTY_100,NIFTY_100_May2021.pdf
2021-05-31,TORNTPHARM.NS,NIFTY_100,NIFTY_100_May2021.pdf
2021-05-31,TORNTPOWER.NS,NIFTY_MIDCAP_100,NIFTY_Midcap_100_May2021.pdf
2021-05-31,TRENT.NS,NIFTY_MIDCAP_100,NIFTY_Midcap_100_May2021.pdf
2021-05-31,TRIDENT.NS,NIFTY_SMALLCAP_100,NIFTY_Smallcap_100_May2021.pdf
2021-05-31,TV18BRDCST.NS,NIFTY_SMALLCAP_100,NIFTY_Smallcap_100_May2021.pdf
2021-05-31,TVSMOTOR.NS,NIFTY_MIDCAP_100,NIFTY_Midcap_100_May2021.pdf
2021-05-31,UBL.NS,NIFTY_100,NIFTY_100_May2021.pdf
2021-05-31,UJJIVANSFB.NS,NIFTY_SMALLCAP_100,NIFTY_Smallcap_100_May2021.pdf
2021-05-31,ULTRACEMCO.NS,NIFTY_100,NIFTY_100_May2021.pdf
2021-05-31,UNIONBANK.NS,NIFTY_MIDCAP_100,NIFTY_Midcap_100_May2021.pdf
2021-05-31,UPL.NS,NIFTY_100,NIFTY_100_May2021.pdf
2021-05-31,UTIAMC.NS,NIFTY_SMALLCAP_100,NIFTY_Smallcap_100_May2021.pdf
2021-05-31,VAKRANGEE.NS,NIFTY_SMALLCAP_100,NIFTY_Smallcap_100_May2021.pdf
2021-05-31,VBL.NS,NIFTY_MIDCAP_100,NIFTY_Midcap_100_May2021.pdf
2021-05-31,VEDL.NS,NIFTY_100,NIFTY_100_May2021.pdf
2021-05-31,VGUARD.NS,NIFTY_MIDCAP_100,NIFTY_Midcap_100_May2021.pdf
2021-05-31,VIPIND.NS,NIFTY_SMALLCAP_100,NIFTY_Smallcap_100_May2021.pdf
2021-05-31,VOLTAS.NS,NIFTY_MIDCAP_100,NIFTY_Midcap_100_May2021.pdf
2021-05-31,WELSPUNIND.NS,NIFTY_SMALLCAP_100,NIFTY_Smallcap_100_May2021.pdf
2021-05-31,WESTLIFE.NS,NIFTY_SMALLCAP_100,NIFTY_Smallcap_100_May2021.pdf
2021-05-31,WHIRLPOOL.NS,NIFTY_MIDCAP_100,NIFTY_Midcap_100_May2021.pdf
2021-05-31,WIPRO.NS,NIFTY_100,NIFTY_100_May2021.pdf
2021-05-31,WOCKPHARMA.NS,NIFTY_SMALLCAP_100,NIFTY_Smallcap_100_May2021.pdf
2021-05-31,YESBANK.NS,NIFTY_100,NIFTY_100_May2021.pdf
2021-05-31,ZEEL.NS,NIFTY_MIDCAP_100,NIFTY_Midcap_100_May2021.pdf
2021-06-30,AARTIDRUGS.NS,NIFTY_SMALLCAP_100,NIFTY_Smallcap_100_Jun2021.pdf
2021-06-30,AARTIIND.NS,NIFTY_MIDCAP_100,NIFTY_Midcap_100_Jun2021.pdf
2021-06-30,ABBOTINDIA.NS,NIFTY_100,NIFTY_100_Jun2021.pdf
2021-06-30,ABCAPITAL.NS,NIFTY_MIDCAP_100,NIFTY_Midcap_100_Jun2021.pdf
2021-06-30,ABFRL.NS,NIFTY_MIDCAP_100,NIFTY_Midcap_100_Jun2021.pdf
2021-06-30,ACC.NS,NIFTY_100,NIFTY_100_Jun2021.pdf
2021-06-30,ADANIENT.NS,NIFTY_100,NIFTY_100_Jun2021.pdf
2021-06-30,ADANIGREEN.NS,NIFTY_100,NIFTY_100_Jun2021.pdf
2021-06-30,ADANIPORTS.NS,NIFTY_100,NIFTY_100_Jun2021.pdf
2021-06-30,ADANITRANS.NS,NIFTY_100,NIFTY_100_Jun2021.pdf
2021-06-30,AEGISCHEM.NS,NIFTY_SMALLCAP_100,NIFTY_Smallcap_100_Jun2021.pdf
2021-06-30,AFFLE.NS,NIFTY_SMALLCAP_100,NIFTY_Smallcap_100_Jun2021.pdf
2021-06-30,AJANTPHARM.NS,NIFTY_MIDCAP_100,NIFTY_Midcap_100_Jun2021.pdf
2021-06-30,ALKEM.NS,NIFTY_100,NIFTY_100_Jun2021.pdf
2021-06-30,ALKYLAMINE.NS,NIFTY_SMALLCAP_100,NIFTY_Smallcap_100_Jun2021.pdf
2021-06-30,ALOKINDS.NS,NIFTY_SMALLCAP_100,NIFTY_Smallcap_100_Jun2021.pdf
2021-06-30,AMARAJABAT.NS,NIFTY_MIDCAP_100,NIFTY_Midcap_100_Jun2021.pdf
2021-06-30,AMBER.NS,NIFTY_SMALLCAP_100,NIFTY_Smallcap_100_Jun2021.pdf
2021-06-30,AMBUJACEM.NS,NIFTY_100,NIFTY_100_Jun2021.pdf
2021-06-30,APLAPOLLO.NS,NIFTY_SMALLCAP_100,NIFTY_Smallcap_100_Jun2021.pdf
2021-06-30,APLLTD.NS,NIFTY_MIDCAP_100,NIFTY_Midcap_100_Jun2021.pdf
2021-06-30,APOLLOHOSP.NS,NIFTY_100,NIFTY_100_Jun2021.pdf
2021-06-30,APOLLOTYRE.NS,NIFTY_MIDCAP_100,NIFTY_Midcap_100_Jun2021.pdf
2021-06-30,ASHOKLEY.NS,NIFTY_MIDCAP_100,NIFTY_Midcap_100_Jun2021.pdf
2021-06-30,ASIANPAINT.NS,NIFTY_100,NIFTY_100_Jun2021.pdf
2021-06-30,ATGL.NS,NIFTY_MIDCAP_100,NIFTY_Midcap_100_Jun2021.pdf
2021-06-30,AUBANK.NS,NIFTY_MIDCAP_100,NIFTY_Midcap_100_Jun2021.pdf
2021-06-30,AUROPHARMA.NS,NIFTY_100,NIFTY_100_Jun2021.pdf
2021-06-30,AVANTIFEED.NS,NIFTY_SMALLCAP_100,NIFTY_Smallcap_100_Jun2021.pdf
2021-06-30,AXISBANK.NS,NIFTY_100,NIFTY_100_Jun2021.pdf
2021-06-30,BAJAJ-AUTO.NS,NIFTY_100,NIFTY_100_Jun2021.pdf
2021-06-30,BAJAJELEC.NS,NIFTY_SMALLCAP_100,NIFTY_Smallcap_100_Jun2021.pdf
2021-06-30,BAJAJFINSV.NS,NIFTY_100,NIFTY_100_Jun2021.pdf
2021-06-30,BAJAJHLDNG.NS,NIFTY_100,NIFTY_100_Jun2021.pdf
2021-06-30,BAJFINANCE.NS,NIFTY_100,NIFTY_100_Jun2021.pdf
2021-06-30,BALKRISIND.NS,NIFTY_MIDCAP_100,NIFTY_Midcap_100_Jun2021.pdf
2021-06-30,BALRAMCHIN.NS,NIFTY_SMALLCAP_100,NIFTY_Smallcap_100_Jun2021.pdf
2021-06-30,BANDHANBNK.NS,NIFTY_100,NIFTY_100_Jun2021.pdf
2021-06-30,BANKBARODA.NS,NIFTY_MIDCAP_100,NIFTY_Midcap_100_Jun2021.pdf
2021-06-30,BANKINDIA.NS,NIFTY_MIDCAP_100,NIFTY_Midcap_100_Jun2021.pdf
2021-06-30,BASF.NS,NIFTY_SMALLCAP_100,NIFTY_Smallcap_100_Jun2021.pdf
2021-06-30,BATAINDIA.NS,NIFTY_MIDCAP_100,NIFTY_Midcap_100_Jun2021.pdf
2021-06-30,BBTC.NS,NIFTY_MIDCAP_100,NIFTY_Midcap_100_Jun2021.pdf
2021-06-30,BDL.NS,NIFTY_SMALLCAP_100,NIFTY_Smallcap_100_Jun2021.pdf
2021-06-30,BEL.NS,NIFTY_MIDCAP_100,NIFTY_Midcap_100_Jun2021.pdf
2021-06-30,BEML.NS,NIFTY_SMALLCAP_100,NIFTY_Smallcap_100_Jun2021.pdf
2021-06-30,BERGEPAINT.NS,NIFTY_100,NIFTY_100_Jun2021.pdf
2021-06-30,BHARATFORG.NS,NIFTY_MIDCAP_100,NIFTY_Midcap_100_Jun2021.pdf
2021-06-30,BHARTIARTL.NS,NIFTY_100,NIFTY_100_Jun2021.pdf
2021-06-30,BHEL.NS,NIFTY_MIDCAP_100,NIFTY_Midcap_100_Jun2021.pdf
2021-06-30,BIOCON.NS,NIFTY_100,NIFTY_100_Jun2021.pdf
2021-06-30,BIRLACORPN.NS,NIFTY_SMALLCAP_100,NIFTY_Smallcap_100_Jun2021.pdf
2021-06-30,BLUEDART.NS,NIFTY_SMALLCAP_100,NIFTY_Smallcap_100_Jun2021.pdf
2021-06-30,BLUESTARCO.NS,NIFTY_SMALLCAP_100,NIFTY_Smallcap_100_Jun2021.pdf
2021-06-30,BOSCHLTD.NS,NIFTY_100,NIFTY_100_Jun2021.pdf
2021-06-30,BPCL.NS,NIFTY_100,NIFTY_100_Jun2021.pdf
2021-06-30,BRITANNIA.NS,NIFTY_100,NIFTY_100_Jun2021.pdf
2021-06-30,BSOFT.NS,NIFTY_SMALLCAP_100,NIFTY_Smallcap_100_Jun2021.pdf
2021-06-30,CADILAHC.NS,NIFTY_100,NIFTY_100_Jun2021.pdf
2021-06-30,CAMS.NS,NIFTY_SMALLCAP_100,NIFTY_Smallcap_100_Jun2021.pdf
2021-06-30,CANBK.NS,NIFTY_MIDCAP_100,NIFTY_Midcap_100_Jun2021.pdf
2021-06-30,CANFINHOME.NS,NIFTY_SMALLCAP_100,NIFTY_Smallcap_100_Jun2021.pdf
2021-06-30,CAPLIPOINT.NS,NIFTY_SMALLCAP_100,NIFTY_Smallcap_100_Jun2021.pdf
2021-06-30,CARBORUNIV.NS,NIFTY_SMALLCAP_100,NIFTY_Smallcap_100_Jun2021.pdf
2021-06-30,CASTROLIND.NS,NIFTY_MIDCAP_100,NIFTY_Midcap_100_Jun2021.pdf
2021-06-30,CDSL.NS,NIFTY_SMALLCAP_100,NIFTY_Smallcap_100_Jun2021.pdf
2021-06-30,CEATLTD.NS,NIFTY_SMALLCAP_100,NIFTY_Smallcap_100_Jun2021.pdf
2021-06-30,CENTURYPLY.NS,NIFTY_SMALLCAP_100,NIFTY_Smallcap_100_Jun2021.pdf
2021-06-30,CENTURYTEX.NS,NIFTY_SMALLCAP_100,NIFTY_Smallcap_100_Jun2021.pdf
2021-06-30,CESC.NS,NIFTY_MIDCAP_100,NIFTY_Midcap_100_Jun2021.pdf
2021-06-30,CHAMBLFERT.NS,NIFTY_SMALLCAP_100,NIFTY_Smallcap_100_Jun2021.pdf
2021-06-30,CHOLAFIN.NS,NIFTY_MIDCAP_100,NIFTY_Midcap_100_Jun2021.pdf
2021-06-30,CIPLA.NS,NIFTY_100,NIFTY_100_Jun2021.pdf
2021-06-30,COALINDIA.NS,NIFTY_100,NIFTY_100_Jun2021.pdf
2021-06-30,COCHINSHIP.NS,NIFTY_SMALLCAP_100,NIFTY_Smallcap_100_Jun2021.pdf
2021-06-30,COFORGE.NS,NIFTY_MIDCAP_100,NIFTY_Midcap_100_Jun2021.pdf
2021-06-30,COLPAL.NS,NIFTY_100,NIFTY_100_Jun2021.pdf
2021-06-30,CONCOR.NS,NIFTY_MIDCAP_100,NIFTY_Midcap_100_Jun2021.pdf
2021-06-30,COROMANDEL.NS,NIFTY_MIDCAP_100,NIFTY_Midcap_100_Jun2021.pdf
2021-06-30,CROMPTON.NS,NIFTY_MIDCAP_100,NIFTY_Midcap_100_Jun2021.pdf
2021-06-30,CSBBANK.NS,NIFTY_SMALLCAP_100,NIFTY_Smallcap_100_Jun2021.pdf
2021-06-30,CUB.NS,NIFTY_MIDCAP_100,NIFTY_Midcap_100_Jun2021.pdf
2021-06-30,CUMMINSIND.NS,NIFTY_MIDCAP_100,NIFTY_Midcap_100_Jun2021.pdf
2021-06-30,CYIENT.NS,NIFTY_SMALLCAP_100,NIFTY_Smallcap_100_Jun2021.pdf
2021-06-30,DABUR.NS,NIFTY_100,NIFTY_100_Jun2021.pdf
2021-06-30,DALBHARAT.NS,NIFTY_MIDCAP_100,NIFTY_Midcap_100_Jun2021.pdf
2021-06-30,DBL.NS,NIFTY_SMALLCAP_100,NIFTY_Smallcap_100_Jun2021.pdf
2021-06-30,DEEPAKNTR.NS,NIFTY_MIDCAP_100,NIFTY_Midcap_100_Jun2021.pdf
2021-06-30,DELTACORP.NS,NIFTY_SMALLCAP_100,NIFTY_Smallcap_100_Jun2021.pdf
2021-06-30,DHANI.NS,NIFTY_MIDCAP_100,NIFTY_Midcap_100_Jun2021.pdf
2021-06-30,DIVISLAB.NS,NIFTY_100,NIFTY_100_Jun2021.pdf
2021-06-30,DIXON.NS,NIFTY_MIDCAP_100,NIFTY_Midcap_100_Jun2021.pdf
2021-06-30,DLF.NS,NIFTY_100,NIFTY_100_Jun2021.pdf
2021-06-30,DMART.NS,NIFTY_100,NIFTY_100_Jun2021.pdf
2021-06-30,DRREDDY.NS,NIFTY_100,NIFTY_100_Jun2021.pdf
2021-06-30,EDELWEISS.NS,NIFTY_SMALLCAP_100,NIFTY_Smallcap_100_Jun2021.pdf
2021-06-30,EICHERMOT.NS,NIFTY_100,NIFTY_100_Jun2021.pdf
2021-06-30,EIDPARRY.NS,NIFTY_SMALLCAP_100,NIFTY_Smallcap_100_Jun2021.pdf
2021-06-30,EMAMILTD.NS,NIFTY_MIDCAP_100,NIFTY_Midcap_100_Jun2021.pdf
2021-06-30,ENDURANCE.NS,NIFTY_MIDCAP_100,NIFTY_Midcap_100_Jun2021.pdf
2021-06-30,ENGINERSIN.NS,NIFTY_SMALLCAP_100,NIFTY_Smallcap_100_Jun2021.pdf
2021-06-30,ESCORTS.NS,NIFTY_MIDCAP_100,NIFTY_Midcap_100_Jun2021.pdf
2021-06-30,EXIDEIND.NS,NIFTY_MIDCAP_100,NIFTY_Midcap_100_Jun2021.pdf
2021-06-30,FDC.NS,NIFTY_SMALLCAP_100,NIFTY_Smallcap_100_Jun2021.pdf
2021-06-30,FEDERALBNK.NS,NIFTY_MIDCAP_100,NIFTY_Midcap_100_Jun2021.pdf
2021-06-30,FINEORG.NS,NIFTY_SMALLCAP_100,NIFTY_Smallcap_100_Jun2021.pdf
2021-06-30,FORTIS.NS,NIFTY_MIDCAP_100,NIFTY_Midcap_100_Jun2021.pdf
2021-06-30,FRETAIL.NS,NIFTY_SMALLCAP_100,NIFTY_Smallcap_100_Jun2021.pdf
2021-06-30,FSL.NS,NIFTY_SMALLCAP_100,NIFTY_Smallcap_100_Jun2021.pdf
2021-06-30,GAIL.NS,NIFTY_100,NIFTY_100_Jun2021.pdf
2021-06-30,GLAND.NS,NIFTY_100,NIFTY_100_Jun2021.pdf
2021-06-30,GLENMARK.NS,NIFTY_MIDCAP_100,NIFTY_Midcap_100_Jun2021.pdf
2021-06-30,GMMPFAUDLR.NS,NIFTY_SMALLCAP_100,NIFTY_Smallcap_100_Jun2021.pdf
2021-06-30,GMRINFRA.NS,NIFTY_MIDCAP_100,NIFTY_Midcap_100_Jun2021.pdf
2021-06-30,GNFC.NS,NIFTY_SMALLCAP_100,NIFTY_Smallcap_100_Jun2021.pdf
2021-06-30,GODFRYPHLP.NS,NIFTY_SMALLCAP_100,NIFTY_Smallcap_100_Jun2021.pdf
2021-06-30,GODREJAGRO.NS,NIFTY_MIDCAP_100,NIFTY_Midcap_100_Jun2021.pdf
2021-06-30,GODREJCP.NS,NIFTY_100,NIFTY_100_Jun2021.pdf
2021-06-30,GODREJIND.NS,NIFTY_MIDCAP_100,NIFTY_Midcap_100_Jun2021.pdf
2021-06-30,GODREJPROP.NS,NIFTY_MIDCAP_100,NIFTY_Midcap_100_Jun2021.pdf
2021-06-30,GRANULES.NS,NIFTY_SMALLCAP_100,NIFTY_Smallcap_100_Jun2021.pdf
2021-06-30,GRAPHITE.NS,NIFTY_SMALLCAP_100,NIFTY_Smallcap_100_Jun2021.pdf
2021-06-30,GRASIM.NS,NIFTY_100,NIFTY_100_Jun2021.pdf
2021-06-30,GSPL.NS,NIFTY_MIDCAP_100,NIFTY_Midcap_100_Jun2021.pdf
2021-06-30,GUJGASLTD.NS,NIFTY_MIDCAP_100,NIFTY_Midcap_100_Jun2021.pdf
2021-06-30,HAL.NS,NIFTY_MIDCAP_100,NIFTY_Midcap_100_Jun2021.pdf
2021-06-30,HAPPSTMNDS.NS,NIFTY_SMALLCAP_100,NIFTY_Smallcap_100_Jun2021.pdf
2021-06-30,HAVELLS.NS,NIFTY_100,NIFTY_100_Jun2021.pdf
2021-06-30,HCLTECH.NS,NIFTY_100,NIFTY_100_Jun2021.pdf
2021-06-30,HDFC.NS,NIFTY_100,NIFTY_100_Jun2021.pdf
2021-06-30,HDFCAMC.NS,NIFTY_100,NIFTY_100_Jun2021.pdf
2021-06-30,HDFCBANK.NS,NIFTY_100,NIFTY_100_Jun2021.pdf
2021-06-30,HDFCLIFE.NS,NIFTY_100,NIFTY_100_Jun2021.pdf
2021-06-30,HEG.NS,NIFTY_SMALLCAP_100,NIFTY_Smallcap_100_Jun2021.pdf
2021-06-30,HEIDELBERG.NS,NIFTY_SMALLCAP_100,NIFTY_Smallcap_100_Jun2021.pdf
2021-06-30,HEROMOTOCO.NS,NIFTY_100,NIFTY_100_Jun2021.pdf
2021-06-30,HINDALCO.NS,NIFTY_100,NIFTY_100_Jun2021.pdf
2021-06-30,HINDCOPPER.NS,NIFTY_SMALLCAP_100,NIFTY_Smallcap_100_Jun2021.pdf
2021-06-30,HINDPETRO.NS,NIFTY_100,NIFTY_100_Jun2021.pdf
2021-06-30,HINDUNILVR.NS,NIFTY_100,NIFTY_100_Jun2021.pdf
2021-06-30,HINDZINC.NS,NIFTY_MIDCAP_100,NIFTY_Midcap_100_Jun2021.pdf
2021-06-30,IBULHSGFIN.NS,NIFTY_MIDCAP_100,NIFTY_Midcap_100_Jun2021.pdf
2021-06-30,ICICIBANK.NS,NIFTY_100,NIFTY_100_Jun2021.pdf
2021-06-30,ICICIGI.NS,NIFTY_100,NIFTY_100_Jun2021.pdf
2021-06-30,ICICIPRULI.NS,NIFTY_100,NIFTY_100_Jun2021.pdf
2021-06-30,IDEA.NS,NIFTY_MIDCAP_100,NIFTY_Midcap_100_Jun2021.pdf
2021-06-30,IDFC.NS,NIFTY_SMALLCAP_100,NIFTY_Smallcap_100_Jun2021.pdf
2021-06-30,IDFCFIRSTB.NS,NIFTY_MIDCAP_100,NIFTY_Midcap_100_Jun2021.pdf
2021-06-30,IEX.NS,NIFTY_SMALLCAP_100,NIFTY_Smallcap_100_Jun2021.pdf
2021-06-30,IGL.NS,NIFTY_100,NIFTY_100_Jun2021.pdf
2021-06-30,INDHOTEL.NS,NIFTY_MIDCAP_100,NIFTY_Midcap_100_Jun2021.pdf
2021-06-30,INDIACEM.NS,NIFTY_SMALLCAP_100,NIFTY_Smallcap_100_Jun2021.pdf
2021-06-30,INDIAMART.NS,NIFTY_MIDCAP_100,NIFTY_Midcap_100_Jun2021.pdf
2021-06-30,INDIANB.NS,NIFTY_SMALLCAP_100,NIFTY_Smallcap_100_Jun2021.pdf
2021-06-30,INDIGO.NS,NIFTY_100,NIFTY_100_Jun2021.pdf
2021-06-30,INDUSINDBK.NS,NIFTY_100,NIFTY_100_Jun2021.pdf
2021-06-30,INDUSTOWER.NS,NIFTY_100,NIFTY_100_Jun2021.pdf
2021-06-30,INFY.NS,NIFTY_100,NIFTY_100_Jun2021.pdf
2021-06-30,IOC.NS,NIFTY_100,NIFTY_100_Jun2021.pdf
2021-06-30,IOLCP.NS,NIFTY_SMALLCAP_100,NIFTY_Smallcap_100_Jun2021.pdf
2021-06-30,IPCALAB.NS,NIFTY_MIDCAP_100,NIFTY_Midcap_100_Jun2021.pdf
2021-06-30,IRB.NS,NIFTY_SMALLCAP_100,NIFTY_Smallcap_100_Jun2021.pdf
2021-06-30,IRCON.NS,NIFTY_SMALLCAP_100,NIFTY_Smallcap_100_Jun2021.pdf
2021-06-30,IRCTC.NS,NIFTY_MIDCAP_100,NIFTY_Midcap_100_Jun2021.pdf
2021-06-30,ISEC.NS,NIFTY_MIDCAP_100,NIFTY_Midcap_100_Jun2021.pdf
2021-06-30,ITC.NS,NIFTY_100,NIFTY_100_Jun2021.pdf
2021-06-30,JBCHEPHARM.NS,NIFTY_SMALLCAP_100,NIFTY_Smallcap_100_Jun2021.pdf
2021-06-30,JINDALSTEL.NS,NIFTY_MIDCAP_100,NIFTY_Midcap_100_Jun2021.pdf
2021-06-30,JKLAKSHMI.NS,NIFTY_SMALLCAP_100,NIFTY_Smallcap_100_Jun2021.pdf
2021-06-30,JSWENERGY.NS,NIFTY_MIDCAP_100,NIFTY_Midcap_100_Jun2021.pdf
2021-06-30,JSWSTEEL.NS,NIFTY_100,NIFTY_100_Jun2021.pdf
2021-06-30,JUBLFOOD.NS,NIFTY_100,NIFTY_100_Jun2021.pdf
2021-06-30,JUSTDIAL.NS,NIFTY_SMALLCAP_100,NIFTY_Smallcap_100_Jun2021.pdf
2021-06-30,KAJARIACER.NS,NIFTY_SMALLCAP_100,NIFTY_Smallcap_100_Jun2021.pdf
2021-06-30,KALPATPOWR.NS,NIFTY_SMALLCAP_100,NIFTY_Smallcap_100_Jun2021.pdf
2021-06-30,KARURVYSYA.NS,NIFTY_SMALLCAP_100,NIFTY_Smallcap_100_Jun2021.pdf
2021-06-30,KEC.NS,NIFTY_SMALLCAP_100,NIFTY_Smallcap_100_Jun2021.pdf
2021-06-30,KEI.NS,NIFTY_SMALLCAP_100,NIFTY_Smallcap_100_Jun2021.pdf
2021-06-30,KOTAKBANK.NS,NIFTY_100,NIFTY_100_Jun2021.pdf
2021-06-30,KSCL.NS,NIFTY_SMALLCAP_100,NIFTY_Smallcap_100_Jun2021.pdf
2021-06-30,L&TFH.NS,NIFTY_MIDCAP_100,NIFTY_Midcap_100_Jun2021.pdf
2021-06-30,LALPATHLAB.NS,NIFTY_MIDCAP_100,NIFTY_Midcap_100_Jun2021.pdf
2021-06-30,LAURUSLABS.NS,NIFTY_MIDCAP_100,NIFTY_Midcap_100_Jun2021.pdf
2021-06-30,LICHSGFIN.NS,NIFTY_MIDCAP_100,NIFTY_Midcap_100_Jun2021.pdf
2021-06-30,LINDEINDIA.NS,NIFTY_SMALLCAP_100,NIFTY_Smallcap_100_Jun2021.pdf
2021-06-30,LT.NS,NIFTY_100,NIFTY_100_Jun2021.pdf
2021-06-30,LTI.NS,NIFTY_100,NIFTY_100_Jun2021.pdf
2021-06-30,LTTS.NS,NIFTY_MIDCAP_100,NIFTY_Midcap_100_Jun2021.pdf
2021-06-30,LUPIN.NS,NIFTY_100,NIFTY_100_Jun2021.pdf
2021-06-30,LUXIND.NS,NIFTY_SMALLCAP_100,NIFTY_Smallcap_100_Jun2021.pdf
2021-06-30,M&M.NS,NIFTY_100,NIFTY_100_Jun2021.pdf
2021-06-30,M&MFIN.NS,NIFTY_MIDCAP_100,NIFTY_Midcap_100_Jun2021.pdf
2021-06-30,MANAPPURAM.NS,NIFTY_MIDCAP_100,NIFTY_Midcap_100_Jun2021.pdf
2021-06-30,MARICO.NS,NIFTY_100,NIFTY_100_Jun2021.pdf
2021-06-30,MARUTI.NS,NIFTY_100,NIFTY_100_Jun2021.pdf
2021-06-30,MAZDOCK.NS,NIFTY_SMALLCAP_100,NIFTY_Smallcap_100_Jun2021.pdf
2021-06-30,MCDOWELL-N.NS,NIFTY_100,NIFTY_100_Jun2021.pdf
2021-06-30,MCX.NS,NIFTY_SMALLCAP_100,NIFTY_Smallcap_100_Jun2021.pdf
2021-06-30,MFSL.NS,NIFTY_MIDCAP_100,NIFTY_Midcap_100_Jun2021.pdf
2021-06-30,MGL.NS,NIFTY_MIDCAP_100,NIFTY_Midcap_100_Jun2021.pdf
2021-06-30,MIDHANI.NS,NIFTY_SMALLCAP_100,NIFTY_Smallcap_100_Jun2021.pdf
2021-06-30,MINDTREE.NS,NIFTY_MIDCAP_100,NIFTY_Midcap_100_Jun2021.pdf
2021-06-30,MPHASIS.NS,NIFTY_MIDCAP_100,NIFTY_Midcap_100_Jun2021.pdf
2021-06-30,MRF.NS,NIFTY_100,NIFTY_100_Jun2021.pdf
2021-06-30,MUTHOOTFIN.NS,NIFTY_100,NIFTY_100_Jun2021.pdf
2021-06-30,NAM-INDIA.NS,NIFTY_MIDCAP_100,NIFTY_Midcap_100_Jun2021.pdf
2021-06-30,NATCOPHARM.NS,NIFTY_MIDCAP_100,NIFTY_Midcap_100_Jun2021.pdf
2021-06-30,NATIONALUM.NS,NIFTY_SMALLCAP_100,NIFTY_Smallcap_100_Jun2021.pdf
2021-06-30,NAUKRI.NS,NIFTY_100,NIFTY_100_Jun2021.pdf
2021-06-30,NAVINFLUOR.NS,NIFTY_MIDCAP_100,NIFTY_Midcap_100_Jun2021.pdf
2021-06-30,NBCC.NS,NIFTY_SMALLCAP_100,NIFTY_Smallcap_100_Jun2021.pdf
2021-06-30,NESTLEIND.NS,NIFTY_100,NIFTY_100_Jun2021.pdf
2021-06-30,NMDC.NS,NIFTY_100,NIFTY_100_Jun2021.pdf
2021-06-30,NTPC.NS,NIFTY_100,NIFTY_100_Jun2021.pdf
2021-06-30,OBEROIRLTY.NS,NIFTY_MIDCAP_100,NIFTY_Midcap_100_Jun2021.pdf
2021-06-30,OIL.NS,NIFTY_MIDCAP_100,NIFTY_Midcap_100_Jun2021.pdf
2021-06-30,ONGC.NS,NIFTY_100,NIFTY_100_Jun2021.pdf
2021-06-30,PAGEIND.NS,NIFTY_MIDCAP_100,NIFTY_Midcap_100_Jun2021.pdf
2021-06-30,PEL.NS,NIFTY_100,NIFTY_100_Jun2021.pdf
2021-06-30,PETRONET.NS,NIFTY_100,NIFTY_100_Jun2021.pdf
2021-06-30,PFC.NS,NIFTY_MIDCAP_100,NIFTY_Midcap_100_Jun2021.pdf
2021-06-30,PFIZER.NS,NIFTY_MIDCAP_100,NIFTY_Midcap_100_Jun2021.pdf
2021-06-30,PGHH.NS,NIFTY_100,NIFTY_100_Jun2021.pdf
2021-06-30,PIDILITIND.NS,NIFTY_100,NIFTY_100_Jun2021.pdf
2021-06-30,PIIND.NS,NIFTY_MIDCAP_100,NIFTY_Midcap_100_Jun2021.pdf
2021-06-30,PNB.NS,NIFTY_100,NIFTY_100_Jun2021.pdf
2021-06-30,PNBHOUSING.NS,NIFTY_SMALLCAP_100,NIFTY_Smallcap_100_Jun2021.pdf
2021-06-30,POLYCAB.NS,NIFTY_MIDCAP_100,NIFTY_Midcap_100_Jun2021.pdf
2021-06-30,POWERGRID.NS,NIFTY_100,NIFTY_100_Jun2021.pdf
2021-06-30,PRESTIGE.NS,NIFTY_MIDCAP_100,NIFTY_Midcap_100_Jun2021.pdf
2021-06-30,PVR.NS,NIFTY_SMALLCAP_100,NIFTY_Smallcap_100_Jun2021.pdf
2021-06-30,QUESS.NS,NIFTY_SMALLCAP_100,NIFTY_Smallcap_100_Jun2021.pdf
2021-06-30,RADICO.NS,NIFTY_SMALLCAP_100,NIFTY_Smallcap_100_Jun2021.pdf
2021-06-30,RAIN.NS,NIFTY_SMALLCAP_100,NIFTY_Smallcap_100_Jun2021.pdf
2021-06-30,RALLIS.NS,NIFTY_SMALLCAP_100,NIFTY_Smallcap_100_Jun2021.pdf
2021-06-30,RAMCOCEM.NS,NIFTY_MIDCAP_100,NIFTY_Midcap_100_Jun2021.pdf
2021-06-30,RBLBANK.NS,NIFTY_MIDCAP_100,NIFTY_Midcap_100_Jun2021.pdf
2021-06-30,RECLTD.NS,NIFTY_MIDCAP_100,NIFTY_Midcap_100_Jun2021.pdf
2021-06-30,RELIANCE.NS,NIFTY_100,NIFTY_100_Jun2021.pdf
2021-06-30,RITES.NS,NIFTY_SMALLCAP_100,NIFTY_Smallcap_100_Jun2021.pdf
2021-06-30,ROSSARI.NS,NIFTY_SMALLCAP_100,NIFTY_Smallcap_100_Jun2021.pdf
2021-06-30,ROUTE.NS,NIFTY_SMALLCAP_100,NIFTY_Smallcap_100_Jun2021.pdf
2021-06-30,RVNL.NS,NIFTY_SMALLCAP_100,NIFTY_Smallcap_100_Jun2021.pdf
2021-06-30,SAIL.NS,NIFTY_MIDCAP_100,NIFTY_Midcap_100_Jun2021.pdf
2021-06-30,SANOFI.NS,NIFTY_MIDCAP_100,NIFTY_Midcap_100_Jun2021.pdf
2021-06-30,SBICARD.NS,NIFTY_100,NIFTY_100_Jun2021.pdf
2021-06-30,SBILIFE.NS,NIFTY_100,NIFTY_100_Jun2021.pdf
2021-06-30,SBIN.NS,NIFTY_100,NIFTY_100_Jun2021.pdf
2021-06-30,SEQUENT.NS,NIFTY_SMALLCAP_100,NIFTY_Smallcap_100_Jun2021.pdf
2021-06-30,SHILPAMED.NS,NIFTY_SMALLCAP_100,NIFTY_Smallcap_100_Jun2021.pdf
2021-06-30,SHREECEM.NS,NIFTY_100,NIFTY_100_Jun2021.pdf
2021-06-30,SIEMENS.NS,NIFTY_100,NIFTY_100_Jun2021.pdf
2021-06-30,SONATSOFTW.NS,NIFTY_SMALLCAP_100,NIFTY_Smallcap_100_Jun2021.pdf
2021-06-30,SPARC.NS,NIFTY_SMALLCAP_100,NIFTY_Smallcap_100_Jun2021.pdf
2021-06-30,SPICEJET.NS,NIFTY_SMALLCAP_100,NIFTY_Smallcap_100_Jun2021.pdf
2021-06-30,SRF.NS,NIFTY_MIDCAP_100,NIFTY_Midcap_100_Jun2021.pdf
2021-06-30,SRTRANSFIN.NS,NIFTY_MIDCAP_100,NIFTY_Midcap_100_Jun2021.pdf
2021-06-30,STAR.NS,NIFTY_SMALLCAP_100,NIFTY_Smallcap_100_Jun2021.pdf
2021-06-30,STLTECH.NS,NIFTY_SMALLCAP_100,NIFTY_Smallcap_100_Jun2021.pdf
2021-06-30,SUNPHARMA.NS,NIFTY_100,NIFTY_100_Jun2021.pdf
2021-06-30,SUNTECK.NS,NIFTY_SMALLCAP_100,NIFTY_Smallcap_100_Jun2021.pdf
2021-06-30,SUNTV.NS,NIFTY_MIDCAP_100,NIFTY_Midcap_100_Jun2021.pdf
2021-06-30,SWSOLAR.NS,NIFTY_SMALLCAP_100,NIFTY_Smallcap_100_Jun2021.pdf
2021-06-30,SYNGENE.NS,NIFTY_MIDCAP_100,NIFTY_Midcap_100_Jun2021.pdf
2021-06-30,TANLA.NS,NIFTY_SMALLCAP_100,NIFTY_Smallcap_100_Jun2021.pdf
2021-06-30,TATACHEM.NS,NIFTY_MIDCAP_100,NIFTY_Midcap_100_Jun2021.pdf
2021-06-30,TATACONSUM.NS,NIFTY_100,NIFTY_100_Jun2021.pdf
2021-06-30,TATAELXSI.NS,NIFTY_MIDCAP_100,NIFTY_Midcap_100_Jun2021.pdf
2021-06-30,TATAMOTORS.NS,NIFTY_100,NIFTY_100_Jun2021.pdf
2021-06-30,TATAPOWER.NS,NIFTY_MIDCAP_100,NIFTY_Midcap_100_Jun2021.pdf
2021-06-30,TATASTEEL.NS,NIFTY_100,NIFTY_100_Jun2021.pdf
2021-06-30,TCS.NS,NIFTY_100,NIFTY_100_Jun2021.pdf
2021-06-30,TECHM.NS,NIFTY_100,NIFTY_100_Jun2021.pdf
2021-06-30,THYROCARE.NS,NIFTY_SMALLCAP_100,NIFTY_Smallcap_100_Jun2021.pdf
2021-06-30,TITAN.NS,NIFTY_100,NIFTY_100_Jun2021.pdf
2021-06-30,TORNTPHARM.NS,NIFTY_100,NIFTY_100_Jun2021.pdf
2021-06-30,TORNTPOWER.NS,NIFTY_MIDCAP_100,NIFTY_Midcap_100_Jun2021.pdf
2021-06-30,TRENT.NS,NIFTY_MIDCAP_100,NIFTY_Midcap_100_Jun2021.pdf
2021-06-30,TRIDENT.NS,NIFTY_SMALLCAP_100,NIFTY_Smallcap_100_Jun2021.pdf
2021-06-30,TV18BRDCST.NS,NIFTY_SMALLCAP_100,NIFTY_Smallcap_100_Jun2021.pdf
2021-06-30,TVSMOTOR.NS,NIFTY_MIDCAP_100,NIFTY_Midcap_100_Jun2021.pdf
2021-06-30,UBL.NS,NIFTY_100,NIFTY_100_Jun2021.pdf
2021-06-30,UJJIVANSFB.NS,NIFTY_SMALLCAP_100,NIFTY_Smallcap_100_Jun2021.pdf
2021-06-30,ULTRACEMCO.NS,NIFTY_100,NIFTY_100_Jun2021.pdf
2021-06-30,UNIONBANK.NS,NIFTY_MIDCAP_100,NIFTY_Midcap_100_Jun2021.pdf
2021-06-30,UPL.NS,NIFTY_100,NIFTY_100_Jun2021.pdf
2021-06-30,UTIAMC.NS,NIFTY_SMALLCAP_100,NIFTY_Smallcap_100_Jun2021.pdf
2021-06-30,VAKRANGEE.NS,NIFTY_SMALLCAP_100,NIFTY_Smallcap_100_Jun2021.pdf
2021-06-30,VBL.NS,NIFTY_MIDCAP_100,NIFTY_Midcap_100_Jun2021.pdf
2021-06-30,VEDL.NS,NIFTY_100,NIFTY_100_Jun2021.pdf
2021-06-30,VGUARD.NS,NIFTY_MIDCAP_100,NIFTY_Midcap_100_Jun2021.pdf
2021-06-30,VIPIND.NS,NIFTY_SMALLCAP_100,NIFTY_Smallcap_100_Jun2021.pdf
2021-06-30,VOLTAS.NS,NIFTY_MIDCAP_100,NIFTY_Midcap_100_Jun2021.pdf
2021-06-30,WELSPUNIND.NS,NIFTY_SMALLCAP_100,NIFTY_Smallcap_100_Jun2021.pdf
2021-06-30,WESTLIFE.NS,NIFTY_SMALLCAP_100,NIFTY_Smallcap_100_Jun2021.pdf
2021-06-30,WHIRLPOOL.NS,NIFTY_MIDCAP_100,NIFTY_Midcap_100_Jun2021.pdf
2021-06-30,WIPRO.NS,NIFTY_100,NIFTY_100_Jun2021.pdf
2021-06-30,WOCKPHARMA.NS,NIFTY_SMALLCAP_100,NIFTY_Smallcap_100_Jun2021.pdf
2021-06-30,YESBANK.NS,NIFTY_100,NIFTY_100_Jun2021.pdf
2021-06-30,ZEEL.NS,NIFTY_MIDCAP_100,NIFTY_Midcap_100_Jun2021.pdf
2021-07-30,AARTIDRUGS.NS,NIFTY_SMALLCAP_100,NIFTY_Smallcap_100_Jul2021.pdf
2021-07-30,AARTIIND.NS,NIFTY_MIDCAP_100,NIFTY_Midcap_100_Jul2021.pdf
2021-07-30,ABBOTINDIA.NS,NIFTY_100,NIFTY_100_Jul2021.pdf
2021-07-30,ABCAPITAL.NS,NIFTY_MIDCAP_100,NIFTY_Midcap_100_Jul2021.pdf
2021-07-30,ABFRL.NS,NIFTY_MIDCAP_100,NIFTY_Midcap_100_Jul2021.pdf
2021-07-30,ACC.NS,NIFTY_100,NIFTY_100_Jul2021.pdf
2021-07-30,ADANIENT.NS,NIFTY_100,NIFTY_100_Jul2021.pdf
2021-07-30,ADANIGREEN.NS,NIFTY_100,NIFTY_100_Jul2021.pdf
2021-07-30,ADANIPORTS.NS,NIFTY_100,NIFTY_100_Jul2021.pdf
2021-07-30,ADANITRANS.NS,NIFTY_100,NIFTY_100_Jul2021.pdf
2021-07-30,AEGISCHEM.NS,NIFTY_SMALLCAP_100,NIFTY_Smallcap_100_Jul2021.pdf
2021-07-30,AFFLE.NS,NIFTY_SMALLCAP_100,NIFTY_Smallcap_100_Jul2021.pdf
2021-07-30,AJANTPHARM.NS,NIFTY_MIDCAP_100,NIFTY_Midcap_100_Jul2021.pdf
2021-07-30,ALKEM.NS,NIFTY_100,NIFTY_100_Jul2021.pdf
2021-07-30,ALKYLAMINE.NS,NIFTY_SMALLCAP_100,NIFTY_Smallcap_100_Jul2021.pdf
2021-07-30,ALOKINDS.NS,NIFTY_SMALLCAP_100,NIFTY_Smallcap_100_Jul2021.pdf
2021-07-30,AMARAJABAT.NS,NIFTY_MIDCAP_100,NIFTY_Midcap_100_Jul2021.pdf
2021-07-30,AMBER.NS,NIFTY_SMALLCAP_100,NIFTY_Smallcap_100_Jul2021.pdf
2021-07-30,AMBUJACEM.NS,NIFTY_100,NIFTY_100_Jul2021.pdf
2021-07-30,APLAPOLLO.NS,NIFTY_SMALLCAP_100,NIFTY_Smallcap_100_Jul2021.pdf
2021-07-30,APLLTD.NS,NIFTY_MIDCAP_100,NIFTY_Midcap_100_Jul2021.pdf
2021-07-30,APOLLOHOSP.NS,NIFTY_100,NIFTY_100_Jul2021.pdf
2021-07-30,APOLLOTYRE.NS,NIFTY_MIDCAP_100,NIFTY_Midcap_100_Jul2021.pdf
2021-07-30,ASHOKLEY.NS,NIFTY_MIDCAP_100,NIFTY_Midcap_100_Jul2021.pdf
2021-07-30,ASIANPAINT.NS,NIFTY_100,NIFTY_100_Jul2021.pdf
2021-07-30,ATGL.NS,NIFTY_MIDCAP_100,NIFTY_Midcap_100_Jul2021.pdf
2021-07-30,AUBANK.NS,NIFTY_MIDCAP_100,NIFTY_Midcap_100_Jul2021.pdf
2021-07-30,AUROPHARMA.NS,NIFTY_100,NIFTY_100_Jul2021.pdf
2021-07-30,AVANTIFEED.NS,NIFTY_SMALLCAP_100,NIFTY_Smallcap_100_Jul2021.pdf
2021-07-30,AXISBANK.NS,NIFTY_100,NIFTY_100_Jul2021.pdf
2021-07-30,BAJAJ-AUTO.NS,NIFTY_100,NIFTY_100_Jul2021.pdf
2021-07-30,BAJAJELEC.NS,NIFTY_SMALLCAP_100,NIFTY_Smallcap_100_Jul2021.pdf
2021-07-30,BAJAJFINSV.NS,NIFTY_100,NIFTY_100_Jul2021.pdf
2021-07-30,BAJAJHLDNG.NS,NIFTY_100,NIFTY_100_Jul2021.pdf
2021-07-30,BAJFINANCE.NS,NIFTY_100,NIFTY_100_Jul2021.pdf
2021-07-30,BALKRISIND.NS,NIFTY_MIDCAP_100,NIFTY_Midcap_100_Jul2021.pdf
2021-07-30,BALRAMCHIN.NS,NIFTY_SMALLCAP_100,NIFTY_Smallcap_100_Jul2021.pdf
2021-07-30,BANDHANBNK.NS,NIFTY_100,NIFTY_100_Jul2021.pdf
2021-07-30,BANKBARODA.NS,NIFTY_MIDCAP_100,NIFTY_Midcap_100_Jul2021.pdf
2021-07-30,BANKINDIA.NS,NIFTY_MIDCAP_100,NIFTY_Midcap_100_Jul2021.pdf
2021-07-30,BASF.NS,NIFTY_SMALLCAP_100,NIFTY_Smallcap_100_Jul2021.pdf
2021-07-30,BATAINDIA.NS,NIFTY_MIDCAP_100,NIFTY_Midcap_100_Jul2021.pdf
2021-07-30,BBTC.NS,NIFTY_MIDCAP_100,NIFTY_Midcap_100_Jul2021.pdf
2021-07-30,BDL.NS,NIFTY_SMALLCAP_100,NIFTY_Smallcap_100_Jul2021.pdf
2021-07-30,BEL.NS,NIFTY_MIDCAP_100,NIFTY_Midcap_100_Jul2021.pdf
2021-07-30,BEML.NS,NIFTY_SMALLCAP_100,NIFTY_Smallcap_100_Jul2021.pdf
2021-07-30,BERGEPAINT.NS,NIFTY_100,NIFTY_100_Jul2021.pdf
2021-07-30,BHARATFORG.NS,NIFTY_MIDCAP_100,NIFTY_Midcap_100_Jul2021.pdf
2021-07-30,BHARTIARTL.NS,NIFTY_100,NIFTY_100_Jul2021.pdf
2021-07-30,BHEL.NS,NIFTY_MIDCAP_100,NIFTY_Midcap_100_Jul2021.pdf
2021-07-30,BIOCON.NS,NIFTY_100,NIFTY_100_Jul2021.pdf
2021-07-30,BIRLACORPN.NS,NIFTY_SMALLCAP_100,NIFTY_Smallcap_100_Jul2021.pdf
2021-07-30,BLUEDART.NS,NIFTY_SMALLCAP_100,NIFTY_Smallcap_100_Jul2021.pdf
2021-07-30,BLUESTARCO.NS,NIFTY_SMALLCAP_100,NIFTY_Smallcap_100_Jul2021.pdf
2021-07-30,BOSCHLTD.NS,NIFTY_100,NIFTY_100_Jul2021.pdf
2021-07-30,BPCL.NS,NIFTY_100,NIFTY_100_Jul2021.pdf
2021-07-30,BRITANNIA.NS,NIFTY_100,NIFTY_100_Jul2021.pdf
2021-07-30,BSOFT.NS,NIFTY_SMALLCAP_100,NIFTY_Smallcap_100_Jul2021.pdf
2021-07-30,CADILAHC.NS,NIFTY_100,NIFTY_100_Jul2021.pdf
2021-07-30,CAMS.NS,NIFTY_SMALLCAP_100,NIFTY_Smallcap_100_Jul2021.pdf
2021-07-30,CANBK.NS,NIFTY_MIDCAP_100,NIFTY_Midcap_100_Jul2021.pdf
2021-07-30,CANFINHOME.NS,NIFTY_SMALLCAP_100,NIFTY_Smallcap_100_Jul2021.pdf
2021-07-30,CAPLIPOINT.NS,NIFTY_SMALLCAP_100,NIFTY_Smallcap_100_Jul2021.pdf
2021-07-30,CARBORUNIV.NS,NIFTY_SMALLCAP_100,NIFTY_Smallcap_100_Jul2021.pdf
2021-07-30,CASTROLIND.NS,NIFTY_MIDCAP_100,NIFTY_Midcap_100_Jul2021.pdf
2021-07-30,CDSL.NS,NIFTY_SMALLCAP_100,NIFTY_Smallcap_100_Jul2021.pdf
2021-07-30,CEATLTD.NS,NIFTY_SMALLCAP_100,NIFTY_Smallcap_100_Jul2021.pdf
2021-07-30,CENTURYPLY.NS,NIFTY_SMALLCAP_100,NIFTY_Smallcap_100_Jul2021.pdf
2021-07-30,CENTURYTEX.NS,NIFTY_SMALLCAP_100,NIFTY_Smallcap_100_Jul2021.pdf
2021-07-30,CESC.NS,NIFTY_MIDCAP_100,NIFTY_Midcap_100_Jul2021.pdf
2021-07-30,CHAMBLFERT.NS,NIFTY_SMALLCAP_100,NIFTY_Smallcap_100_Jul2021.pdf
2021-07-30,CHOLAFIN.NS,NIFTY_MIDCAP_100,NIFTY_Midcap_100_Jul2021.pdf
2021-07-30,CIPLA.NS,NIFTY_100,NIFTY_100_Jul2021.pdf
2021-07-30,COALINDIA.NS,NIFTY_100,NIFTY_100_Jul2021.pdf
2021-07-30,COCHINSHIP.NS,NIFTY_SMALLCAP_100,NIFTY_Smallcap_100_Jul2021.pdf
2021-07-30,COFORGE.NS,NIFTY_MIDCAP_100,NIFTY_Midcap_100_Jul2021.pdf
2021-07-30,COLPAL.NS,NIFTY_100,NIFTY_100_Jul2021.pdf
2021-07-30,CONCOR.NS,NIFTY_MIDCAP_100,NIFTY_Midcap_100_Jul2021.pdf
2021-07-30,COROMANDEL.NS,NIFTY_MIDCAP_100,NIFTY_Midcap_100_Jul2021.pdf
2021-07-30,CROMPTON.NS,NIFTY_MIDCAP_100,NIFTY_Midcap_100_Jul2021.pdf
2021-07-30,CSBBANK.NS,NIFTY_SMALLCAP_100,NIFTY_Smallcap_100_Jul2021.pdf
2021-07-30,CUB.NS,NIFTY_MIDCAP_100,NIFTY_Midcap_100_Jul2021.pdf
2021-07-30,CUMMINSIND.NS,NIFTY_MIDCAP_100,NIFTY_Midcap_100_Jul2021.pdf
2021-07-30,CYIENT.NS,NIFTY_SMALLCAP_100,NIFTY_Smallcap_100_Jul2021.pdf
2021-07-30,DABUR.NS,NIFTY_100,NIFTY_100_Jul2021.pdf
2021-07-30,DALBHARAT.NS,NIFTY_MIDCAP_100,NIFTY_Midcap_100_Jul2021.pdf
2021-07-30,DBL.NS,NIFTY_SMALLCAP_100,NIFTY_Smallcap_100_Jul2021.pdf
2021-07-30,DEEPAKNTR.NS,NIFTY_MIDCAP_100,NIFTY_Midcap_100_Jul2021.pdf
2021-07-30,DELTACORP.NS,NIFTY_SMALLCAP_100,NIFTY_Smallcap_100_Jul2021.pdf
2021-07-30,DHANI.NS,NIFTY_MIDCAP_100,NIFTY_Midcap_100_Jul2021.pdf
2021-07-30,DIVISLAB.NS,NIFTY_100,NIFTY_100_Jul2021.pdf
2021-07-30,DIXON.NS,NIFTY_MIDCAP_100,NIFTY_Midcap_100_Jul2021.pdf
2021-07-30,DLF.NS,NIFTY_100,NIFTY_100_Jul2021.pdf
2021-07-30,DMART.NS,NIFTY_100,NIFTY_100_Jul2021.pdf
2021-07-30,DRREDDY.NS,NIFTY_100,NIFTY_100_Jul2021.pdf
2021-07-30,EDELWEISS.NS,NIFTY_SMALLCAP_100,NIFTY_Smallcap_100_Jul2021.pdf
2021-07-30,EICHERMOT.NS,NIFTY_100,NIFTY_100_Jul2021.pdf
2021-07-30,EIDPARRY.NS,NIFTY_SMALLCAP_100,NIFTY_Smallcap_100_Jul2021.pdf
2021-07-30,EMAMILTD.NS,NIFTY_MIDCAP_100,NIFTY_Midcap_100_Jul2021.pdf
2021-07-30,ENDURANCE.NS,NIFTY_MIDCAP_100,NIFTY_Midcap_100_Jul2021.pdf
2021-07-30,ENGINERSIN.NS,NIFTY_SMALLCAP_100,NIFTY_Smallcap_100_Jul2021.pdf
2021-07-30,ESCORTS.NS,NIFTY_MIDCAP_100,NIFTY_Midcap_100_Jul2021.pdf
2021-07-30,EXIDEIND.NS,NIFTY_MIDCAP_100,NIFTY_Midcap_100_Jul2021.pdf
2021-07-30,FDC.NS,NIFTY_SMALLCAP_100,NIFTY_Smallcap_100_Jul2021.pdf
2021-07-30,FEDERALBNK.NS,NIFTY_MIDCAP_100,NIFTY_Midcap_100_Jul2021.pdf
2021-07-30,FINEORG.NS,NIFTY_SMALLCAP_100,NIFTY_Smallcap_100_Jul2021.pdf
2021-07-30,FORTIS.NS,NIFTY_MIDCAP_100,NIFTY_Midcap_100_Jul2021.pdf
2021-07-30,FRETAIL.NS,NIFTY_SMALLCAP_100,NIFTY_Smallcap_100_Jul2021.pdf
2021-07-30,FSL.NS,NIFTY_SMALLCAP_100,NIFTY_Smallcap_100_Jul2021.pdf
2021-07-30,GAIL.NS,NIFTY_100,NIFTY_100_Jul2021.pdf
2021-07-30,GLAND.NS,NIFTY_100,NIFTY_100_Jul2021.pdf
2021-07-30,GLENMARK.NS,NIFTY_MIDCAP_100,NIFTY_Midcap_100_Jul2021.pdf
2021-07-30,GMMPFAUDLR.NS,NIFTY_SMALLCAP_100,NIFTY_Smallcap_100_Jul2021.pdf
2021-07-30,GMRINFRA.NS,NIFTY_MIDCAP_100,NIFTY_Midcap_100_Jul2021.pdf
2021-07-30,GNFC.NS,NIFTY_SMALLCAP_100,NIFTY_Smallcap_100_Jul2021.pdf
2021-07-30,GODFRYPHLP.NS,NIFTY_SMALLCAP_100,NIFTY_Smallcap_100_Jul2021.pdf
2021-07-30,GODREJAGRO.NS,NIFTY_MIDCAP_100,NIFTY_Midcap_100_Jul2021.pdf
2021-07-30,GODREJCP.NS,NIFTY_100,NIFTY_100_Jul2021.pdf
2021-07-30,GODREJIND.NS,NIFTY_MIDCAP_100,NIFTY_Midcap_100_Jul2021.pdf
2021-07-30,GODREJPROP.NS,NIFTY_MIDCAP_100,NIFTY_Midcap_100_Jul2021.pdf
2021-07-30,GRANULES.NS,NIFTY_SMALLCAP_100,NIFTY_Smallcap_100_Jul2021.pdf
2021-07-30,GRAPHITE.NS,NIFTY_SMALLCAP_100,NIFTY_Smallcap_100_Jul2021.pdf
2021-07-30,GRASIM.NS,NIFTY_100,NIFTY_100_Jul2021.pdf
2021-07-30,GSPL.NS,NIFTY_MIDCAP_100,NIFTY_Midcap_100_Jul2021.pdf
2021-07-30,GUJGASLTD.NS,NIFTY_MIDCAP_100,NIFTY_Midcap_100_Jul2021.pdf
2021-07-30,HAL.NS,NIFTY_MIDCAP_100,NIFTY_Midcap_100_Jul2021.pdf
2021-07-30,HAPPSTMNDS.NS,NIFTY_SMALLCAP_100,NIFTY_Smallcap_100_Jul2021.pdf
2021-07-30,HAVELLS.NS,NIFTY_100,NIFTY_100_Jul2021.pdf
2021-07-30,HCLTECH.NS,NIFTY_100,NIFTY_100_Jul2021.pdf
2021-07-30,HDFC.NS,NIFTY_100,NIFTY_100_Jul2021.pdf
2021-07-30,HDFCAMC.NS,NIFTY_100,NIFTY_100_Jul2021.pdf
2021-07-30,HDFCBANK.NS,NIFTY_100,NIFTY_100_Jul2021.pdf
2021-07-30,HDFCLIFE.NS,NIFTY_100,NIFTY_100_Jul2021.pdf
2021-07-30,HEG.NS,NIFTY_SMALLCAP_100,NIFTY_Smallcap_100_Jul2021.pdf
2021-07-30,HEIDELBERG.NS,NIFTY_SMALLCAP_100,NIFTY_Smallcap_100_Jul2021.pdf
2021-07-30,HEROMOTOCO.NS,NIFTY_100,NIFTY_100_Jul2021.pdf
2021-07-30,HINDALCO.NS,NIFTY_100,NIFTY_100_Jul2021.pdf
2021-07-30,HINDCOPPER.NS,NIFTY_SMALLCAP_100,NIFTY_Smallcap_100_Jul2021.pdf
2021-07-30,HINDPETRO.NS,NIFTY_100,NIFTY_100_Jul2021.pdf
2021-07-30,HINDUNILVR.NS,NIFTY_100,NIFTY_100_Jul2021.pdf
2021-07-30,HINDZINC.NS,NIFTY_MIDCAP_100,NIFTY_Midcap_100_Jul2021.pdf
2021-07-30,IBULHSGFIN.NS,NIFTY_MIDCAP_100,NIFTY_Midcap_100_Jul2021.pdf
2021-07-30,ICICIBANK.NS,NIFTY_100,NIFTY_100_Jul2021.pdf
2021-07-30,ICICIGI.NS,NIFTY_100,NIFTY_100_Jul2021.pdf
2021-07-30,ICICIPRULI.NS,NIFTY_100,NIFTY_100_Jul2021.pdf
2021-07-30,IDEA.NS,NIFTY_MIDCAP_100,NIFTY_Midcap_100_Jul2021.pdf
2021-07-30,IDFC.NS,NIFTY_SMALLCAP_100,NIFTY_Smallcap_100_Jul2021.pdf
2021-07-30,IDFCFIRSTB.NS,NIFTY_MIDCAP_100,NIFTY_Midcap_100_Jul2021.pdf
2021-07-30,IEX.NS,NIFTY_SMALLCAP_100,NIFTY_Smallcap_100_Jul2021.pdf
2021-07-30,IGL.NS,NIFTY_100,NIFTY_100_Jul2021.pdf
2021-07-30,INDHOTEL.NS,NIFTY_MIDCAP_100,NIFTY_Midcap_100_Jul2021.pdf
2021-07-30,INDIACEM.NS,NIFTY_SMALLCAP_100,NIFTY_Smallcap_100_Jul2021.pdf
2021-07-30,INDIAMART.NS,NIFTY_MIDCAP_100,NIFTY_Midcap_100_Jul2021.pdf
2021-07-30,INDIANB.NS,NIFTY_SMALLCAP_100,NIFTY_Smallcap_100_Jul2021.pdf
2021-07-30,INDIGO.NS,NIFTY_100,NIFTY_100_Jul2021.pdf
2021-07-30,INDUSINDBK.NS,NIFTY_100,NIFTY_100_Jul2021.pdf
2021-07-30,INDUSTOWER.NS,NIFTY_100,NIFTY_100_Jul2021.pdf
2021-07-30,INFY.NS,NIFTY_100,NIFTY_100_Jul2021.pdf
2021-07-30,IOC.NS,NIFTY_100,NIFTY_100_Jul2021.pdf
2021-07-30,IOLCP.NS,NIFTY_SMALLCAP_100,NIFTY_Smallcap_100_Jul2021.pdf
2021-07-30,IPCALAB.NS,NIFTY_MIDCAP_100,NIFTY_Midcap_100_Jul2021.pdf
2021-07-30,IRB.NS,NIFTY_SMALLCAP_100,NIFTY_Smallcap_100_Jul2021.pdf
2021-07-30,IRCON.NS,NIFTY_SMALLCAP_100,NIFTY_Smallcap_100_Jul2021.pdf
2021-07-30,IRCTC.NS,NIFTY_MIDCAP_100,NIFTY_Midcap_100_Jul2021.pdf
2021-07-30,ISEC.NS,NIFTY_MIDCAP_100,NIFTY_Midcap_100_Jul2021.pdf
2021-07-30,ITC.NS,NIFTY_100,NIFTY_100_Jul2021.pdf
2021-07-30,JBCHEPHARM.NS,NIFTY_SMALLCAP_100,NIFTY_Smallcap_100_Jul2021.pdf
2021-07-30,JINDALSTEL.NS,NIFTY_MIDCAP_100,NIFTY_Midcap_100_Jul2021.pdf
2021-07-30,JKLAKSHMI.NS,NIFTY_SMALLCAP_100,NIFTY_Smallcap_100_Jul2021.pdf
2021-07-30,JSWENERGY.NS,NIFTY_MIDCAP_100,NIFTY_Midcap_100_Jul2021.pdf
2021-07-30,JSWSTEEL.NS,NIFTY_100,NIFTY_100_Jul2021.pdf
2021-07-30,JUBLFOOD.NS,NIFTY_100,NIFTY_100_Jul2021.pdf
2021-07-30,JUSTDIAL.NS,NIFTY_SMALLCAP_100,NIFTY_Smallcap_100_Jul2021.pdf
2021-07-30,KAJARIACER.NS,NIFTY_SMALLCAP_100,NIFTY_Smallcap_100_Jul2021.pdf
2021-07-30,KALPATPOWR.NS,NIFTY_SMALLCAP_100,NIFTY_Smallcap_100_Jul2021.pdf
2021-07-30,KARURVYSYA.NS,NIFTY_SMALLCAP_100,NIFTY_Smallcap_100_Jul2021.pdf
2021-07-30,KEC.NS,NIFTY_SMALLCAP_100,NIFTY_Smallcap_100_Jul2021.pdf
2021-07-30,KEI.NS,NIFTY_SMALLCAP_100,NIFTY_Smallcap_100_Jul2021.pdf
2021-07-30,KOTAKBANK.NS,NIFTY_100,NIFTY_100_Jul2021.pdf
2021-07-30,KSCL.NS,NIFTY_SMALLCAP_100,NIFTY_Smallcap_100_Jul2021.pdf
2021-07-30,L&TFH.NS,NIFTY_MIDCAP_100,NIFTY_Midcap_100_Jul2021.pdf
2021-07-30,LALPATHLAB.NS,NIFTY_MIDCAP_100,NIFTY_Midcap_100_Jul2021.pdf
2021-07-30,LAURUSLABS.NS,NIFTY_MIDCAP_100,NIFTY_Midcap_100_Jul2021.pdf
2021-07-30,LICHSGFIN.NS,NIFTY_MIDCAP_100,NIFTY_Midcap_100_Jul2021.pdf
2021-07-30,LINDEINDIA.NS,NIFTY_SMALLCAP_100,NIFTY_Smallcap_100_Jul2021.pdf
2021-07-30,LT.NS,NIFTY_100,NIFTY_100_Jul2021.pdf
2021-07-30,LTI.NS,NIFTY_100,NIFTY_100_Jul2021.pdf
2021-07-30,LTTS.NS,NIFTY_MIDCAP_100,NIFTY_Midcap_100_Jul2021.pdf
2021-07-30,LUPIN.NS,NIFTY_100,NIFTY_100_Jul2021.pdf
2021-07-30,LUXIND.NS,NIFTY_SMALLCAP_100,NIFTY_Smallcap_100_Jul2021.pdf
2021-07-30,M&M.NS,NIFTY_100,NIFTY_100_Jul2021.pdf
2021-07-30,M&MFIN.NS,NIFTY_MIDCAP_100,NIFTY_Midcap_100_Jul2021.pdf
2021-07-30,MANAPPURAM.NS,NIFTY_MIDCAP_100,NIFTY_Midcap_100_Jul2021.pdf
2021-07-30,MARICO.NS,NIFTY_100,NIFTY_100_Jul2021.pdf
2021-07-30,MARUTI.NS,NIFTY_100,NIFTY_100_Jul2021.pdf
2021-07-30,MAZDOCK.NS,NIFTY_SMALLCAP_100,NIFTY_Smallcap_100_Jul2021.pdf
2021-07-30,MCDOWELL-N.NS,NIFTY_100,NIFTY_100_Jul2021.pdf
2021-07-30,MCX.NS,NIFTY_SMALLCAP_100,NIFTY_Smallcap_100_Jul2021.pdf
2021-07-30,MFSL.NS,NIFTY_MIDCAP_100,NIFTY_Midcap_100_Jul2021.pdf
2021-07-30,MGL.NS,NIFTY_MIDCAP_100,NIFTY_Midcap_100_Jul2021.pdf
2021-07-30,MIDHANI.NS,NIFTY_SMALLCAP_100,NIFTY_Smallcap_100_Jul2021.pdf
2021-07-30,MINDTREE.NS,NIFTY_MIDCAP_100,NIFTY_Midcap_100_Jul2021.pdf
2021-07-30,MPHASIS.NS,NIFTY_MIDCAP_100,NIFTY_Midcap_100_Jul2021.pdf
2021-07-30,MRF.NS,NIFTY_100,NIFTY_100_Jul2021.pdf
2021-07-30,MUTHOOTFIN.NS,NIFTY_100,NIFTY_100_Jul2021.pdf
2021-07-30,NAM-INDIA.NS,NIFTY_MIDCAP_100,NIFTY_Midcap_100_Jul2021.pdf
2021-07-30,NATCOPHARM.NS,NIFTY_MIDCAP_100,NIFTY_Midcap_100_Jul2021.pdf
2021-07-30,NATIONALUM.NS,NIFTY_SMALLCAP_100,NIFTY_Smallcap_100_Jul2021.pdf
2021-07-30,NAUKRI.NS,NIFTY_100,NIFTY_100_Jul2021.pdf
2021-07-30,NAVINFLUOR.NS,NIFTY_MIDCAP_100,NIFTY_Midcap_100_Jul2021.pdf
2021-07-30,NBCC.NS,NIFTY_SMALLCAP_100,NIFTY_Smallcap_100_Jul2021.pdf
2021-07-30,NESTLEIND.NS,NIFTY_100,NIFTY_100_Jul2021.pdf
2021-07-30,NMDC.NS,NIFTY_100,NIFTY_100_Jul2021.pdf
2021-07-30,NTPC.NS,NIFTY_100,NIFTY_100_Jul2021.pdf
2021-07-30,OBEROIRLTY.NS,NIFTY_MIDCAP_100,NIFTY_Midcap_100_Jul2021.pdf
2021-07-30,OIL.NS,NIFTY_MIDCAP_100,NIFTY_Midcap_100_Jul2021.pdf
2021-07-30,ONGC.NS,NIFTY_100,NIFTY_100_Jul2021.pdf
2021-07-30,PAGEIND.NS,NIFTY_MIDCAP_100,NIFTY_Midcap_100_Jul2021.pdf
2021-07-30,PEL.NS,NIFTY_100,NIFTY_100_Jul2021.pdf
2021-07-30,PETRONET.NS,NIFTY_100,NIFTY_100_Jul2021.pdf
2021-07-30,PFC.NS,NIFTY_MIDCAP_100,NIFTY_Midcap_100_Jul2021.pdf
2021-07-30,PFIZER.NS,NIFTY_MIDCAP_100,NIFTY_Midcap_100_Jul2021.pdf
2021-07-30,PGHH.NS,NIFTY_100,NIFTY_100_Jul2021.pdf
2021-07-30,PIDILITIND.NS,NIFTY_100,NIFTY_100_Jul2021.pdf
2021-07-30,PIIND.NS,NIFTY_MIDCAP_100,NIFTY_Midcap_100_Jul2021.pdf
2021-07-30,PNB.NS,NIFTY_100,NIFTY_100_Jul2021.pdf
2021-07-30,PNBHOUSING.NS,NIFTY_SMALLCAP_100,NIFTY_Smallcap_100_Jul2021.pdf
2021-07-30,POLYCAB.NS,NIFTY_MIDCAP_100,NIFTY_Midcap_100_Jul2021.pdf
2021-07-30,POWERGRID.NS,NIFTY_100,NIFTY_100_Jul2021.pdf
2021-07-30,PRESTIGE.NS,NIFTY_MIDCAP_100,NIFTY_Midcap_100_Jul2021.pdf
2021-07-30,PVR.NS,NIFTY_SMALLCAP_100,NIFTY_Smallcap_100_Jul2021.pdf
2021-07-30,QUESS.NS,NIFTY_SMALLCAP_100,NIFTY_Smallcap_100_Jul2021.pdf
2021-07-30,RADICO.NS,NIFTY_SMALLCAP_100,NIFTY_Smallcap_100_Jul2021.pdf
2021-07-30,RAIN.NS,NIFTY_SMALLCAP_100,NIFTY_Smallcap_100_Jul2021.pdf
2021-07-30,RALLIS.NS,NIFTY_SMALLCAP_100,NIFTY_Smallcap_100_Jul2021.pdf
2021-07-30,RAMCOCEM.NS,NIFTY_MIDCAP_100,NIFTY_Midcap_100_Jul2021.pdf
2021-07-30,RBLBANK.NS,NIFTY_MIDCAP_100,NIFTY_Midcap_100_Jul2021.pdf
2021-07-30,RECLTD.NS,NIFTY_MIDCAP_100,NIFTY_Midcap_100_Jul2021.pdf
2021-07-30,RELIANCE.NS,NIFTY_100,NIFTY_100_Jul2021.pdf
2021-07-30,RITES.NS,NIFTY_SMALLCAP_100,NIFTY_Smallcap_100_Jul2021.pdf
2021-07-30,ROSSARI.NS,NIFTY_SMALLCAP_100,NIFTY_Smallcap_100_Jul2021.pdf
2021-07-30,ROUTE.NS,NIFTY_SMALLCAP_100,NIFTY_Smallcap_100_Jul2021.pdf
2021-07-30,RVNL.NS,NIFTY_SMALLCAP_100,NIFTY_Smallcap_100_Jul2021.pdf
2021-07-30,SAIL.NS,NIFTY_MIDCAP_100,NIFTY_Midcap_100_Jul2021.pdf
2021-07-30,SANOFI.NS,NIFTY_MIDCAP_100,NIFTY_Midcap_100_Jul2021.pdf
2021-07-30,SBICARD.NS,NIFTY_100,NIFTY_100_Jul2021.pdf
2021-07-30,SBILIFE.NS,NIFTY_100,NIFTY_100_Jul2021.pdf
2021-07-30,SBIN.NS,NIFTY_100,NIFTY_100_Jul2021.pdf
2021-07-30,SEQUENT.NS,NIFTY_SMALLCAP_100,NIFTY_Smallcap_100_Jul2021.pdf
2021-07-30,SHILPAMED.NS,NIFTY_SMALLCAP_100,NIFTY_Smallcap_100_Jul2021.pdf
2021-07-30,SHREECEM.NS,NIFTY_100,NIFTY_100_Jul2021.pdf
2021-07-30,SIEMENS.NS,NIFTY_100,NIFTY_100_Jul2021.pdf
2021-07-30,SONATSOFTW.NS,NIFTY_SMALLCAP_100,NIFTY_Smallcap_100_Jul2021.pdf
2021-07-30,SPARC.NS,NIFTY_SMALLCAP_100,NIFTY_Smallcap_100_Jul2021.pdf
2021-07-30,SPICEJET.NS,NIFTY_SMALLCAP_100,NIFTY_Smallcap_100_Jul2021.pdf
2021-07-30,SRF.NS,NIFTY_MIDCAP_100,NIFTY_Midcap_100_Jul2021.pdf
2021-07-30,SRTRANSFIN.NS,NIFTY_MIDCAP_100,NIFTY_Midcap_100_Jul2021.pdf
2021-07-30,STAR.NS,NIFTY_SMALLCAP_100,NIFTY_Smallcap_100_Jul2021.pdf
2021-07-30,STLTECH.NS,NIFTY_SMALLCAP_100,NIFTY_Smallcap_100_Jul2021.pdf
2021-07-30,SUNPHARMA.NS,NIFTY_100,NIFTY_100_Jul2021.pdf
2021-07-30,SUNTECK.NS,NIFTY_SMALLCAP_100,NIFTY_Smallcap_100_Jul2021.pdf
2021-07-30,SUNTV.NS,NIFTY_MIDCAP_100,NIFTY_Midcap_100_Jul2021.pdf
2021-07-30,SWSOLAR.NS,NIFTY_SMALLCAP_100,NIFTY_Smallcap_100_Jul2021.pdf
2021-07-30,SYNGENE.NS,NIFTY_MIDCAP_100,NIFTY_Midcap_100_Jul2021.pdf
2021-07-30,TANLA.NS,NIFTY_SMALLCAP_100,NIFTY_Smallcap_100_Jul2021.pdf
2021-07-30,TATACHEM.NS,NIFTY_MIDCAP_100,NIFTY_Midcap_100_Jul2021.pdf
2021-07-30,TATACONSUM.NS,NIFTY_100,NIFTY_100_Jul2021.pdf
2021-07-30,TATAELXSI.NS,NIFTY_MIDCAP_100,NIFTY_Midcap_100_Jul2021.pdf
2021-07-30,TATAMOTORS.NS,NIFTY_100,NIFTY_100_Jul2021.pdf
2021-07-30,TATAPOWER.NS,NIFTY_MIDCAP_100,NIFTY_Midcap_100_Jul2021.pdf
2021-07-30,TATASTEEL.NS,NIFTY_100,NIFTY_100_Jul2021.pdf
2021-07-30,TCS.NS,NIFTY_100,NIFTY_100_Jul2021.pdf
2021-07-30,TECHM.NS,NIFTY_100,NIFTY_100_Jul2021.pdf
2021-07-30,THYROCARE.NS,NIFTY_SMALLCAP_100,NIFTY_Smallcap_100_Jul2021.pdf
2021-07-30,TITAN.NS,NIFTY_100,NIFTY_100_Jul2021.pdf
2021-07-30,TORNTPHARM.NS,NIFTY_100,NIFTY_100_Jul2021.pdf
2021-07-30,TORNTPOWER.NS,NIFTY_MIDCAP_100,NIFTY_Midcap_100_Jul2021.pdf
2021-07-30,TRENT.NS,NIFTY_MIDCAP_100,NIFTY_Midcap_100_Jul2021.pdf
2021-07-30,TRIDENT.NS,NIFTY_SMALLCAP_100,NIFTY_Smallcap_100_Jul2021.pdf
2021-07-30,TV18BRDCST.NS,NIFTY_SMALLCAP_100,NIFTY_Smallcap_100_Jul2021.pdf
2021-07-30,TVSMOTOR.NS,NIFTY_MIDCAP_100,NIFTY_Midcap_100_Jul2021.pdf
2021-07-30,UBL.NS,NIFTY_100,NIFTY_100_Jul2021.pdf
2021-07-30,UJJIVANSFB.NS,NIFTY_SMALLCAP_100,NIFTY_Smallcap_100_Jul2021.pdf
2021-07-30,ULTRACEMCO.NS,NIFTY_100,NIFTY_100_Jul2021.pdf
2021-07-30,UNIONBANK.NS,NIFTY_MIDCAP_100,NIFTY_Midcap_100_Jul2021.pdf
2021-07-30,UPL.NS,NIFTY_100,NIFTY_100_Jul2021.pdf
2021-07-30,UTIAMC.NS,NIFTY_SMALLCAP_100,NIFTY_Smallcap_100_Jul2021.pdf
2021-07-30,VAKRANGEE.NS,NIFTY_SMALLCAP_100,NIFTY_Smallcap_100_Jul2021.pdf
2021-07-30,VBL.NS,NIFTY_MIDCAP_100,NIFTY_Midcap_100_Jul2021.pdf
2021-07-30,VEDL.NS,NIFTY_100,NIFTY_100_Jul2021.pdf
2021-07-30,VGUARD.NS,NIFTY_MIDCAP_100,NIFTY_Midcap_100_Jul2021.pdf
2021-07-30,VIPIND.NS,NIFTY_SMALLCAP_100,NIFTY_Smallcap_100_Jul2021.pdf
2021-07-30,VOLTAS.NS,NIFTY_MIDCAP_100,NIFTY_Midcap_100_Jul2021.pdf
2021-07-30,WELSPUNIND.NS,NIFTY_SMALLCAP_100,NIFTY_Smallcap_100_Jul2021.pdf
2021-07-30,WESTLIFE.NS,NIFTY_SMALLCAP_100,NIFTY_Smallcap_100_Jul2021.pdf
2021-07-30,WHIRLPOOL.NS,NIFTY_MIDCAP_100,NIFTY_Midcap_100_Jul2021.pdf
2021-07-30,WIPRO.NS,NIFTY_100,NIFTY_100_Jul2021.pdf
2021-07-30,WOCKPHARMA.NS,NIFTY_SMALLCAP_100,NIFTY_Smallcap_100_Jul2021.pdf
2021-07-30,YESBANK.NS,NIFTY_100,NIFTY_100_Jul2021.pdf
2021-07-30,ZEEL.NS,NIFTY_MIDCAP_100,NIFTY_Midcap_100_Jul2021.pdf
2021-08-31,AARTIDRUGS.NS,NIFTY_SMALLCAP_100,NIFTY_Smallcap_100_Aug2021.pdf
2021-08-31,AARTIIND.NS,NIFTY_MIDCAP_100,NIFTY_Midcap_100_Aug2021.pdf
2021-08-31,ABBOTINDIA.NS,NIFTY_100,NIFTY_100_Aug2021.pdf
2021-08-31,ABCAPITAL.NS,NIFTY_MIDCAP_100,NIFTY_Midcap_100_Aug2021.pdf
2021-08-31,ABFRL.NS,NIFTY_MIDCAP_100,NIFTY_Midcap_100_Aug2021.pdf
2021-08-31,ACC.NS,NIFTY_100,NIFTY_100_Aug2021.pdf
2021-08-31,ADANIENT.NS,NIFTY_100,NIFTY_100_Aug2021.pdf
2021-08-31,ADANIGREEN.NS,NIFTY_100,NIFTY_100_Aug2021.pdf
2021-08-31,ADANIPORTS.NS,NIFTY_100,NIFTY_100_Aug2021.pdf
2021-08-31,ADANITRANS.NS,NIFTY_100,NIFTY_100_Aug2021.pdf
2021-08-31,AEGISCHEM.NS,NIFTY_SMALLCAP_100,NIFTY_Smallcap_100_Aug2021.pdf
2021-08-31,AFFLE.NS,NIFTY_SMALLCAP_100,NIFTY_Smallcap_100_Aug2021.pdf
2021-08-31,AJANTPHARM.NS,NIFTY_MIDCAP_100,NIFTY_Midcap_100_Aug2021.pdf
2021-08-31,ALKEM.NS,NIFTY_100,NIFTY_100_Aug2021.pdf
2021-08-31,ALKYLAMINE.NS,NIFTY_SMALLCAP_100,NIFTY_Smallcap_100_Aug2021.pdf
2021-08-31,ALOKINDS.NS,NIFTY_SMALLCAP_100,NIFTY_Smallcap_100_Aug2021.pdf
2021-08-31,AMARAJABAT.NS,NIFTY_MIDCAP_100,NIFTY_Midcap_100_Aug2021.pdf
2021-08-31,AMBER.NS,NIFTY_SMALLCAP_100,NIFTY_Smallcap_100_Aug2021.pdf
2021-08-31,AMBUJACEM.NS,NIFTY_100,NIFTY_100_Aug2021.pdf
2021-08-31,APLAPOLLO.NS,NIFTY_SMALLCAP_100,NIFTY_Smallcap_100_Aug2021.pdf
2021-08-31,APLLTD.NS,NIFTY_MIDCAP_100,NIFTY_Midcap_100_Aug2021.pdf
2021-08-31,APOLLOHOSP.NS,NIFTY_100,NIFTY_100_Aug2021.pdf
2021-08-31,APOLLOTYRE.NS,NIFTY_MIDCAP_100,NIFTY_Midcap_100_Aug2021.pdf
2021-08-31,ASHOKLEY.NS,NIFTY_MIDCAP_100,NIFTY_Midcap_100_Aug2021.pdf
2021-08-31,ASIANPAINT.NS,NIFTY_100,NIFTY_100_Aug2021.pdf
2021-08-31,ATGL.NS,NIFTY_MIDCAP_100,NIFTY_Midcap_100_Aug2021.pdf
2021-08-31,AUBANK.NS,NIFTY_MIDCAP_100,NIFTY_Midcap_100_Aug2021.pdf
2021-08-31,AUROPHARMA.NS,NIFTY_100,NIFTY_100_Aug2021.pdf
2021-08-31,AVANTIFEED.NS,NIFTY_SMALLCAP_100,NIFTY_Smallcap_100_Aug2021.pdf
2021-08-31,AXISBANK.NS,NIFTY_100,NIFTY_100_Aug2021.pdf
2021-08-31,BAJAJ-AUTO.NS,NIFTY_100,NIFTY_100_Aug2021.pdf
2021-08-31,BAJAJELEC.NS,NIFTY_SMALLCAP_100,NIFTY_Smallcap_100_Aug2021.pdf
2021-08-31,BAJAJFINSV.NS,NIFTY_100,NIFTY_100_Aug2021.pdf
2021-08-31,BAJAJHLDNG.NS,NIFTY_100,NIFTY_100_Aug2021.pdf
2021-08-31,BAJFINANCE.NS,NIFTY_100,NIFTY_100_Aug2021.pdf
2021-08-31,BALKRISIND.NS,NIFTY_MIDCAP_100,NIFTY_Midcap_100_Aug2021.pdf
2021-08-31,BALRAMCHIN.NS,NIFTY_SMALLCAP_100,NIFTY_Smallcap_100_Aug2021.pdf
2021-08-31,BANDHANBNK.NS,NIFTY_100,NIFTY_100_Aug2021.pdf
2021-08-31,BANKBARODA.NS,NIFTY_MIDCAP_100,NIFTY_Midcap_100_Aug2021.pdf
2021-08-31,BANKINDIA.NS,NIFTY_MIDCAP_100,NIFTY_Midcap_100_Aug2021.pdf
2021-08-31,BASF.NS,NIFTY_SMALLCAP_100,NIFTY_Smallcap_100_Aug2021.pdf
2021-08-31,BATAINDIA.NS,NIFTY_MIDCAP_100,NIFTY_Midcap_100_Aug2021.pdf
2021-08-31,BBTC.NS,NIFTY_MIDCAP_100,NIFTY_Midcap_100_Aug2021.pdf
2021-08-31,BDL.NS,NIFTY_SMALLCAP_100,NIFTY_Smallcap_100_Aug2021.pdf
2021-08-31,BEL.NS,NIFTY_MIDCAP_100,NIFTY_Midcap_100_Aug2021.pdf
2021-08-31,BEML.NS,NIFTY_SMALLCAP_100,NIFTY_Smallcap_100_Aug2021.pdf
2021-08-31,BERGEPAINT.NS,NIFTY_100,NIFTY_100_Aug2021.pdf
2021-08-31,BHARATFORG.NS,NIFTY_MIDCAP_100,NIFTY_Midcap_100_Aug2021.pdf
2021-08-31,BHARTIARTL.NS,NIFTY_100,NIFTY_100_Aug2021.pdf
2021-08-31,BHEL.NS,NIFTY_MIDCAP_100,NIFTY_Midcap_100_Aug2021.pdf
2021-08-31,BIOCON.NS,NIFTY_100,NIFTY_100_Aug2021.pdf
2021-08-31,BIRLACORPN.NS,NIFTY_SMALLCAP_100,NIFTY_Smallcap_100_Aug2021.pdf
2021-08-31,BLUEDART.NS,NIFTY_SMALLCAP_100,NIFTY_Smallcap_100_Aug2021.pdf
2021-08-31,BLUESTARCO.NS,NIFTY_SMALLCAP_100,NIFTY_Smallcap_100_Aug2021.pdf
2021-08-31,BOSCHLTD.NS,NIFTY_100,NIFTY_100_Aug2021.pdf
2021-08-31,BPCL.NS,NIFTY_100,NIFTY_100_Aug2021.pdf
2021-08-31,BRITANNIA.NS,NIFTY_100,NIFTY_100_Aug2021.pdf
2021-08-31,BSOFT.NS,NIFTY_SMALLCAP_100,NIFTY_Smallcap_100_Aug2021.pdf
2021-08-31,CADILAHC.NS,NIFTY_100,NIFTY_100_Aug2021.pdf
2021-08-31,CAMS.NS,NIFTY_SMALLCAP_100,NIFTY_Smallcap_100_Aug2021.pdf
2021-08-31,CANBK.NS,NIFTY_MIDCAP_100,NIFTY_Midcap_100_Aug2021.pdf
2021-08-31,CANFINHOME.NS,NIFTY_SMALLCAP_100,NIFTY_Smallcap_100_Aug2021.pdf
2021-08-31,CAPLIPOINT.NS,NIFTY_SMALLCAP_100,NIFTY_Smallcap_100_Aug2021.pdf
2021-08-31,CARBORUNIV.NS,NIFTY_SMALLCAP_100,NIFTY_Smallcap_100_Aug2021.pdf
2021-08-31,CASTROLIND.NS,NIFTY_MIDCAP_100,NIFTY_Midcap_100_Aug2021.pdf
2021-08-31,CDSL.NS,NIFTY_SMALLCAP_100,NIFTY_Smallcap_100_Aug2021.pdf
2021-08-31,CEATLTD.NS,NIFTY_SMALLCAP_100,NIFTY_Smallcap_100_Aug2021.pdf
2021-08-31,CENTURYPLY.NS,NIFTY_SMALLCAP_100,NIFTY_Smallcap_100_Aug2021.pdf
2021-08-31,CENTURYTEX.NS,NIFTY_SMALLCAP_100,NIFTY_Smallcap_100_Aug2021.pdf
2021-08-31,CESC.NS,NIFTY_MIDCAP_100,NIFTY_Midcap_100_Aug2021.pdf
2021-08-31,CHAMBLFERT.NS,NIFTY_SMALLCAP_100,NIFTY_Smallcap_100_Aug2021.pdf
2021-08-31,CHOLAFIN.NS,NIFTY_MIDCAP_100,NIFTY_Midcap_100_Aug2021.pdf
2021-08-31,CIPLA.NS,NIFTY_100,NIFTY_100_Aug2021.pdf
2021-08-31,COALINDIA.NS,NIFTY_100,NIFTY_100_Aug2021.pdf
2021-08-31,COCHINSHIP.NS,NIFTY_SMALLCAP_100,NIFTY_Smallcap_100_Aug2021.pdf
2021-08-31,COFORGE.NS,NIFTY_MIDCAP_100,NIFTY_Midcap_100_Aug2021.pdf
2021-08-31,COLPAL.NS,NIFTY_100,NIFTY_100_Aug2021.pdf
2021-08-31,CONCOR.NS,NIFTY_MIDCAP_100,NIFTY_Midcap_100_Aug2021.pdf
2021-08-31,COROMANDEL.NS,NIFTY_MIDCAP_100,NIFTY_Midcap_100_Aug2021.pdf
2021-08-31,CROMPTON.NS,NIFTY_MIDCAP_100,NIFTY_Midcap_100_Aug2021.pdf
2021-08-31,CSBBANK.NS,NIFTY_SMALLCAP_100,NIFTY_Smallcap_100_Aug2021.pdf
2021-08-31,CUB.NS,NIFTY_MIDCAP_100,NIFTY_Midcap_100_Aug2021.pdf
2021-08-31,CUMMINSIND.NS,NIFTY_MIDCAP_100,NIFTY_Midcap_100_Aug2021.pdf
2021-08-31,CYIENT.NS,NIFTY_SMALLCAP_100,NIFTY_Smallcap_100_Aug2021.pdf
2021-08-31,DABUR.NS,NIFTY_100,NIFTY_100_Aug2021.pdf
2021-08-31,DALBHARAT.NS,NIFTY_MIDCAP_100,NIFTY_Midcap_100_Aug2021.pdf
2021-08-31,DBL.NS,NIFTY_SMALLCAP_100,NIFTY_Smallcap_100_Aug2021.pdf
2021-08-31,DEEPAKNTR.NS,NIFTY_MIDCAP_100,NIFTY_Midcap_100_Aug2021.pdf
2021-08-31,DELTACORP.NS,NIFTY_SMALLCAP_100,NIFTY_Smallcap_100_Aug2021.pdf
2021-08-31,DHANI.NS,NIFTY_MIDCAP_100,NIFTY_Midcap_100_Aug2021.pdf
2021-08-31,DIVISLAB.NS,NIFTY_100,NIFTY_100_Aug2021.pdf
2021-08-31,DIXON.NS,NIFTY_MIDCAP_100,NIFTY_Midcap_100_Aug2021.pdf
2021-08-31,DLF.NS,NIFTY_100,NIFTY_100_Aug2021.pdf
2021-08-31,DMART.NS,NIFTY_100,NIFTY_100_Aug2021.pdf
2021-08-31,DRREDDY.NS,NIFTY_100,NIFTY_100_Aug2021.pdf
2021-08-31,EDELWEISS.NS,NIFTY_SMALLCAP_100,NIFTY_Smallcap_100_Aug2021.pdf
2021-08-31,EICHERMOT.NS,NIFTY_100,NIFTY_100_Aug2021.pdf
2021-08-31,EIDPARRY.NS,NIFTY_SMALLCAP_100,NIFTY_Smallcap_100_Aug2021.pdf
2021-08-31,EMAMILTD.NS,NIFTY_MIDCAP_100,NIFTY_Midcap_100_Aug2021.pdf
2021-08-31,ENDURANCE.NS,NIFTY_MIDCAP_100,NIFTY_Midcap_100_Aug2021.pdf
2021-08-31,ENGINERSIN.NS,NIFTY_SMALLCAP_100,NIFTY_Smallcap_100_Aug2021.pdf
2021-08-31,ESCORTS.NS,NIFTY_MIDCAP_100,NIFTY_Midcap_100_Aug2021.pdf
2021-08-31,EXIDEIND.NS,NIFTY_MIDCAP_100,NIFTY_Midcap_100_Aug2021.pdf
2021-08-31,FDC.NS,NIFTY_SMALLCAP_100,NIFTY_Smallcap_100_Aug2021.pdf
2021-08-31,FEDERALBNK.NS,NIFTY_MIDCAP_100,NIFTY_Midcap_100_Aug2021.pdf
2021-08-31,FINEORG.NS,NIFTY_SMALLCAP_100,NIFTY_Smallcap_100_Aug2021.pdf
2021-08-31,FORTIS.NS,NIFTY_MIDCAP_100,NIFTY_Midcap_100_Aug2021.pdf
2021-08-31,FRETAIL.NS,NIFTY_SMALLCAP_100,NIFTY_Smallcap_100_Aug2021.pdf
2021-08-31,FSL.NS,NIFTY_SMALLCAP_100,NIFTY_Smallcap_100_Aug2021.pdf
2021-08-31,GAIL.NS,NIFTY_100,NIFTY_100_Aug2021.pdf
2021-08-31,GLAND.NS,NIFTY_100,NIFTY_100_Aug2021.pdf
2021-08-31,GLENMARK.NS,NIFTY_MIDCAP_100,NIFTY_Midcap_100_Aug2021.pdf
2021-08-31,GMMPFAUDLR.NS,NIFTY_SMALLCAP_100,NIFTY_Smallcap_100_Aug2021.pdf
2021-08-31,GMRINFRA.NS,NIFTY_MIDCAP_100,NIFTY_Midcap_100_Aug2021.pdf
2021-08-31,GNFC.NS,NIFTY_SMALLCAP_100,NIFTY_Smallcap_100_Aug2021.pdf
2021-08-31,GODFRYPHLP.NS,NIFTY_SMALLCAP_100,NIFTY_Smallcap_100_Aug2021.pdf
2021-08-31,GODREJAGRO.NS,NIFTY_MIDCAP_100,NIFTY_Midcap_100_Aug2021.pdf
2021-08-31,GODREJCP.NS,NIFTY_100,NIFTY_100_Aug2021.pdf
2021-08-31,GODREJIND.NS,NIFTY_MIDCAP_100,NIFTY_Midcap_100_Aug2021.pdf
2021-08-31,GODREJPROP.NS,NIFTY_MIDCAP_100,NIFTY_Midcap_100_Aug2021.pdf
2021-08-31,GRANULES.NS,NIFTY_SMALLCAP_100,NIFTY_Smallcap_100_Aug2021.pdf
2021-08-31,GRAPHITE.NS,NIFTY_SMALLCAP_100,NIFTY_Smallcap_100_Aug2021.pdf
2021-08-31,GRASIM.NS,NIFTY_100,NIFTY_100_Aug2021.pdf
2021-08-31,GSPL.NS,NIFTY_MIDCAP_100,NIFTY_Midcap_100_Aug2021.pdf
2021-08-31,GUJGASLTD.NS,NIFTY_MIDCAP_100,NIFTY_Midcap_100_Aug2021.pdf
2021-08-31,HAL.NS,NIFTY_MIDCAP_100,NIFTY_Midcap_100_Aug2021.pdf
2021-08-31,HAPPSTMNDS.NS,NIFTY_SMALLCAP_100,NIFTY_Smallcap_100_Aug2021.pdf
2021-08-31,HAVELLS.NS,NIFTY_100,NIFTY_100_Aug2021.pdf
2021-08-31,HCLTECH.NS,NIFTY_100,NIFTY_100_Aug2021.pdf
2021-08-31,HDFC.NS,NIFTY_100,NIFTY_100_Aug2021.pdf
2021-08-31,HDFCAMC.NS,NIFTY_100,NIFTY_100_Aug2021.pdf
2021-08-31,HDFCBANK.NS,NIFTY_100,NIFTY_100_Aug2021.pdf
2021-08-31,HDFCLIFE.NS,NIFTY_100,NIFTY_100_Aug2021.pdf
2021-08-31,HEG.NS,NIFTY_SMALLCAP_100,NIFTY_Smallcap_100_Aug2021.pdf
2021-08-31,HEIDELBERG.NS,NIFTY_SMALLCAP_100,NIFTY_Smallcap_100_Aug2021.pdf
2021-08-31,HEROMOTOCO.NS,NIFTY_100,NIFTY_100_Aug2021.pdf
2021-08-31,HINDALCO.NS,NIFTY_100,NIFTY_100_Aug2021.pdf
2021-08-31,HINDCOPPER.NS,NIFTY_SMALLCAP_100,NIFTY_Smallcap_100_Aug2021.pdf
2021-08-31,HINDPETRO.NS,NIFTY_100,NIFTY_100_Aug2021.pdf
2021-08-31,HINDUNILVR.NS,NIFTY_100,NIFTY_100_Aug2021.pdf
2021-08-31,HINDZINC.NS,NIFTY_MIDCAP_100,NIFTY_Midcap_100_Aug2021.pdf
2021-08-31,IBULHSGFIN.NS,NIFTY_MIDCAP_100,NIFTY_Midcap_100_Aug2021.pdf
2021-08-31,ICICIBANK.NS,NIFTY_100,NIFTY_100_Aug2021.pdf
2021-08-31,ICICIGI.NS,NIFTY_100,NIFTY_100_Aug2021.pdf
2021-08-31,ICICIPRULI.NS,NIFTY_100,NIFTY_100_Aug2021.pdf
2021-08-31,IDEA.NS,NIFTY_MIDCAP_100,NIFTY_Midcap_100_Aug2021.pdf
2021-08-31,IDFC.NS,NIFTY_SMALLCAP_100,NIFTY_Smallcap_100_Aug2021.pdf
2021-08-31,IDFCFIRSTB.NS,NIFTY_MIDCAP_100,NIFTY_Midcap_100_Aug2021.pdf
2021-08-31,IEX.NS,NIFTY_SMALLCAP_100,NIFTY_Smallcap_100_Aug2021.pdf
2021-08-31,IGL.NS,NIFTY_100,NIFTY_100_Aug2021.pdf
2021-08-31,INDHOTEL.NS,NIFTY_MIDCAP_100,NIFTY_Midcap_100_Aug2021.pdf
2021-08-31,INDIACEM.NS,NIFTY_SMALLCAP_100,NIFTY_Smallcap_100_Aug2021.pdf
2021-08-31,INDIAMART.NS,NIFTY_MIDCAP_100,NIFTY_Midcap_100_Aug2021.pdf
2021-08-31,INDIANB.NS,NIFTY_SMALLCAP_100,NIFTY_Smallcap_100_Aug2021.pdf
2021-08-31,INDIGO.NS,NIFTY_100,NIFTY_100_Aug2021.pdf
2021-08-31,INDUSINDBK.NS,NIFTY_100,NIFTY_100_Aug2021.pdf
2021-08-31,INDUSTOWER.NS,NIFTY_100,NIFTY_100_Aug2021.pdf
2021-08-31,INFY.NS,NIFTY_100,NIFTY_100_Aug2021.pdf
2021-08-31,IOC.NS,NIFTY_100,NIFTY_100_Aug2021.pdf
2021-08-31,IOLCP.NS,NIFTY_SMALLCAP_100,NIFTY_Smallcap_100_Aug2021.pdf
2021-08-31,IPCALAB.NS,NIFTY_MIDCAP_100,NIFTY_Midcap_100_Aug2021.pdf
2021-08-31,IRB.NS,NIFTY_SMALLCAP_100,NIFTY_Smallcap_100_Aug2021.pdf
2021-08-31,IRCON.NS,NIFTY_SMALLCAP_100,NIFTY_Smallcap_100_Aug2021.pdf
2021-08-31,IRCTC.NS,NIFTY_MIDCAP_100,NIFTY_Midcap_100_Aug2021.pdf
2021-08-31,ISEC.NS,NIFTY_MIDCAP_100,NIFTY_Midcap_100_Aug2021.pdf
2021-08-31,ITC.NS,NIFTY_100,NIFTY_100_Aug2021.pdf
2021-08-31,JBCHEPHARM.NS,NIFTY_SMALLCAP_100,NIFTY_Smallcap_100_Aug2021.pdf
2021-08-31,JINDALSTEL.NS,NIFTY_MIDCAP_100,NIFTY_Midcap_100_Aug2021.pdf
2021-08-31,JKLAKSHMI.NS,NIFTY_SMALLCAP_100,NIFTY_Smallcap_100_Aug2021.pdf
2021-08-31,JSWENERGY.NS,NIFTY_MIDCAP_100,NIFTY_Midcap_100_Aug2021.pdf
2021-08-31,JSWSTEEL.NS,NIFTY_100,NIFTY_100_Aug2021.pdf
2021-08-31,JUBLFOOD.NS,NIFTY_100,NIFTY_100_Aug2021.pdf
2021-08-31,JUSTDIAL.NS,NIFTY_SMALLCAP_100,NIFTY_Smallcap_100_Aug2021.pdf
2021-08-31,KAJARIACER.NS,NIFTY_SMALLCAP_100,NIFTY_Smallcap_100_Aug2021.pdf
2021-08-31,KALPATPOWR.NS,NIFTY_SMALLCAP_100,NIFTY_Smallcap_100_Aug2021.pdf
2021-08-31,KARURVYSYA.NS,NIFTY_SMALLCAP_100,NIFTY_Smallcap_100_Aug2021.pdf
2021-08-31,KEC.NS,NIFTY_SMALLCAP_100,NIFTY_Smallcap_100_Aug2021.pdf
2021-08-31,KEI.NS,NIFTY_SMALLCAP_100,NIFTY_Smallcap_100_Aug2021.pdf
2021-08-31,KOTAKBANK.NS,NIFTY_100,NIFTY_100_Aug2021.pdf
2021-08-31,KSCL.NS,NIFTY_SMALLCAP_100,NIFTY_Smallcap_100_Aug2021.pdf
2021-08-31,L&TFH.NS,NIFTY_MIDCAP_100,NIFTY_Midcap_100_Aug2021.pdf
2021-08-31,LALPATHLAB.NS,NIFTY_MIDCAP_100,NIFTY_Midcap_100_Aug2021.pdf
2021-08-31,LAURUSLABS.NS,NIFTY_MIDCAP_100,NIFTY_Midcap_100_Aug2021.pdf
2021-08-31,LICHSGFIN.NS,NIFTY_MIDCAP_100,NIFTY_Midcap_100_Aug2021.pdf
2021-08-31,LINDEINDIA.NS,NIFTY_SMALLCAP_100,NIFTY_Smallcap_100_Aug2021.pdf
2021-08-31,LT.NS,NIFTY_100,NIFTY_100_Aug2021.pdf
2021-08-31,LTI.NS,NIFTY_100,NIFTY_100_Aug2021.pdf
2021-08-31,LTTS.NS,NIFTY_MIDCAP_100,NIFTY_Midcap_100_Aug2021.pdf
2021-08-31,LUPIN.NS,NIFTY_100,NIFTY_100_Aug2021.pdf
2021-08-31,LUXIND.NS,NIFTY_SMALLCAP_100,NIFTY_Smallcap_100_Aug2021.pdf
2021-08-31,M&M.NS,NIFTY_100,NIFTY_100_Aug2021.pdf
2021-08-31,M&MFIN.NS,NIFTY_MIDCAP_100,NIFTY_Midcap_100_Aug2021.pdf
2021-08-31,MANAPPURAM.NS,NIFTY_MIDCAP_100,NIFTY_Midcap_100_Aug2021.pdf
2021-08-31,MARICO.NS,NIFTY_100,NIFTY_100_Aug2021.pdf
2021-08-31,MARUTI.NS,NIFTY_100,NIFTY_100_Aug2021.pdf
2021-08-31,MAZDOCK.NS,NIFTY_SMALLCAP_100,NIFTY_Smallcap_100_Aug2021.pdf
2021-08-31,MCDOWELL-N.NS,NIFTY_100,NIFTY_100_Aug2021.pdf
2021-08-31,MCX.NS,NIFTY_SMALLCAP_100,NIFTY_Smallcap_100_Aug2021.pdf
2021-08-31,MFSL.NS,NIFTY_MIDCAP_100,NIFTY_Midcap_100_Aug2021.pdf
2021-08-31,MGL.NS,NIFTY_MIDCAP_100,NIFTY_Midcap_100_Aug2021.pdf
2021-08-31,MIDHANI.NS,NIFTY_SMALLCAP_100,NIFTY_Smallcap_100_Aug2021.pdf
2021-08-31,MINDTREE.NS,NIFTY_MIDCAP_100,NIFTY_Midcap_100_Aug2021.pdf
2021-08-31,MPHASIS.NS,NIFTY_MIDCAP_100,NIFTY_Midcap_100_Aug2021.pdf
2021-08-31,MRF.NS,NIFTY_100,NIFTY_100_Aug2021.pdf
2021-08-31,MUTHOOTFIN.NS,NIFTY_100,NIFTY_100_Aug2021.pdf
2021-08-31,NAM-INDIA.NS,NIFTY_MIDCAP_100,NIFTY_Midcap_100_Aug2021.pdf
2021-08-31,NATCOPHARM.NS,NIFTY_MIDCAP_100,NIFTY_Midcap_100_Aug2021.pdf
2021-08-31,NATIONALUM.NS,NIFTY_SMALLCAP_100,NIFTY_Smallcap_100_Aug2021.pdf
2021-08-31,NAUKRI.NS,NIFTY_100,NIFTY_100_Aug2021.pdf
2021-08-31,NAVINFLUOR.NS,NIFTY_MIDCAP_100,NIFTY_Midcap_100_Aug2021.pdf
2021-08-31,NBCC.NS,NIFTY_SMALLCAP_100,NIFTY_Smallcap_100_Aug2021.pdf
2021-08-31,NESTLEIND.NS,NIFTY_100,NIFTY_100_Aug2021.pdf
2021-08-31,NMDC.NS,NIFTY_100,NIFTY_100_Aug2021.pdf
2021-08-31,NTPC.NS,NIFTY_100,NIFTY_100_Aug2021.pdf
2021-08-31,OBEROIRLTY.NS,NIFTY_MIDCAP_100,NIFTY_Midcap_100_Aug2021.pdf
2021-08-31,OIL.NS,NIFTY_MIDCAP_100,NIFTY_Midcap_100_Aug2021.pdf
2021-08-31,ONGC.NS,NIFTY_100,NIFTY_100_Aug2021.pdf
2021-08-31,PAGEIND.NS,NIFTY_MIDCAP_100,NIFTY_Midcap_100_Aug2021.pdf
2021-08-31,PEL.NS,NIFTY_100,NIFTY_100_Aug2021.pdf
2021-08-31,PETRONET.NS,NIFTY_100,NIFTY_100_Aug2021.pdf
2021-08-31,PFC.NS,NIFTY_MIDCAP_100,NIFTY_Midcap_100_Aug2021.pdf
2021-08-31,PFIZER.NS,NIFTY_MIDCAP_100,NIFTY_Midcap_100_Aug2021.pdf
2021-08-31,PGHH.NS,NIFTY_100,NIFTY_100_Aug2021.pdf
2021-08-31,PIDILITIND.NS,NIFTY_100,NIFTY_100_Aug2021.pdf
2021-08-31,PIIND.NS,NIFTY_MIDCAP_100,NIFTY_Midcap_100_Aug2021.pdf
2021-08-31,PNB.NS,NIFTY_100,NIFTY_100_Aug2021.pdf
2021-08-31,PNBHOUSING.NS,NIFTY_SMALLCAP_100,NIFTY_Smallcap_100_Aug2021.pdf
2021-08-31,POLYCAB.NS,NIFTY_MIDCAP_100,NIFTY_Midcap_100_Aug2021.pdf
2021-08-31,POWERGRID.NS,NIFTY_100,NIFTY_100_Aug2021.pdf
2021-08-31,PRESTIGE.NS,NIFTY_MIDCAP_100,NIFTY_Midcap_100_Aug2021.pdf
2021-08-31,PVR.NS,NIFTY_SMALLCAP_100,NIFTY_Smallcap_100_Aug2021.pdf
2021-08-31,QUESS.NS,NIFTY_SMALLCAP_100,NIFTY_Smallcap_100_Aug2021.pdf
2021-08-31,RADICO.NS,NIFTY_SMALLCAP_100,NIFTY_Smallcap_100_Aug2021.pdf
2021-08-31,RAIN.NS,NIFTY_SMALLCAP_100,NIFTY_Smallcap_100_Aug2021.pdf
2021-08-31,RALLIS.NS,NIFTY_SMALLCAP_100,NIFTY_Smallcap_100_Aug2021.pdf
2021-08-31,RAMCOCEM.NS,NIFTY_MIDCAP_100,NIFTY_Midcap_100_Aug2021.pdf
2021-08-31,RBLBANK.NS,NIFTY_MIDCAP_100,NIFTY_Midcap_100_Aug2021.pdf
2021-08-31,RECLTD.NS,NIFTY_MIDCAP_100,NIFTY_Midcap_100_Aug2021.pdf
2021-08-31,RELIANCE.NS,NIFTY_100,NIFTY_100_Aug2021.pdf
2021-08-31,RITES.NS,NIFTY_SMALLCAP_100,NIFTY_Smallcap_100_Aug2021.pdf
2021-08-31,ROSSARI.NS,NIFTY_SMALLCAP_100,NIFTY_Smallcap_100_Aug2021.pdf
2021-08-31,ROUTE.NS,NIFTY_SMALLCAP_100,NIFTY_Smallcap_100_Aug2021.pdf
2021-08-31,RVNL.NS,NIFTY_SMALLCAP_100,NIFTY_Smallcap_100_Aug2021.pdf
2021-08-31,SAIL.NS,NIFTY_MIDCAP_100,NIFTY_Midcap_100_Aug2021.pdf
2021-08-31,SANOFI.NS,NIFTY_MIDCAP_100,NIFTY_Midcap_100_Aug2021.pdf
2021-08-31,SBICARD.NS,NIFTY_100,NIFTY_100_Aug2021.pdf
2021-08-31,SBILIFE.NS,NIFTY_100,NIFTY_100_Aug2021.pdf
2021-08-31,SBIN.NS,NIFTY_100,NIFTY_100_Aug2021.pdf
2021-08-31,SEQUENT.NS,NIFTY_SMALLCAP_100,NIFTY_Smallcap_100_Aug2021.pdf
2021-08-31,SHILPAMED.NS,NIFTY_SMALLCAP_100,NIFTY_Smallcap_100_Aug2021.pdf
2021-08-31,SHREECEM.NS,NIFTY_100,NIFTY_100_Aug2021.pdf
2021-08-31,SIEMENS.NS,NIFTY_100,NIFTY_100_Aug2021.pdf
2021-08-31,SONATSOFTW.NS,NIFTY_SMALLCAP_100,NIFTY_Smallcap_100_Aug2021.pdf
2021-08-31,SPARC.NS,NIFTY_SMALLCAP_100,NIFTY_Smallcap_100_Aug2021.pdf
2021-08-31,SPICEJET.NS,NIFTY_SMALLCAP_100,NIFTY_Smallcap_100_Aug2021.pdf
2021-08-31,SRF.NS,NIFTY_MIDCAP_100,NIFTY_Midcap_100_Aug2021.pdf
2021-08-31,SRTRANSFIN.NS,NIFTY_MIDCAP_100,NIFTY_Midcap_100_Aug2021.pdf
2021-08-31,STAR.NS,NIFTY_SMALLCAP_100,NIFTY_Smallcap_100_Aug2021.pdf
2021-08-31,STLTECH.NS,NIFTY_SMALLCAP_100,NIFTY_Smallcap_100_Aug2021.pdf
2021-08-31,SUNPHARMA.NS,NIFTY_100,NIFTY_100_Aug2021.pdf
2021-08-31,SUNTECK.NS,NIFTY_SMALLCAP_100,NIFTY_Smallcap_100_Aug2021.pdf
2021-08-31,SUNTV.NS,NIFTY_MIDCAP_100,NIFTY_Midcap_100_Aug2021.pdf
2021-08-31,SWSOLAR.NS,NIFTY_SMALLCAP_100,NIFTY_Smallcap_100_Aug2021.pdf
2021-08-31,SYNGENE.NS,NIFTY_MIDCAP_100,NIFTY_Midcap_100_Aug2021.pdf
2021-08-31,TANLA.NS,NIFTY_SMALLCAP_100,NIFTY_Smallcap_100_Aug2021.pdf
2021-08-31,TATACHEM.NS,NIFTY_MIDCAP_100,NIFTY_Midcap_100_Aug2021.pdf
2021-08-31,TATACONSUM.NS,NIFTY_100,NIFTY_100_Aug2021.pdf
2021-08-31,TATAELXSI.NS,NIFTY_MIDCAP_100,NIFTY_Midcap_100_Aug2021.pdf
2021-08-31,TATAMOTORS.NS,NIFTY_100,NIFTY_100_Aug2021.pdf
2021-08-31,TATAPOWER.NS,NIFTY_MIDCAP_100,NIFTY_Midcap_100_Aug2021.pdf
2021-08-31,TATASTEEL.NS,NIFTY_100,NIFTY_100_Aug2021.pdf
2021-08-31,TCS.NS,NIFTY_100,NIFTY_100_Aug2021.pdf
2021-08-31,TECHM.NS,NIFTY_100,NIFTY_100_Aug2021.pdf
2021-08-31,THYROCARE.NS,NIFTY_SMALLCAP_100,NIFTY_Smallcap_100_Aug2021.pdf
2021-08-31,TITAN.NS,NIFTY_100,NIFTY_100_Aug2021.pdf
2021-08-31,TORNTPHARM.NS,NIFTY_100,NIFTY_100_Aug2021.pdf
2021-08-31,TORNTPOWER.NS,NIFTY_MIDCAP_100,NIFTY_Midcap_100_Aug2021.pdf
2021-08-31,TRENT.NS,NIFTY_MIDCAP_100,NIFTY_Midcap_100_Aug2021.pdf
2021-08-31,TRIDENT.NS,NIFTY_SMALLCAP_100,NIFTY_Smallcap_100_Aug2021.pdf
2021-08-31,TV18BRDCST.NS,NIFTY_SMALLCAP_100,NIFTY_Smallcap_100_Aug2021.pdf
2021-08-31,TVSMOTOR.NS,NIFTY_MIDCAP_100,NIFTY_Midcap_100_Aug2021.pdf
2021-08-31,UBL.NS,NIFTY_100,NIFTY_100_Aug2021.pdf
2021-08-31,UJJIVANSFB.NS,NIFTY_SMALLCAP_100,NIFTY_Smallcap_100_Aug2021.pdf
2021-08-31,ULTRACEMCO.NS,NIFTY_100,NIFTY_100_Aug2021.pdf
2021-08-31,UNIONBANK.NS,NIFTY_MIDCAP_100,NIFTY_Midcap_100_Aug2021.pdf
2021-08-31,UPL.NS,NIFTY_100,NIFTY_100_Aug2021.pdf
2021-08-31,UTIAMC.NS,NIFTY_SMALLCAP_100,NIFTY_Smallcap_100_Aug2021.pdf
2021-08-31,VAKRANGEE.NS,NIFTY_SMALLCAP_100,NIFTY_Smallcap_100_Aug2021.pdf
2021-08-31,VBL.NS,NIFTY_MIDCAP_100,NIFTY_Midcap_100_Aug2021.pdf
2021-08-31,VEDL.NS,NIFTY_100,NIFTY_100_Aug2021.pdf
2021-08-31,VGUARD.NS,NIFTY_MIDCAP_100,NIFTY_Midcap_100_Aug2021.pdf
2021-08-31,VIPIND.NS,NIFTY_SMALLCAP_100,NIFTY_Smallcap_100_Aug2021.pdf
2021-08-31,VOLTAS.NS,NIFTY_MIDCAP_100,NIFTY_Midcap_100_Aug2021.pdf
2021-08-31,WELSPUNIND.NS,NIFTY_SMALLCAP_100,NIFTY_Smallcap_100_Aug2021.pdf
2021-08-31,WESTLIFE.NS,NIFTY_SMALLCAP_100,NIFTY_Smallcap_100_Aug2021.pdf
2021-08-31,WHIRLPOOL.NS,NIFTY_MIDCAP_100,NIFTY_Midcap_100_Aug2021.pdf
2021-08-31,WIPRO.NS,NIFTY_100,NIFTY_100_Aug2021.pdf
2021-08-31,WOCKPHARMA.NS,NIFTY_SMALLCAP_100,NIFTY_Smallcap_100_Aug2021.pdf
2021-08-31,YESBANK.NS,NIFTY_100,NIFTY_100_Aug2021.pdf
2021-08-31,ZEEL.NS,NIFTY_MIDCAP_100,NIFTY_Midcap_100_Aug2021.pdf
2021-09-30,AARTIDRUGS.NS,NIFTY_SMALLCAP_100,NIFTY_Smallcap_100_Sep2021.pdf
2021-09-30,AARTIIND.NS,NIFTY_MIDCAP_100,NIFTY_Midcap_100_Sep2021.pdf
2021-09-30,ABCAPITAL.NS,NIFTY_MIDCAP_100,NIFTY_Midcap_100_Sep2021.pdf
2021-09-30,ABFRL.NS,NIFTY_MIDCAP_100,NIFTY_Midcap_100_Sep2021.pdf
2021-09-30,ACC.NS,NIFTY_100,NIFTY_100_Sep2021.pdf
2021-09-30,ADANIENT.NS,NIFTY_100,NIFTY_100_Sep2021.pdf
2021-09-30,ADANIGREEN.NS,NIFTY_100,NIFTY_100_Sep2021.pdf
2021-09-30,ADANIPORTS.NS,NIFTY_100,NIFTY_100_Sep2021.pdf
2021-09-30,ADANITRANS.NS,NIFTY_100,NIFTY_100_Sep2021.pdf
2021-09-30,AEGISCHEM.NS,NIFTY_SMALLCAP_100,NIFTY_Smallcap_100_Sep2021.pdf
2021-09-30,AJANTPHARM.NS,NIFTY_MIDCAP_100,NIFTY_Midcap_100_Sep2021.pdf
2021-09-30,ALKEM.NS,NIFTY_MIDCAP_100,NIFTY_Midcap_100_Sep2021.pdf
2021-09-30,ALOKINDS.NS,NIFTY_SMALLCAP_100,NIFTY_Smallcap_100_Sep2021.pdf
2021-09-30,AMARAJABAT.NS,NIFTY_MIDCAP_100,NIFTY_Midcap_100_Sep2021.pdf
2021-09-30,AMBER.NS,NIFTY_SMALLCAP_100,NIFTY_Smallcap_100_Sep2021.pdf
2021-09-30,AMBUJACEM.NS,NIFTY_100,NIFTY_100_Sep2021.pdf
2021-09-30,ANURAS.NS,NIFTY_SMALLCAP_100,NIFTY_Smallcap_100_Sep2021.pdf
2021-09-30,APLLTD.NS,NIFTY_MIDCAP_100,NIFTY_Midcap_100_Sep2021.pdf
2021-09-30,APOLLOHOSP.NS,NIFTY_100,NIFTY_100_Sep2021.pdf
2021-09-30,APOLLOTYRE.NS,NIFTY_MIDCAP_100,NIFTY_Midcap_100_Sep2021.pdf
2021-09-30,ASHOKLEY.NS,NIFTY_MIDCAP_100,NIFTY_Midcap_100_Sep2021.pdf
2021-09-30,ASIANPAINT.NS,NIFTY_100,NIFTY_100_Sep2021.pdf
2021-09-30,ASTRAL.NS,NIFTY_MIDCAP_100,NIFTY_Midcap_100_Sep2021.pdf
2021-09-30,ASTRAZEN.NS,NIFTY_SMALLCAP_100,NIFTY_Smallcap_100_Sep2021.pdf
2021-09-30,ATGL.NS,NIFTY_MIDCAP_100,NIFTY_Midcap_100_Sep2021.pdf
2021-09-30,AUBANK.NS,NIFTY_MIDCAP_100,NIFTY_Midcap_100_Sep2021.pdf
2021-09-30,AUROPHARMA.NS,NIFTY_100,NIFTY_100_Sep2021.pdf
2021-09-30,AVANTIFEED.NS,NIFTY_SMALLCAP_100,NIFTY_Smallcap_100_Sep2021.pdf
2021-09-30,AXISBANK.NS,NIFTY_100,NIFTY_100_Sep2021.pdf
2021-09-30,BAJAJ-AUTO.NS,NIFTY_100,NIFTY_100_Sep2021.pdf
2021-09-30,BAJAJELEC.NS,NIFTY_SMALLCAP_100,NIFTY_Smallcap_100_Sep2021.pdf
2021-09-30,BAJAJFINSV.NS,NIFTY_100,NIFTY_100_Sep2021.pdf
2021-09-30,BAJAJHLDNG.NS,NIFTY_100,NIFTY_100_Sep2021.pdf
2021-09-30,BAJFINANCE.NS,NIFTY_100,NIFTY_100_Sep2021.pdf
2021-09-30,BALAMINES.NS,NIFTY_SMALLCAP_100,NIFTY_Smallcap_100_Sep2021.pdf
2021-09-30,BALKRISIND.NS,NIFTY_MIDCAP_100,NIFTY_Midcap_100_Sep2021.pdf
2021-09-30,BALRAMCHIN.NS,NIFTY_SMALLCAP_100,NIFTY_Smallcap_100_Sep2021.pdf
2021-09-30,BANDHANBNK.NS,NIFTY_100,NIFTY_100_Sep2021.pdf
2021-09-30,BANKBARODA.NS,NIFTY_100,NIFTY_100_Sep2021.pdf
2021-09-30,BANKINDIA.NS,NIFTY_MIDCAP_100,NIFTY_Midcap_100_Sep2021.pdf
2021-09-30,BASF.NS,NIFTY_SMALLCAP_100,NIFTY_Smallcap_100_Sep2021.pdf
2021-09-30,BATAINDIA.NS,NIFTY_MIDCAP_100,NIFTY_Midcap_100_Sep2021.pdf
2021-09-30,BDL.NS,NIFTY_SMALLCAP_100,NIFTY_Smallcap_100_Sep2021.pdf
2021-09-30,BEL.NS,NIFTY_MIDCAP_100,NIFTY_Midcap_100_Sep2021.pdf
2021-09-30,BEML.NS,NIFTY_SMALLCAP_100,NIFTY_Smallcap_100_Sep2021.pdf
2021-09-30,BERGEPAINT.NS,NIFTY_100,NIFTY_100_Sep2021.pdf
2021-09-30,BHARATFORG.NS,NIFTY_MIDCAP_100,NIFTY_Midcap_100_Sep2021.pdf
2021-09-30,BHARTIARTL.NS,NIFTY_100,NIFTY_100_Sep2021.pdf
2021-09-30,BHEL.NS,NIFTY_MIDCAP_100,NIFTY_Midcap_100_Sep2021.pdf
2021-09-30,BIOCON.NS,NIFTY_100,NIFTY_100_Sep2021.pdf
2021-09-30,BIRLACORPN.NS,NIFTY_SMALLCAP_100,NIFTY_Smallcap_100_Sep2021.pdf
2021-09-30,BOSCHLTD.NS,NIFTY_100,NIFTY_100_Sep2021.pdf
2021-09-30,BPCL.NS,NIFTY_100,NIFTY_100_Sep2021.pdf
2021-09-30,BRITANNIA.NS,NIFTY_100,NIFTY_100_Sep2021.pdf
2021-09-30,BSOFT.NS,NIFTY_SMALLCAP_100,NIFTY_Smallcap_100_Sep2021.pdf
2021-09-30,BURGERKING.NS,NIFTY_SMALLCAP_100,NIFTY_Smallcap_100_Sep2021.pdf
2021-09-30,CADILAHC.NS,NIFTY_100,NIFTY_100_Sep2021.pdf
2021-09-30,CAMS.NS,NIFTY_SMALLCAP_100,NIFTY_Smallcap_100_Sep2021.pdf
2021-09-30,CANBK.NS,NIFTY_MIDCAP_100,NIFTY_Midcap_100_Sep2021.pdf
2021-09-30,CANFINHOME.NS,NIFTY_SMALLCAP_100,NIFTY_Smallcap_100_Sep2021.pdf
2021-09-30,CARBORUNIV.NS,NIFTY_SMALLCAP_100,NIFTY_Smallcap_100_Sep2021.pdf
2021-09-30,CASTROLIND.NS,NIFTY_MIDCAP_100,NIFTY_Midcap_100_Sep2021.pdf
2021-09-30,CDSL.NS,NIFTY_SMALLCAP_100,NIFTY_Smallcap_100_Sep2021.pdf
2021-09-30,CEATLTD.NS,NIFTY_SMALLCAP_100,NIFTY_Smallcap_100_Sep2021.pdf
2021-09-30,CENTRALBK.NS,NIFTY_SMALLCAP_100,NIFTY_Smallcap_100_Sep2021.pdf
2021-09-30,CENTURYTEX.NS,NIFTY_SMALLCAP_100,NIFTY_Smallcap_100_Sep2021.pdf
2021-09-30,CESC.NS,NIFTY_SMALLCAP_100,NIFTY_Smallcap_100_Sep2021.pdf
2021-09-30,CHAMBLFERT.NS,NIFTY_SMALLCAP_100,NIFTY_Smallcap_100_Sep2021.pdf
2021-09-30,CHOLAFIN.NS,NIFTY_100,NIFTY_100_Sep2021.pdf
2021-09-30,CIPLA.NS,NIFTY_100,NIFTY_100_Sep2021.pdf
2021-09-30,COALINDIA.NS,NIFTY_100,NIFTY_100_Sep2021.pdf
2021-09-30,COCHINSHIP.NS,NIFTY_SMALLCAP_100,NIFTY_Smallcap_100_Sep2021.pdf
2021-09-30,COFORGE.NS,NIFTY_MIDCAP_100,NIFTY_Midcap_100_Sep2021.pdf
2021-09-30,COLPAL.NS,NIFTY_100,NIFTY_100_Sep2021.pdf
2021-09-30,CONCOR.NS,NIFTY_MIDCAP_100,NIFTY_Midcap_100_Sep2021.pdf
2021-09-30,COROMANDEL.NS,NIFTY_MIDCAP_100,NIFTY_Midcap_100_Sep2021.pdf
2021-09-30,CROMPTON.NS,NIFTY_MIDCAP_100,NIFTY_Midcap_100_Sep2021.pdf
2021-09-30,CSBBANK.NS,NIFTY_SMALLCAP_100,NIFTY_Smallcap_100_Sep2021.pdf
2021-09-30,CUB.NS,NIFTY_MIDCAP_100,NIFTY_Midcap_100_Sep2021.pdf
2021-09-30,CUMMINSIND.NS,NIFTY_MIDCAP_100,NIFTY_Midcap_100_Sep2021.pdf
2021-09-30,CYIENT.NS,NIFTY_SMALLCAP_100,NIFTY_Smallcap_100_Sep2021.pdf
2021-09-30,DABUR.NS,NIFTY_100,NIFTY_100_Sep2021.pdf
2021-09-30,DALBHARAT.NS,NIFTY_MIDCAP_100,NIFTY_Midcap_100_Sep2021.pdf
2021-09-30,DBL.NS,NIFTY_SMALLCAP_100,NIFTY_Smallcap_100_Sep2021.pdf
2021-09-30,DCMSHRIRAM.NS,NIFTY_SMALLCAP_100,NIFTY_Smallcap_100_Sep2021.pdf
2021-09-30,DEEPAKNTR.NS,NIFTY_MIDCAP_100,NIFTY_Midcap_100_Sep2021.pdf
2021-09-30,DELTACORP.NS,NIFTY_SMALLCAP_100,NIFTY_Smallcap_100_Sep2021.pdf
2021-09-30,DHANI.NS,NIFTY_MIDCAP_100,NIFTY_Midcap_100_Sep2021.pdf
2021-09-30,DIVISLAB.NS,NIFTY_100,NIFTY_100_Sep2021.pdf
2021-09-30,DIXON.NS,NIFTY_MIDCAP_100,NIFTY_Midcap_100_Sep2021.pdf
2021-09-30,DLF.NS,NIFTY_100,NIFTY_100_Sep2021.pdf
2021-09-30,DMART.NS,NIFTY_100,NIFTY_100_Sep2021.pdf
2021-09-30,DRREDDY.NS,NIFTY_100,NIFTY_100_Sep2021.pdf
2021-09-30,EDELWEISS.NS,NIFTY_SMALLCAP_100,NIFTY_Smallcap_100_Sep2021.pdf
2021-09-30,EICHERMOT.NS,NIFTY_100,NIFTY_100_Sep2021.pdf
2021-09-30,EIDPARRY.NS,NIFTY_SMALLCAP_100,NIFTY_Smallcap_100_Sep2021.pdf
2021-09-30,EMAMILTD.NS,NIFTY_MIDCAP_100,NIFTY_Midcap_100_Sep2021.pdf
2021-09-30,ENDURANCE.NS,NIFTY_MIDCAP_100,NIFTY_Midcap_100_Sep2021.pdf
2021-09-30,ENGINERSIN.NS,NIFTY_SMALLCAP_100,NIFTY_Smallcap_100_Sep2021.pdf
2021-09-30,ESCORTS.NS,NIFTY_MIDCAP_100,NIFTY_Midcap_100_Sep2021.pdf
2021-09-30,EXIDEIND.NS,NIFTY_MIDCAP_100,NIFTY_Midcap_100_Sep2021.pdf
2021-09-30,FDC.NS,NIFTY_SMALLCAP_100,NIFTY_Smallcap_100_Sep2021.pdf
2021-09-30,FEDERALBNK.NS,NIFTY_MIDCAP_100,NIFTY_Midcap_100_Sep2021.pdf
2021-09-30,FINEORG.NS,NIFTY_SMALLCAP_100,NIFTY_Smallcap_100_Sep2021.pdf
2021-09-30,FORTIS.NS,NIFTY_MIDCAP_100,NIFTY_Midcap_100_Sep2021.pdf
2021-09-30,FSL.NS,NIFTY_SMALLCAP_100,NIFTY_Smallcap_100_Sep2021.pdf
2021-09-30,GAIL.NS,NIFTY_100,NIFTY_100_Sep2021.pdf
2021-09-30,GLAND.NS,NIFTY_100,NIFTY_100_Sep2021.pdf
2021-09-30,GLENMARK.NS,NIFTY_MIDCAP_100,NIFTY_Midcap_100_Sep2021.pdf
2021-09-30,GMMPFAUDLR.NS,NIFTY_SMALLCAP_100,NIFTY_Smallcap_100_Sep2021.pdf
2021-09-30,GMRINFRA.NS,NIFTY_MIDCAP_100,NIFTY_Midcap_100_Sep2021.pdf
2021-09-30,GNFC.NS,NIFTY_SMALLCAP_100,NIFTY_Smallcap_100_Sep2021.pdf
2021-09-30,GODREJCP.NS,NIFTY_100,NIFTY_100_Sep2021.pdf
2021-09-30,GODREJIND.NS,NIFTY_MIDCAP_100,NIFTY_Midcap_100_Sep2021.pdf
2021-09-30,GODREJPROP.NS,NIFTY_MIDCAP_100,NIFTY_Midcap_100_Sep2021.pdf
2021-09-30,GRANULES.NS,NIFTY_SMALLCAP_100,NIFTY_Smallcap_100_Sep2021.pdf
2021-09-30,GRAPHITE.NS,NIFTY_SMALLCAP_100,NIFTY_Smallcap_100_Sep2021.pdf
2021-09-30,GRASIM.NS,NIFTY_100,NIFTY_100_Sep2021.pdf
2021-09-30,GSPL.NS,NIFTY_MIDCAP_100,NIFTY_Midcap_100_Sep2021.pdf
2021-09-30,GUJGASLTD.NS,NIFTY_MIDCAP_100,NIFTY_Midcap_100_Sep2021.pdf
2021-09-30,HAL.NS,NIFTY_MIDCAP_100,NIFTY_Midcap_100_Sep2021.pdf
2021-09-30,HAPPSTMNDS.NS,NIFTY_SMALLCAP_100,NIFTY_Smallcap_100_Sep2021.pdf
2021-09-30,HAVELLS.NS,NIFTY_100,NIFTY_100_Sep2021.pdf
2021-09-30,HCLTECH.NS,NIFTY_100,NIFTY_100_Sep2021.pdf
2021-09-30,HDFC.NS,NIFTY_100,NIFTY_100_Sep2021.pdf
2021-09-30,HDFCAMC.NS,NIFTY_100,NIFTY_100_Sep2021.pdf
2021-09-30,HDFCBANK.NS,NIFTY_100,NIFTY_100_Sep2021.pdf
2021-09-30,HDFCLIFE.NS,NIFTY_100,NIFTY_100_Sep2021.pdf
2021-09-30,HEG.NS,NIFTY_SMALLCAP_100,NIFTY_Smallcap_100_Sep2021.pdf
2021-09-30,HEROMOTOCO.NS,NIFTY_100,NIFTY_100_Sep2021.pdf
2021-09-30,HFCL.NS,NIFTY_SMALLCAP_100,NIFTY_Smallcap_100_Sep2021.pdf
2021-09-30,HINDALCO.NS,NIFTY_100,NIFTY_100_Sep2021.pdf
2021-09-30,HINDCOPPER.NS,NIFTY_MIDCAP_100,NIFTY_Midcap_100_Sep2021.pdf
2021-09-30,HINDPETRO.NS,NIFTY_100,NIFTY_100_Sep2021.pdf
2021-09-30,HINDUNILVR.NS,NIFTY_100,NIFTY_100_Sep2021.pdf
2021-09-30,HINDZINC.NS,NIFTY_MIDCAP_100,NIFTY_Midcap_100_Sep2021.pdf
2021-09-30,IBULHSGFIN.NS,NIFTY_SMALLCAP_100,NIFTY_Smallcap_100_Sep2021.pdf
2021-09-30,ICICIBANK.NS,NIFTY_100,NIFTY_100_Sep2021.pdf
2021-09-30,ICICIGI.NS,NIFTY_100,NIFTY_100_Sep2021.pdf
2021-09-30,ICICIPRULI.NS,NIFTY_100,NIFTY_100_Sep2021.pdf
2021-09-30,IDBI.NS,NIFTY_SMALLCAP_100,NIFTY_Smallcap_100_Sep2021.pdf
2021-09-30,IDEA.NS,NIFTY_MIDCAP_100,NIFTY_Midcap_100_Sep2021.pdf
2021-09-30,IDFC.NS,NIFTY_SMALLCAP_100,NIFTY_Smallcap_100_Sep2021.pdf
2021-09-30,IDFCFIRSTB.NS,NIFTY_MIDCAP_100,NIFTY_Midcap_100_Sep2021.pdf
2021-09-30,IEX.NS,NIFTY_SMALLCAP_100,NIFTY_Smallcap_100_Sep2021.pdf
2021-09-30,IGL.NS,NIFTY_100,NIFTY_100_Sep2021.pdf
2021-09-30,INDHOTEL.NS,NIFTY_MIDCAP_100,NIFTY_Midcap_100_Sep2021.pdf
2021-09-30,INDIACEM.NS,NIFTY_SMALLCAP_100,NIFTY_Smallcap_100_Sep2021.pdf
2021-09-30,INDIAMART.NS,NIFTY_MIDCAP_100,NIFTY_Midcap_100_Sep2021.pdf
2021-09-30,INDIANB.NS,NIFTY_MIDCAP_100,NIFTY_Midcap_100_Sep2021.pdf
2021-09-30,INDIGO.NS,NIFTY_100,NIFTY_100_Sep2021.pdf
2021-09-30,INDIGOPNTS.NS,NIFTY_SMALLCAP_100,NIFTY_Smallcap_100_Sep2021.pdf
2021-09-30,INDUSINDBK.NS,NIFTY_100,NIFTY_100_Sep2021.pdf
2021-09-30,INDUSTOWER.NS,NIFTY_100,NIFTY_100_Sep2021.pdf
2021-09-30,INFIBEAM.NS,NIFTY_SMALLCAP_100,NIFTY_Smallcap_100_Sep2021.pdf
2021-09-30,INFY.NS,NIFTY_100,NIFTY_100_Sep2021.pdf
2021-09-30,INTELLECT.NS,NIFTY_SMALLCAP_100,NIFTY_Smallcap_100_Sep2021.pdf
2021-09-30,IOB.NS,NIFTY_SMALLCAP_100,NIFTY_Smallcap_100_Sep2021.pdf
2021-09-30,IOC.NS,NIFTY_100,NIFTY_100_Sep2021.pdf
2021-09-30,IPCALAB.NS,NIFTY_MIDCAP_100,NIFTY_Midcap_100_Sep2021.pdf
2021-09-30,IRCTC.NS,NIFTY_MIDCAP_100,NIFTY_Midcap_100_Sep2021.pdf
2021-09-30,IRFC.NS,NIFTY_MIDCAP_100,NIFTY_Midcap_100_Sep2021.pdf
2021-09-30,ISEC.NS,NIFTY_MIDCAP_100,NIFTY_Midcap_100_Sep2021.pdf
2021-09-30,ITC.NS,NIFTY_100,NIFTY_100_Sep2021.pdf
2021-09-30,JBCHEPHARM.NS,NIFTY_SMALLCAP_100,NIFTY_Smallcap_100_Sep2021.pdf
2021-09-30,JINDALSTEL.NS,NIFTY_100,NIFTY_100_Sep2021.pdf
2021-09-30,JKLAKSHMI.NS,NIFTY_SMALLCAP_100,NIFTY_Smallcap_100_Sep2021.pdf
2021-09-30,JMFINANCIL.NS,NIFTY_SMALLCAP_100,NIFTY_Smallcap_100_Sep2021.pdf
2021-09-30,JSWENERGY.NS,NIFTY_MIDCAP_100,NIFTY_Midcap_100_Sep2021.pdf
2021-09-30,JSWSTEEL.NS,NIFTY_100,NIFTY_100_Sep2021.pdf
2021-09-30,JUBLFOOD.NS,NIFTY_100,NIFTY_100_Sep2021.pdf
2021-09-30,JUBLINGREA.NS,NIFTY_SMALLCAP_100,NIFTY_Smallcap_100_Sep2021.pdf
2021-09-30,JUSTDIAL.NS,NIFTY_SMALLCAP_100,NIFTY_Smallcap_100_Sep2021.pdf
2021-09-30,KALPATPOWR.NS,NIFTY_SMALLCAP_100,NIFTY_Smallcap_100_Sep2021.pdf
2021-09-30,KALYANKJIL.NS,NIFTY_SMALLCAP_100,NIFTY_Smallcap_100_Sep2021.pdf
2021-09-30,KEC.NS,NIFTY_SMALLCAP_100,NIFTY_Smallcap_100_Sep2021.pdf
2021-09-30,KEI.NS,NIFTY_SMALLCAP_100,NIFTY_Smallcap_100_Sep2021.pdf
2021-09-30,KOTAKBANK.NS,NIFTY_100,NIFTY_100_Sep2021.pdf
2021-09-30,KPITTECH.NS,NIFTY_SMALLCAP_100,NIFTY_Smallcap_100_Sep2021.pdf
2021-09-30,L&TFH.NS,NIFTY_MIDCAP_100,NIFTY_Midcap_100_Sep2021.pdf
2021-09-30,LALPATHLAB.NS,NIFTY_MIDCAP_100,NIFTY_Midcap_100_Sep2021.pdf
2021-09-30,LAURUSLABS.NS,NIFTY_MIDCAP_100,NIFTY_Midcap_100_Sep2021.pdf
2021-09-30,LICHSGFIN.NS,NIFTY_MIDCAP_100,NIFTY_Midcap_100_Sep2021.pdf
2021-09-30,LT.NS,NIFTY_100,NIFTY_100_Sep2021.pdf
2021-09-30,LTI.NS,NIFTY_100,NIFTY_100_Sep2021.pdf
2021-09-30,LTTS.NS,NIFTY_MIDCAP_100,NIFTY_Midcap_100_Sep2021.pdf
2021-09-30,LUPIN.NS,NIFTY_100,NIFTY_100_Sep2021.pdf
2021-09-30,LUXIND.NS,NIFTY_SMALLCAP_100,NIFTY_Smallcap_100_Sep2021.pdf
2021-09-30,LXCHEM.NS,NIFTY_SMALLCAP_100,NIFTY_Smallcap_100_Sep2021.pdf
2021-09-30,M&M.NS,NIFTY_100,NIFTY_100_Sep2021.pdf
2021-09-30,M&MFIN.NS,NIFTY_MIDCAP_100,NIFTY_Midcap_100_Sep2021.pdf
2021-09-30,MAHABANK.NS,NIFTY_SMALLCAP_100,NIFTY_Smallcap_100_Sep2021.pdf
2021-09-30,MANAPPURAM.NS,NIFTY_MIDCAP_100,NIFTY_Midcap_100_Sep2021.pdf
2021-09-30,MARICO.NS,NIFTY_100,NIFTY_100_Sep2021.pdf
2021-09-30,MARUTI.NS,NIFTY_100,NIFTY_100_Sep2021.pdf
2021-09-30,MAZDOCK.NS,NIFTY_SMALLCAP_100,NIFTY_Smallcap_100_Sep2021.pdf
2021-09-30,MCDOWELL-N.NS,NIFTY_100,NIFTY_100_Sep2021.pdf
2021-09-30,MCX.NS,NIFTY_SMALLCAP_100,NIFTY_Smallcap_100_Sep2021.pdf
2021-09-30,MFSL.NS,NIFTY_MIDCAP_100,NIFTY_Midcap_100_Sep2021.pdf
2021-09-30,MGL.NS,NIFTY_MIDCAP_100,NIFTY_Midcap_100_Sep2021.pdf
2021-09-30,MINDTREE.NS,NIFTY_MIDCAP_100,NIFTY_Midcap_100_Sep2021.pdf
2021-09-30,MMTC.NS,NIFTY_SMALLCAP_100,NIFTY_Smallcap_100_Sep2021.pdf
2021-09-30,MPHASIS.NS,NIFTY_MIDCAP_100,NIFTY_Midcap_100_Sep2021.pdf
2021-09-30,MRF.NS,NIFTY_MIDCAP_100,NIFTY_Midcap_100_Sep2021.pdf
2021-09-30,MUTHOOTFIN.NS,NIFTY_100,NIFTY_100_Sep2021.pdf
2021-09-30,NAM-INDIA.NS,NIFTY_MIDCAP_100,NIFTY_Midcap_100_Sep2021.pdf
2021-09-30,NATCOPHARM.NS,NIFTY_MIDCAP_100,NIFTY_Midcap_100_Sep2021.pdf
2021-09-30,NATIONALUM.NS,NIFTY_MIDCAP_100,NIFTY_Midcap_100_Sep2021.pdf
2021-09-30,NAUKRI.NS,NIFTY_100,NIFTY_100_Sep2021.pdf
2021-09-30,NAVINFLUOR.NS,NIFTY_MIDCAP_100,NIFTY_Midcap_100_Sep2021.pdf
2021-09-30,NBCC.NS,NIFTY_SMALLCAP_100,NIFTY_Smallcap_100_Sep2021.pdf
2021-09-30,NESTLEIND.NS,NIFTY_100,NIFTY_100_Sep2021.pdf
2021-09-30,NMDC.NS,NIFTY_100,NIFTY_100_Sep2021.pdf
2021-09-30,NTPC.NS,NIFTY_100,NIFTY_100_Sep2021.pdf
2021-09-30,OBEROIRLTY.NS,NIFTY_MIDCAP_100,NIFTY_Midcap_100_Sep2021.pdf
2021-09-30,OIL.NS,NIFTY_MIDCAP_100,NIFTY_Midcap_100_Sep2021.pdf
2021-09-30,ONGC.NS,NIFTY_100,NIFTY_100_Sep2021.pdf
2021-09-30,PAGEIND.NS,NIFTY_MIDCAP_100,NIFTY_Midcap_100_Sep2021.pdf
2021-09-30,PEL.NS,NIFTY_100,NIFTY_100_Sep2021.pdf
2021-09-30,PETRONET.NS,NIFTY_MIDCAP_100,NIFTY_Midcap_100_Sep2021.pdf
2021-09-30,PFC.NS,NIFTY_MIDCAP_100,NIFTY_Midcap_100_Sep2021.pdf
2021-09-30,PFIZER.NS,NIFTY_MIDCAP_100,NIFTY_Midcap_100_Sep2021.pdf
2021-09-30,PGHH.NS,NIFTY_100,NIFTY_100_Sep2021.pdf
2021-09-30,PIDILITIND.NS,NIFTY_100,NIFTY_100_Sep2021.pdf
2021-09-30,PIIND.NS,NIFTY_100,NIFTY_100_Sep2021.pdf
2021-09-30,PNB.NS,NIFTY_100,NIFTY_100_Sep2021.pdf
2021-09-30,PNBHOUSING.NS,NIFTY_SMALLCAP_100,NIFTY_Smallcap_100_Sep2021.pdf
2021-09-30,POLYCAB.NS,NIFTY_MIDCAP_100,NIFTY_Midcap_100_Sep2021.pdf
2021-09-30,POWERGRID.NS,NIFTY_100,NIFTY_100_Sep2021.pdf
2021-09-30,PRESTIGE.NS,NIFTY_MIDCAP_100,NIFTY_Midcap_100_Sep2021.pdf
2021-09-30,PRINCEPIPE.NS,NIFTY_SMALLCAP_100,NIFTY_Smallcap_100_Sep2021.pdf
2021-09-30,PVR.NS,NIFTY_SMALLCAP_100,NIFTY_Smallcap_100_Sep2021.pdf
2021-09-30,QUESS.NS,NIFTY_SMALLCAP_100,NIFTY_Smallcap_100_Sep2021.pdf
2021-09-30,RADICO.NS,NIFTY_SMALLCAP_100,NIFTY_Smallcap_100_Sep2021.pdf
2021-09-30,RAIN.NS,NIFTY_SMALLCAP_100,NIFTY_Smallcap_100_Sep2021.pdf
2021-09-30,RALLIS.NS,NIFTY_SMALLCAP_100,NIFTY_Smallcap_100_Sep2021.pdf
2021-09-30,RAMCOCEM.NS,NIFTY_MIDCAP_100,NIFTY_Midcap_100_Sep2021.pdf
2021-09-30,RBLBANK.NS,NIFTY_MIDCAP_100,NIFTY_Midcap_100_Sep2021.pdf
2021-09-30,RECLTD.NS,NIFTY_MIDCAP_100,NIFTY_Midcap_100_Sep2021.pdf
2021-09-30,RELIANCE.NS,NIFTY_100,NIFTY_100_Sep2021.pdf
2021-09-30,RITES.NS,NIFTY_SMALLCAP_100,NIFTY_Smallcap_100_Sep2021.pdf
2021-09-30,ROSSARI.NS,NIFTY_SMALLCAP_100,NIFTY_Smallcap_100_Sep2021.pdf
2021-09-30,ROUTE.NS,NIFTY_SMALLCAP_100,NIFTY_Smallcap_100_Sep2021.pdf
2021-09-30,RVNL.NS,NIFTY_SMALLCAP_100,NIFTY_Smallcap_100_Sep2021.pdf
2021-09-30,SAIL.NS,NIFTY_100,NIFTY_100_Sep2021.pdf
2021-09-30,SANOFI.NS,NIFTY_MIDCAP_100,NIFTY_Midcap_100_Sep2021.pdf
2021-09-30,SBICARD.NS,NIFTY_100,NIFTY_100_Sep2021.pdf
2021-09-30,SBILIFE.NS,NIFTY_100,NIFTY_100_Sep2021.pdf
2021-09-30,SBIN.NS,NIFTY_100,NIFTY_100_Sep2021.pdf
2021-09-30,SEQUENT.NS,NIFTY_SMALLCAP_100,NIFTY_Smallcap_100_Sep2021.pdf
2021-09-30,SHREECEM.NS,NIFTY_100,NIFTY_100_Sep2021.pdf
2021-09-30,SIEMENS.NS,NIFTY_100,NIFTY_100_Sep2021.pdf
2021-09-30,SONATSOFTW.NS,NIFTY_SMALLCAP_100,NIFTY_Smallcap_100_Sep2021.pdf
2021-09-30,SPARC.NS,NIFTY_SMALLCAP_100,NIFTY_Smallcap_100_Sep2021.pdf
2021-09-30,SPICEJET.NS,NIFTY_SMALLCAP_100,NIFTY_Smallcap_100_Sep2021.pdf
2021-09-30,SRF.NS,NIFTY_MIDCAP_100,NIFTY_Midcap_100_Sep2021.pdf
2021-09-30,SRTRANSFIN.NS,NIFTY_MIDCAP_100,NIFTY_Midcap_100_Sep2021.pdf
2021-09-30,STAR.NS,NIFTY_SMALLCAP_100,NIFTY_Smallcap_100_Sep2021.pdf
2021-09-30,STLTECH.NS,NIFTY_SMALLCAP_100,NIFTY_Smallcap_100_Sep2021.pdf
2021-09-30,SUNPHARMA.NS,NIFTY_100,NIFTY_100_Sep2021.pdf
2021-09-30,SUNTECK.NS,NIFTY_SMALLCAP_100,NIFTY_Smallcap_100_Sep2021.pdf
2021-09-30,SUNTV.NS,NIFTY_MIDCAP_100,NIFTY_Midcap_100_Sep2021.pdf
2021-09-30,SUZLON.NS,NIFTY_SMALLCAP_100,NIFTY_Smallcap_100_Sep2021.pdf
2021-09-30,SYNGENE.NS,NIFTY_MIDCAP_100,NIFTY_Midcap_100_Sep2021.pdf
2021-09-30,TANLA.NS,NIFTY_SMALLCAP_100,NIFTY_Smallcap_100_Sep2021.pdf
2021-09-30,TATACHEM.NS,NIFTY_MIDCAP_100,NIFTY_Midcap_100_Sep2021.pdf
2021-09-30,TATACOMM.NS,NIFTY_MIDCAP_100,NIFTY_Midcap_100_Sep2021.pdf
2021-09-30,TATACONSUM.NS,NIFTY_100,NIFTY_100_Sep2021.pdf
2021-09-30,TATAELXSI.NS,NIFTY_MIDCAP_100,NIFTY_Midcap_100_Sep2021.pdf
2021-09-30,TATAMOTORS.NS,NIFTY_100,NIFTY_100_Sep2021.pdf
2021-09-30,TATAPOWER.NS,NIFTY_MIDCAP_100,NIFTY_Midcap_100_Sep2021.pdf
2021-09-30,TATASTEEL.NS,NIFTY_100,NIFTY_100_Sep2021.pdf
2021-09-30,TCS.NS,NIFTY_100,NIFTY_100_Sep2021.pdf
2021-09-30,TECHM.NS,NIFTY_100,NIFTY_100_Sep2021.pdf
2021-09-30,THYROCARE.NS,NIFTY_SMALLCAP_100,NIFTY_Smallcap_100_Sep2021.pdf
2021-09-30,TITAN.NS,NIFTY_100,NIFTY_100_Sep2021.pdf
2021-09-30,TORNTPHARM.NS,NIFTY_100,NIFTY_100_Sep2021.pdf
2021-09-30,TORNTPOWER.NS,NIFTY_MIDCAP_100,NIFTY_Midcap_100_Sep2021.pdf
2021-09-30,TRENT.NS,NIFTY_MIDCAP_100,NIFTY_Midcap_100_Sep2021.pdf
2021-09-30,TRIDENT.NS,NIFTY_SMALLCAP_100,NIFTY_Smallcap_100_Sep2021.pdf
2021-09-30,TV18BRDCST.NS,NIFTY_SMALLCAP_100,NIFTY_Smallcap_100_Sep2021.pdf
2021-09-30,TVSMOTOR.NS,NIFTY_MIDCAP_100,NIFTY_Midcap_100_Sep2021.pdf
2021-09-30,UBL.NS,NIFTY_MIDCAP_100,NIFTY_Midcap_100_Sep2021.pdf
2021-09-30,UJJIVANSFB.NS,NIFTY_SMALLCAP_100,NIFTY_Smallcap_100_Sep2021.pdf
2021-09-30,ULTRACEMCO.NS,NIFTY_100,NIFTY_100_Sep2021.pdf
2021-09-30,UNIONBANK.NS,NIFTY_MIDCAP_100,NIFTY_Midcap_100_Sep2021.pdf
2021-09-30,UPL.NS,NIFTY_100,NIFTY_100_Sep2021.pdf
2021-09-30,UTIAMC.NS,NIFTY_SMALLCAP_100,NIFTY_Smallcap_100_Sep2021.pdf
2021-09-30,VAKRANGEE.NS,NIFTY_SMALLCAP_100,NIFTY_Smallcap_100_Sep2021.pdf
2021-09-30,VBL.NS,NIFTY_MIDCAP_100,NIFTY_Midcap_100_Sep2021.pdf
2021-09-30,VEDL.NS,NIFTY_100,NIFTY_100_Sep2021.pdf
2021-09-30,VIPIND.NS,NIFTY_SMALLCAP_100,NIFTY_Smallcap_100_Sep2021.pdf
2021-09-30,VOLTAS.NS,NIFTY_MIDCAP_100,NIFTY_Midcap_100_Sep2021.pdf
2021-09-30,WELSPUNIND.NS,NIFTY_SMALLCAP_100,NIFTY_Smallcap_100_Sep2021.pdf
2021-09-30,WHIRLPOOL.NS,NIFTY_MIDCAP_100,NIFTY_Midcap_100_Sep2021.pdf
2021-09-30,WIPRO.NS,NIFTY_100,NIFTY_100_Sep2021.pdf
2021-09-30,WOCKPHARMA.NS,NIFTY_SMALLCAP_100,NIFTY_Smallcap_100_Sep2021.pdf
2021-09-30,YESBANK.NS,NIFTY_100,NIFTY_100_Sep2021.pdf
2021-09-30,ZEEL.NS,NIFTY_MIDCAP_100,NIFTY_Midcap_100_Sep2021.pdf
2021-09-30,ZENSARTECH.NS,NIFTY_SMALLCAP_100,NIFTY_Smallcap_100_Sep2021.pdf
2021-10-29,AARTIDRUGS.NS,NIFTY_SMALLCAP_100,NIFTY_Smallcap_100_Oct2021.pdf
2021-10-29,AARTIIND.NS,NIFTY_MIDCAP_100,NIFTY_Midcap_100_Oct2021.pdf
2021-10-29,ABCAPITAL.NS,NIFTY_MIDCAP_100,NIFTY_Midcap_100_Oct2021.pdf
2021-10-29,ABFRL.NS,NIFTY_MIDCAP_100,NIFTY_Midcap_100_Oct2021.pdf
2021-10-29,ACC.NS,NIFTY_100,NIFTY_100_Oct2021.pdf
2021-10-29,ADANIENT.NS,NIFTY_100,NIFTY_100_Oct2021.pdf
2021-10-29,ADANIGREEN.NS,NIFTY_100,NIFTY_100_Oct2021.pdf
2021-10-29,ADANIPORTS.NS,NIFTY_100,NIFTY_100_Oct2021.pdf
2021-10-29,ADANITRANS.NS,NIFTY_100,NIFTY_100_Oct2021.pdf
2021-10-29,AEGISCHEM.NS,NIFTY_SMALLCAP_100,NIFTY_Smallcap_100_Oct2021.pdf
2021-10-29,AJANTPHARM.NS,NIFTY_MIDCAP_100,NIFTY_Midcap_100_Oct2021.pdf
2021-10-29,ALKEM.NS,NIFTY_MIDCAP_100,NIFTY_Midcap_100_Oct2021.pdf
2021-10-29,ALOKINDS.NS,NIFTY_SMALLCAP_100,NIFTY_Smallcap_100_Oct2021.pdf
2021-10-29,AMARAJABAT.NS,NIFTY_MIDCAP_100,NIFTY_Midcap_100_Oct2021.pdf
2021-10-29,AMBER.NS,NIFTY_SMALLCAP_100,NIFTY_Smallcap_100_Oct2021.pdf
2021-10-29,AMBUJACEM.NS,NIFTY_100,NIFTY_100_Oct2021.pdf
2021-10-29,ANURAS.NS,NIFTY_SMALLCAP_100,NIFTY_Smallcap_100_Oct2021.pdf
2021-10-29,APLLTD.NS,NIFTY_MIDCAP_100,NIFTY_Midcap_100_Oct2021.pdf
2021-10-29,APOLLOHOSP.NS,NIFTY_100,NIFTY_100_Oct2021.pdf
2021-10-29,APOLLOTYRE.NS,NIFTY_MIDCAP_100,NIFTY_Midcap_100_Oct2021.pdf
2021-10-29,ASHOKLEY.NS,NIFTY_MIDCAP_100,NIFTY_Midcap_100_Oct2021.pdf
2021-10-29,ASIANPAINT.NS,NIFTY_100,NIFTY_100_Oct2021.pdf
2021-10-29,ASTRAL.NS,NIFTY_MIDCAP_100,NIFTY_Midcap_100_Oct2021.pdf
2021-10-29,ASTRAZEN.NS,NIFTY_SMALLCAP_100,NIFTY_Smallcap_100_Oct2021.pdf
2021-10-29,ATGL.NS,NIFTY_MIDCAP_100,NIFTY_Midcap_100_Oct2021.pdf
2021-10-29,AUBANK.NS,NIFTY_MIDCAP_100,NIFTY_Midcap_100_Oct2021.pdf
2021-10-29,AUROPHARMA.NS,NIFTY_100,NIFTY_100_Oct2021.pdf
2021-10-29,AVANTIFEED.NS,NIFTY_SMALLCAP_100,NIFTY_Smallcap_100_Oct2021.pdf
2021-10-29,AXISBANK.NS,NIFTY_100,NIFTY_100_Oct2021.pdf
2021-10-29,BAJAJ-AUTO.NS,NIFTY_100,NIFTY_100_Oct2021.pdf
2021-10-29,BAJAJELEC.NS,NIFTY_SMALLCAP_100,NIFTY_Smallcap_100_Oct2021.pdf
2021-10-29,BAJAJFINSV.NS,NIFTY_100,NIFTY_100_Oct2021.pdf
2021-10-29,BAJAJHLDNG.NS,NIFTY_100,NIFTY_100_Oct2021.pdf
2021-10-29,BAJFINANCE.NS,NIFTY_100,NIFTY_100_Oct2021.pdf
2021-10-29,BALAMINES.NS,NIFTY_SMALLCAP_100,NIFTY_Smallcap_100_Oct2021.pdf
2021-10-29,BALKRISIND.NS,NIFTY_MIDCAP_100,NIFTY_Midcap_100_Oct2021.pdf
2021-10-29,BALRAMCHIN.NS,NIFTY_SMALLCAP_100,NIFTY_Smallcap_100_Oct2021.pdf
2021-10-29,BANDHANBNK.NS,NIFTY_100,NIFTY_100_Oct2021.pdf
2021-10-29,BANKBARODA.NS,NIFTY_100,NIFTY_100_Oct2021.pdf
2021-10-29,BANKINDIA.NS,NIFTY_MIDCAP_100,NIFTY_Midcap_100_Oct2021.pdf
2021-10-29,BASF.NS,NIFTY_SMALLCAP_100,NIFTY_Smallcap_100_Oct2021.pdf
2021-10-29,BATAINDIA.NS,NIFTY_MIDCAP_100,NIFTY_Midcap_100_Oct2021.pdf
2021-10-29,BDL.NS,NIFTY_SMALLCAP_100,NIFTY_Smallcap_100_Oct2021.pdf
2021-10-29,BEL.NS,NIFTY_MIDCAP_100,NIFTY_Midcap_100_Oct2021.pdf
2021-10-29,BEML.NS,NIFTY_SMALLCAP_100,NIFTY_Smallcap_100_Oct2021.pdf
2021-10-29,BERGEPAINT.NS,NIFTY_100,NIFTY_100_Oct2021.pdf
2021-10-29,BHARATFORG.NS,NIFTY_MIDCAP_100,NIFTY_Midcap_100_Oct2021.pdf
2021-10-29,BHARTIARTL.NS,NIFTY_100,NIFTY_100_Oct2021.pdf
2021-10-29,BHEL.NS,NIFTY_MIDCAP_100,NIFTY_Midcap_100_Oct2021.pdf
2021-10-29,BIOCON.NS,NIFTY_100,NIFTY_100_Oct2021.pdf
2021-10-29,BIRLACORPN.NS,NIFTY_SMALLCAP_100,NIFTY_Smallcap_100_Oct2021.pdf
2021-10-29,BOSCHLTD.NS,NIFTY_100,NIFTY_100_Oct2021.pdf
2021-10-29,BPCL.NS,NIFTY_100,NIFTY_100_Oct2021.pdf
2021-10-29,BRITANNIA.NS,NIFTY_100,NIFTY_100_Oct2021.pdf
2021-10-29,BSOFT.NS,NIFTY_SMALLCAP_100,NIFTY_Smallcap_100_Oct2021.pdf
2021-10-29,BURGERKING.NS,NIFTY_SMALLCAP_100,NIFTY_Smallcap_100_Oct2021.pdf
2021-10-29,CADILAHC.NS,NIFTY_100,NIFTY_100_Oct2021.pdf
2021-10-29,CAMS.NS,NIFTY_SMALLCAP_100,NIFTY_Smallcap_100_Oct2021.pdf
2021-10-29,CANBK.NS,NIFTY_MIDCAP_100,NIFTY_Midcap_100_Oct2021.pdf
2021-10-29,CANFINHOME.NS,NIFTY_SMALLCAP_100,NIFTY_Smallcap_100_Oct2021.pdf
2021-10-29,CARBORUNIV.NS,NIFTY_SMALLCAP_100,NIFTY_Smallcap_100_Oct2021.pdf
2021-10-29,CASTROLIND.NS,NIFTY_MIDCAP_100,NIFTY_Midcap_100_Oct2021.pdf
2021-10-29,CDSL.NS,NIFTY_SMALLCAP_100,NIFTY_Smallcap_100_Oct2021.pdf
2021-10-29,CEATLTD.NS,NIFTY_SMALLCAP_100,NIFTY_Smallcap_100_Oct2021.pdf
2021-10-29,CENTRALBK.NS,NIFTY_SMALLCAP_100,NIFTY_Smallcap_100_Oct2021.pdf
2021-10-29,CENTURYTEX.NS,NIFTY_SMALLCAP_100,NIFTY_Smallcap_100_Oct2021.pdf
2021-10-29,CESC.NS,NIFTY_SMALLCAP_100,NIFTY_Smallcap_100_Oct2021.pdf
2021-10-29,CHAMBLFERT.NS,NIFTY_SMALLCAP_100,NIFTY_Smallcap_100_Oct2021.pdf
2021-10-29,CHOLAFIN.NS,NIFTY_100,NIFTY_100_Oct2021.pdf
2021-10-29,CIPLA.NS,NIFTY_100,NIFTY_100_Oct2021.pdf
2021-10-29,COALINDIA.NS,NIFTY_100,NIFTY_100_Oct2021.pdf
2021-10-29,COCHINSHIP.NS,NIFTY_SMALLCAP_100,NIFTY_Smallcap_100_Oct2021.pdf
2021-10-29,COFORGE.NS,NIFTY_MIDCAP_100,NIFTY_Midcap_100_Oct2021.pdf
2021-10-29,COLPAL.NS,NIFTY_100,NIFTY_100_Oct2021.pdf
2021-10-29,CONCOR.NS,NIFTY_MIDCAP_100,NIFTY_Midcap_100_Oct2021.pdf
2021-10-29,COROMANDEL.NS,NIFTY_MIDCAP_100,NIFTY_Midcap_100_Oct2021.pdf
2021-10-29,CROMPTON.NS,NIFTY_MIDCAP_100,NIFTY_Midcap_100_Oct2021.pdf
2021-10-29,CSBBANK.NS,NIFTY_SMALLCAP_100,NIFTY_Smallcap_100_Oct2021.pdf
2021-10-29,CUB.NS,NIFTY_MIDCAP_100,NIFTY_Midcap_100_Oct2021.pdf
2021-10-29,CUMMINSIND.NS,NIFTY_MIDCAP_100,NIFTY_Midcap_100_Oct2021.pdf
2021-10-29,CYIENT.NS,NIFTY_SMALLCAP_100,NIFTY_Smallcap_100_Oct2021.pdf
2021-10-29,DABUR.NS,NIFTY_100,NIFTY_100_Oct2021.pdf
2021-10-29,DALBHARAT.NS,NIFTY_MIDCAP_100,NIFTY_Midcap_100_Oct2021.pdf
2021-10-29,DBL.NS,NIFTY_SMALLCAP_100,NIFTY_Smallcap_100_Oct2021.pdf
2021-10-29,DCMSHRIRAM.NS,NIFTY_SMALLCAP_100,NIFTY_Smallcap_100_Oct2021.pdf
2021-10-29,DEEPAKNTR.NS,NIFTY_MIDCAP_100,NIFTY_Midcap_100_Oct2021.pdf
2021-10-29,DELTACORP.NS,NIFTY_SMALLCAP_100,NIFTY_Smallcap_100_Oct2021.pdf
2021-10-29,DHANI.NS,NIFTY_MIDCAP_100,NIFTY_Midcap_100_Oct2021.pdf
2021-10-29,DIVISLAB.NS,NIFTY_100,NIFTY_100_Oct2021.pdf
2021-10-29,DIXON.NS,NIFTY_MIDCAP_100,NIFTY_Midcap_100_Oct2021.pdf
2021-10-29,DLF.NS,NIFTY_100,NIFTY_100_Oct2021.pdf
2021-10-29,DMART.NS,NIFTY_100,NIFTY_100_Oct2021.pdf
2021-10-29,DRREDDY.NS,NIFTY_100,NIFTY_100_Oct2021.pdf
2021-10-29,EDELWEISS.NS,NIFTY_SMALLCAP_100,NIFTY_Smallcap_100_Oct2021.pdf
2021-10-29,EICHERMOT.NS,NIFTY_100,NIFTY_100_Oct2021.pdf
2021-10-29,EIDPARRY.NS,NIFTY_SMALLCAP_100,NIFTY_Smallcap_100_Oct2021.pdf
2021-10-29,EMAMILTD.NS,NIFTY_MIDCAP_100,NIFTY_Midcap_100_Oct2021.pdf
2021-10-29,ENDURANCE.NS,NIFTY_MIDCAP_100,NIFTY_Midcap_100_Oct2021.pdf
2021-10-29,ENGINERSIN.NS,NIFTY_SMALLCAP_100,NIFTY_Smallcap_100_Oct2021.pdf
2021-10-29,ESCORTS.NS,NIFTY_MIDCAP_100,NIFTY_Midcap_100_Oct2021.pdf
2021-10-29,EXIDEIND.NS,NIFTY_MIDCAP_100,NIFTY_Midcap_100_Oct2021.pdf
2021-10-29,FDC.NS,NIFTY_SMALLCAP_100,NIFTY_Smallcap_100_Oct2021.pdf
2021-10-29,FEDERALBNK.NS,NIFTY_MIDCAP_100,NIFTY_Midcap_100_Oct2021.pdf
2021-10-29,FINEORG.NS,NIFTY_SMALLCAP_100,NIFTY_Smallcap_100_Oct2021.pdf
2021-10-29,FORTIS.NS,NIFTY_MIDCAP_100,NIFTY_Midcap_100_Oct2021.pdf
2021-10-29,FSL.NS,NIFTY_SMALLCAP_100,NIFTY_Smallcap_100_Oct2021.pdf
2021-10-29,GAIL.NS,NIFTY_100,NIFTY_100_Oct2021.pdf
2021-10-29,GLAND.NS,NIFTY_100,NIFTY_100_Oct2021.pdf
2021-10-29,GLENMARK.NS,NIFTY_MIDCAP_100,NIFTY_Midcap_100_Oct2021.pdf
2021-10-29,GMMPFAUDLR.NS,NIFTY_SMALLCAP_100,NIFTY_Smallcap_100_Oct2021.pdf
2021-10-29,GNFC.NS,NIFTY_SMALLCAP_100,NIFTY_Smallcap_100_Oct2021.pdf
2021-10-29,GODREJCP.NS,NIFTY_100,NIFTY_100_Oct2021.pdf
2021-10-29,GODREJIND.NS,NIFTY_MIDCAP_100,NIFTY_Midcap_100_Oct2021.pdf
2021-10-29,GODREJPROP.NS,NIFTY_MIDCAP_100,NIFTY_Midcap_100_Oct2021.pdf
2021-10-29,GRANULES.NS,NIFTY_SMALLCAP_100,NIFTY_Smallcap_100_Oct2021.pdf
2021-10-29,GRAPHITE.NS,NIFTY_SMALLCAP_100,NIFTY_Smallcap_100_Oct2021.pdf
2021-10-29,GRASIM.NS,NIFTY_100,NIFTY_100_Oct2021.pdf
2021-10-29,GSPL.NS,NIFTY_MIDCAP_100,NIFTY_Midcap_100_Oct2021.pdf
2021-10-29,GUJGASLTD.NS,NIFTY_MIDCAP_100,NIFTY_Midcap_100_Oct2021.pdf
2021-10-29,HAL.NS,NIFTY_MIDCAP_100,NIFTY_Midcap_100_Oct2021.pdf
2021-10-29,HAPPSTMNDS.NS,NIFTY_SMALLCAP_100,NIFTY_Smallcap_100_Oct2021.pdf
2021-10-29,HAVELLS.NS,NIFTY_100,NIFTY_100_Oct2021.pdf
2021-10-29,HCLTECH.NS,NIFTY_100,NIFTY_100_Oct2021.pdf
2021-10-29,HDFC.NS,NIFTY_100,NIFTY_100_Oct2021.pdf
2021-10-29,HDFCAMC.NS,NIFTY_100,NIFTY_100_Oct2021.pdf
2021-10-29,HDFCBANK.NS,NIFTY_100,NIFTY_100_Oct2021.pdf
2021-10-29,HDFCLIFE.NS,NIFTY_100,NIFTY_100_Oct2021.pdf
2021-10-29,HEG.NS,NIFTY_SMALLCAP_100,NIFTY_Smallcap_100_Oct2021.pdf
2021-10-29,HEROMOTOCO.NS,NIFTY_100,NIFTY_100_Oct2021.pdf
2021-10-29,HFCL.NS,NIFTY_SMALLCAP_100,NIFTY_Smallcap_100_Oct2021.pdf
2021-10-29,HINDALCO.NS,NIFTY_100,NIFTY_100_Oct2021.pdf
2021-10-29,HINDCOPPER.NS,NIFTY_MIDCAP_100,NIFTY_Midcap_100_Oct2021.pdf
2021-10-29,HINDPETRO.NS,NIFTY_100,NIFTY_100_Oct2021.pdf
2021-10-29,HINDUNILVR.NS,NIFTY_100,NIFTY_100_Oct2021.pdf
2021-10-29,HINDZINC.NS,NIFTY_MIDCAP_100,NIFTY_Midcap_100_Oct2021.pdf
2021-10-29,IBULHSGFIN.NS,NIFTY_SMALLCAP_100,NIFTY_Smallcap_100_Oct2021.pdf
2021-10-29,ICICIBANK.NS,NIFTY_100,NIFTY_100_Oct2021.pdf
2021-10-29,ICICIGI.NS,NIFTY_100,NIFTY_100_Oct2021.pdf
2021-10-29,ICICIPRULI.NS,NIFTY_100,NIFTY_100_Oct2021.pdf
2021-10-29,IDBI.NS,NIFTY_SMALLCAP_100,NIFTY_Smallcap_100_Oct2021.pdf
2021-10-29,IDEA.NS,NIFTY_MIDCAP_100,NIFTY_Midcap_100_Oct2021.pdf
2021-10-29,IDFC.NS,NIFTY_SMALLCAP_100,NIFTY_Smallcap_100_Oct2021.pdf
2021-10-29,IDFCFIRSTB.NS,NIFTY_MIDCAP_100,NIFTY_Midcap_100_Oct2021.pdf
2021-10-29,IEX.NS,NIFTY_SMALLCAP_100,NIFTY_Smallcap_100_Oct2021.pdf
2021-10-29,IGL.NS,NIFTY_100,NIFTY_100_Oct2021.pdf
2021-10-29,INDHOTEL.NS,NIFTY_MIDCAP_100,NIFTY_Midcap_100_Oct2021.pdf
2021-10-29,INDIACEM.NS,NIFTY_SMALLCAP_100,NIFTY_Smallcap_100_Oct2021.pdf
2021-10-29,INDIAMART.NS,NIFTY_MIDCAP_100,NIFTY_Midcap_100_Oct2021.pdf
2021-10-29,INDIANB.NS,NIFTY_MIDCAP_100,NIFTY_Midcap_100_Oct2021.pdf
2021-10-29,INDIGO.NS,NIFTY_100,NIFTY_100_Oct2021.pdf
2021-10-29,INDIGOPNTS.NS,NIFTY_SMALLCAP_100,NIFTY_Smallcap_100_Oct2021.pdf
2021-10-29,INDUSINDBK.NS,NIFTY_100,NIFTY_100_Oct2021.pdf
2021-10-29,INDUSTOWER.NS,NIFTY_100,NIFTY_100_Oct2021.pdf
2021-10-29,INFIBEAM.NS,NIFTY_SMALLCAP_100,NIFTY_Smallcap_100_Oct2021.pdf
2021-10-29,INFY.NS,NIFTY_100,NIFTY_100_Oct2021.pdf
2021-10-29,INTELLECT.NS,NIFTY_SMALLCAP_100,NIFTY_Smallcap_100_Oct2021.pdf
2021-10-29,IOB.NS,NIFTY_SMALLCAP_100,NIFTY_Smallcap_100_Oct2021.pdf
2021-10-29,IOC.NS,NIFTY_100,NIFTY_100_Oct2021.pdf
2021-10-29,IPCALAB.NS,NIFTY_MIDCAP_100,NIFTY_Midcap_100_Oct2021.pdf
2021-10-29,IRCTC.NS,NIFTY_MIDCAP_100,NIFTY_Midcap_100_Oct2021.pdf
2021-10-29,IRFC.NS,NIFTY_MIDCAP_100,NIFTY_Midcap_100_Oct2021.pdf
2021-10-29,ISEC.NS,NIFTY_MIDCAP_100,NIFTY_Midcap_100_Oct2021.pdf
2021-10-29,ITC.NS,NIFTY_100,NIFTY_100_Oct2021.pdf
2021-10-29,JBCHEPHARM.NS,NIFTY_SMALLCAP_100,NIFTY_Smallcap_100_Oct2021.pdf
2021-10-29,JINDALSTEL.NS,NIFTY_100,NIFTY_100_Oct2021.pdf
2021-10-29,JKLAKSHMI.NS,NIFTY_SMALLCAP_100,NIFTY_Smallcap_100_Oct2021.pdf
2021-10-29,JMFINANCIL.NS,NIFTY_SMALLCAP_100,NIFTY_Smallcap_100_Oct2021.pdf
2021-10-29,JSWENERGY.NS,NIFTY_MIDCAP_100,NIFTY_Midcap_100_Oct2021.pdf
2021-10-29,JSWSTEEL.NS,NIFTY_100,NIFTY_100_Oct2021.pdf
2021-10-29,JUBLFOOD.NS,NIFTY_100,NIFTY_100_Oct2021.pdf
2021-10-29,JUBLINGREA.NS,NIFTY_SMALLCAP_100,NIFTY_Smallcap_100_Oct2021.pdf
2021-10-29,JUSTDIAL.NS,NIFTY_SMALLCAP_100,NIFTY_Smallcap_100_Oct2021.pdf
2021-10-29,KALPATPOWR.NS,NIFTY_SMALLCAP_100,NIFTY_Smallcap_100_Oct2021.pdf
2021-10-29,KALYANKJIL.NS,NIFTY_SMALLCAP_100,NIFTY_Smallcap_100_Oct2021.pdf
2021-10-29,KEC.NS,NIFTY_SMALLCAP_100,NIFTY_Smallcap_100_Oct2021.pdf
2021-10-29,KEI.NS,NIFTY_SMALLCAP_100,NIFTY_Smallcap_100_Oct2021.pdf
2021-10-29,KOTAKBANK.NS,NIFTY_100,NIFTY_100_Oct2021.pdf
2021-10-29,KPITTECH.NS,NIFTY_SMALLCAP_100,NIFTY_Smallcap_100_Oct2021.pdf
2021-10-29,L&TFH.NS,NIFTY_MIDCAP_100,NIFTY_Midcap_100_Oct2021.pdf
2021-10-29,LALPATHLAB.NS,NIFTY_MIDCAP_100,NIFTY_Midcap_100_Oct2021.pdf
2021-10-29,LAURUSLABS.NS,NIFTY_MIDCAP_100,NIFTY_Midcap_100_Oct2021.pdf
2021-10-29,LICHSGFIN.NS,NIFTY_MIDCAP_100,NIFTY_Midcap_100_Oct2021.pdf
2021-10-29,LT.NS,NIFTY_100,NIFTY_100_Oct2021.pdf
2021-10-29,LTI.NS,NIFTY_100,NIFTY_100_Oct2021.pdf
2021-10-29,LTTS.NS,NIFTY_MIDCAP_100,NIFTY_Midcap_100_Oct2021.pdf
2021-10-29,LUPIN.NS,NIFTY_100,NIFTY_100_Oct2021.pdf
2021-10-29,LUXIND.NS,NIFTY_SMALLCAP_100,NIFTY_Smallcap_100_Oct2021.pdf
2021-10-29,LXCHEM.NS,NIFTY_SMALLCAP_100,NIFTY_Smallcap_100_Oct2021.pdf
2021-10-29,M&M.NS,NIFTY_100,NIFTY_100_Oct2021.pdf
2021-10-29,M&MFIN.NS,NIFTY_MIDCAP_100,NIFTY_Midcap_100_Oct2021.pdf
2021-10-29,MAHABANK.NS,NIFTY_SMALLCAP_100,NIFTY_Smallcap_100_Oct2021.pdf
2021-10-29,MANAPPURAM.NS,NIFTY_MIDCAP_100,NIFTY_Midcap_100_Oct2021.pdf
2021-10-29,MARICO.NS,NIFTY_100,NIFTY_100_Oct2021.pdf
2021-10-29,MARUTI.NS,NIFTY_100,NIFTY_100_Oct2021.pdf
2021-10-29,MAZDOCK.NS,NIFTY_SMALLCAP_100,NIFTY_Smallcap_100_Oct2021.pdf
2021-10-29,MCDOWELL-N.NS,NIFTY_100,NIFTY_100_Oct2021.pdf
2021-10-29,MCX.NS,NIFTY_SMALLCAP_100,NIFTY_Smallcap_100_Oct2021.pdf
2021-10-29,MFSL.NS,NIFTY_MIDCAP_100,NIFTY_Midcap_100_Oct2021.pdf
2021-10-29,MGL.NS,NIFTY_MIDCAP_100,NIFTY_Midcap_100_Oct2021.pdf
2021-10-29,MINDTREE.NS,NIFTY_MIDCAP_100,NIFTY_Midcap_100_Oct2021.pdf
2021-10-29,MMTC.NS,NIFTY_SMALLCAP_100,NIFTY_Smallcap_100_Oct2021.pdf
2021-10-29,MPHASIS.NS,NIFTY_MIDCAP_100,NIFTY_Midcap_100_Oct2021.pdf
2021-10-29,MRF.NS,NIFTY_MIDCAP_100,NIFTY_Midcap_100_Oct2021.pdf
2021-10-29,MUTHOOTFIN.NS,NIFTY_100,NIFTY_100_Oct2021.pdf
2021-10-29,NAM-INDIA.NS,NIFTY_MIDCAP_100,NIFTY_Midcap_100_Oct2021.pdf
2021-10-29,NATCOPHARM.NS,NIFTY_MIDCAP_100,NIFTY_Midcap_100_Oct2021.pdf
2021-10-29,NATIONALUM.NS,NIFTY_MIDCAP_100,NIFTY_Midcap_100_Oct2021.pdf
2021-10-29,NAUKRI.NS,NIFTY_100,NIFTY_100_Oct2021.pdf
2021-10-29,NAVINFLUOR.NS,NIFTY_MIDCAP_100,NIFTY_Midcap_100_Oct2021.pdf
2021-10-29,NBCC.NS,NIFTY_SMALLCAP_100,NIFTY_Smallcap_100_Oct2021.pdf
2021-10-29,NESTLEIND.NS,NIFTY_100,NIFTY_100_Oct2021.pdf
2021-10-29,NMDC.NS,NIFTY_100,NIFTY_100_Oct2021.pdf
2021-10-29,NTPC.NS,NIFTY_100,NIFTY_100_Oct2021.pdf
2021-10-29,OBEROIRLTY.NS,NIFTY_MIDCAP_100,NIFTY_Midcap_100_Oct2021.pdf
2021-10-29,OIL.NS,NIFTY_MIDCAP_100,NIFTY_Midcap_100_Oct2021.pdf
2021-10-29,ONGC.NS,NIFTY_100,NIFTY_100_Oct2021.pdf
2021-10-29,PAGEIND.NS,NIFTY_MIDCAP_100,NIFTY_Midcap_100_Oct2021.pdf
2021-10-29,PEL.NS,NIFTY_100,NIFTY_100_Oct2021.pdf
2021-10-29,PETRONET.NS,NIFTY_MIDCAP_100,NIFTY_Midcap_100_Oct2021.pdf
2021-10-29,PFC.NS,NIFTY_MIDCAP_100,NIFTY_Midcap_100_Oct2021.pdf
2021-10-29,PFIZER.NS,NIFTY_MIDCAP_100,NIFTY_Midcap_100_Oct2021.pdf
2021-10-29,PGHH.NS,NIFTY_100,NIFTY_100_Oct2021.pdf
2021-10-29,PIDILITIND.NS,NIFTY_100,NIFTY_100_Oct2021.pdf
2021-10-29,PIIND.NS,NIFTY_100,NIFTY_100_Oct2021.pdf
2021-10-29,PNB.NS,NIFTY_100,NIFTY_100_Oct2021.pdf
2021-10-29,PNBHOUSING.NS,NIFTY_SMALLCAP_100,NIFTY_Smallcap_100_Oct2021.pdf
2021-10-29,POLYCAB.NS,NIFTY_MIDCAP_100,NIFTY_Midcap_100_Oct2021.pdf
2021-10-29,POWERGRID.NS,NIFTY_100,NIFTY_100_Oct2021.pdf
2021-10-29,PRESTIGE.NS,NIFTY_MIDCAP_100,NIFTY_Midcap_100_Oct2021.pdf
2021-10-29,PRINCEPIPE.NS,NIFTY_SMALLCAP_100,NIFTY_Smallcap_100_Oct2021.pdf
2021-10-29,PVR.NS,NIFTY_SMALLCAP_100,NIFTY_Smallcap_100_Oct2021.pdf
2021-10-29,QUESS.NS,NIFTY_SMALLCAP_100,NIFTY_Smallcap_100_Oct2021.pdf
2021-10-29,RADICO.NS,NIFTY_SMALLCAP_100,NIFTY_Smallcap_100_Oct2021.pdf
2021-10-29,RAIN.NS,NIFTY_SMALLCAP_100,NIFTY_Smallcap_100_Oct2021.pdf
2021-10-29,RALLIS.NS,NIFTY_SMALLCAP_100,NIFTY_Smallcap_100_Oct2021.pdf
2021-10-29,RAMCOCEM.NS,NIFTY_MIDCAP_100,NIFTY_Midcap_100_Oct2021.pdf
2021-10-29,RBLBANK.NS,NIFTY_MIDCAP_100,NIFTY_Midcap_100_Oct2021.pdf
2021-10-29,RECLTD.NS,NIFTY_MIDCAP_100,NIFTY_Midcap_100_Oct2021.pdf
2021-10-29,RELIANCE.NS,NIFTY_100,NIFTY_100_Oct2021.pdf
2021-10-29,RITES.NS,NIFTY_SMALLCAP_100,NIFTY_Smallcap_100_Oct2021.pdf
2021-10-29,ROSSARI.NS,NIFTY_SMALLCAP_100,NIFTY_Smallcap_100_Oct2021.pdf
2021-10-29,ROUTE.NS,NIFTY_SMALLCAP_100,NIFTY_Smallcap_100_Oct2021.pdf
2021-10-29,RVNL.NS,NIFTY_SMALLCAP_100,NIFTY_Smallcap_100_Oct2021.pdf
2021-10-29,SAIL.NS,NIFTY_100,NIFTY_100_Oct2021.pdf
2021-10-29,SANOFI.NS,NIFTY_MIDCAP_100,NIFTY_Midcap_100_Oct2021.pdf
2021-10-29,SBICARD.NS,NIFTY_100,NIFTY_100_Oct2021.pdf
2021-10-29,SBILIFE.NS,NIFTY_100,NIFTY_100_Oct2021.pdf
2021-10-29,SBIN.NS,NIFTY_100,NIFTY_100_Oct2021.pdf
2021-10-29,SEQUENT.NS,NIFTY_SMALLCAP_100,NIFTY_Smallcap_100_Oct2021.pdf
2021-10-29,SHREECEM.NS,NIFTY_100,NIFTY_100_Oct2021.pdf
2021-10-29,SIEMENS.NS,NIFTY_100,NIFTY_100_Oct2021.pdf
2021-10-29,SONACOMS.NS,NIFTY_MIDCAP_100,NIFTY_Midcap_100_Oct2021.pdf
2021-10-29,SONATSOFTW.NS,NIFTY_SMALLCAP_100,NIFTY_Smallcap_100_Oct2021.pdf
2021-10-29,SPARC.NS,NIFTY_SMALLCAP_100,NIFTY_Smallcap_100_Oct2021.pdf
2021-10-29,SPICEJET.NS,NIFTY_SMALLCAP_100,NIFTY_Smallcap_100_Oct2021.pdf
2021-10-29,SRF.NS,NIFTY_MIDCAP_100,NIFTY_Midcap_100_Oct2021.pdf
2021-10-29,SRTRANSFIN.NS,NIFTY_MIDCAP_100,NIFTY_Midcap_100_Oct2021.pdf
2021-10-29,STAR.NS,NIFTY_SMALLCAP_100,NIFTY_Smallcap_100_Oct2021.pdf
2021-10-29,STLTECH.NS,NIFTY_SMALLCAP_100,NIFTY_Smallcap_100_Oct2021.pdf
2021-10-29,SUNPHARMA.NS,NIFTY_100,NIFTY_100_Oct2021.pdf
2021-10-29,SUNTECK.NS,NIFTY_SMALLCAP_100,NIFTY_Smallcap_100_Oct2021.pdf
2021-10-29,SUNTV.NS,NIFTY_MIDCAP_100,NIFTY_Midcap_100_Oct2021.pdf
2021-10-29,SUZLON.NS,NIFTY_SMALLCAP_100,NIFTY_Smallcap_100_Oct2021.pdf
2021-10-29,SYNGENE.NS,NIFTY_MIDCAP_100,NIFTY_Midcap_100_Oct2021.pdf
2021-10-29,TANLA.NS,NIFTY_SMALLCAP_100,NIFTY_Smallcap_100_Oct2021.pdf
2021-10-29,TATACHEM.NS,NIFTY_MIDCAP_100,NIFTY_Midcap_100_Oct2021.pdf
2021-10-29,TATACOMM.NS,NIFTY_MIDCAP_100,NIFTY_Midcap_100_Oct2021.pdf
2021-10-29,TATACONSUM.NS,NIFTY_100,NIFTY_100_Oct2021.pdf
2021-10-29,TATAELXSI.NS,NIFTY_MIDCAP_100,NIFTY_Midcap_100_Oct2021.pdf
2021-10-29,TATAMOTORS.NS,NIFTY_100,NIFTY_100_Oct2021.pdf
2021-10-29,TATAPOWER.NS,NIFTY_MIDCAP_100,NIFTY_Midcap_100_Oct2021.pdf
2021-10-29,TATASTEEL.NS,NIFTY_100,NIFTY_100_Oct2021.pdf
2021-10-29,TCS.NS,NIFTY_100,NIFTY_100_Oct2021.pdf
2021-10-29,TECHM.NS,NIFTY_100,NIFTY_100_Oct2021.pdf
2021-10-29,THYROCARE.NS,NIFTY_SMALLCAP_100,NIFTY_Smallcap_100_Oct2021.pdf
2021-10-29,TITAN.NS,NIFTY_100,NIFTY_100_Oct2021.pdf
2021-10-29,TORNTPHARM.NS,NIFTY_100,NIFTY_100_Oct2021.pdf
2021-10-29,TORNTPOWER.NS,NIFTY_MIDCAP_100,NIFTY_Midcap_100_Oct2021.pdf
2021-10-29,TRENT.NS,NIFTY_MIDCAP_100,NIFTY_Midcap_100_Oct2021.pdf
2021-10-29,TRIDENT.NS,NIFTY_SMALLCAP_100,NIFTY_Smallcap_100_Oct2021.pdf
2021-10-29,TV18BRDCST.NS,NIFTY_SMALLCAP_100,NIFTY_Smallcap_100_Oct2021.pdf
2021-10-29,TVSMOTOR.NS,NIFTY_MIDCAP_100,NIFTY_Midcap_100_Oct2021.pdf
2021-10-29,UBL.NS,NIFTY_MIDCAP_100,NIFTY_Midcap_100_Oct2021.pdf
2021-10-29,UJJIVANSFB.NS,NIFTY_SMALLCAP_100,NIFTY_Smallcap_100_Oct2021.pdf
2021-10-29,ULTRACEMCO.NS,NIFTY_100,NIFTY_100_Oct2021.pdf
2021-10-29,UNIONBANK.NS,NIFTY_MIDCAP_100,NIFTY_Midcap_100_Oct2021.pdf
2021-10-29,UPL.NS,NIFTY_100,NIFTY_100_Oct2021.pdf
2021-10-29,UTIAMC.NS,NIFTY_SMALLCAP_100,NIFTY_Smallcap_100_Oct2021.pdf
2021-10-29,VAKRANGEE.NS,NIFTY_SMALLCAP_100,NIFTY_Smallcap_100_Oct2021.pdf
2021-10-29,VBL.NS,NIFTY_MIDCAP_100,NIFTY_Midcap_100_Oct2021.pdf
2021-10-29,VEDL.NS,NIFTY_100,NIFTY_100_Oct2021.pdf
2021-10-29,VIPIND.NS,NIFTY_SMALLCAP_100,NIFTY_Smallcap_100_Oct2021.pdf
2021-10-29,VOLTAS.NS,NIFTY_MIDCAP_100,NIFTY_Midcap_100_Oct2021.pdf
2021-10-29,WELSPUNIND.NS,NIFTY_SMALLCAP_100,NIFTY_Smallcap_100_Oct2021.pdf
2021-10-29,WHIRLPOOL.NS,NIFTY_MIDCAP_100,NIFTY_Midcap_100_Oct2021.pdf
2021-10-29,WIPRO.NS,NIFTY_100,NIFTY_100_Oct2021.pdf
2021-10-29,WOCKPHARMA.NS,NIFTY_SMALLCAP_100,NIFTY_Smallcap_100_Oct2021.pdf
2021-10-29,YESBANK.NS,NIFTY_100,NIFTY_100_Oct2021.pdf
2021-10-29,ZEEL.NS,NIFTY_MIDCAP_100,NIFTY_Midcap_100_Oct2021.pdf
2021-10-29,ZENSARTECH.NS,NIFTY_SMALLCAP_100,NIFTY_Smallcap_100_Oct2021.pdf
2021-11-30,AARTIDRUGS.NS,NIFTY_SMALLCAP_100,NIFTY_Smallcap_100_Nov2021.pdf
2021-11-30,AARTIIND.NS,NIFTY_MIDCAP_100,NIFTY_Midcap_100_Nov2021.pdf
2021-11-30,ABCAPITAL.NS,NIFTY_MIDCAP_100,NIFTY_Midcap_100_Nov2021.pdf
2021-11-30,ABFRL.NS,NIFTY_MIDCAP_100,NIFTY_Midcap_100_Nov2021.pdf
2021-11-30,ACC.NS,NIFTY_100,NIFTY_100_Nov2021.pdf
2021-11-30,ADANIENT.NS,NIFTY_100,NIFTY_100_Nov2021.pdf
2021-11-30,ADANIGREEN.NS,NIFTY_100,NIFTY_100_Nov2021.pdf
2021-11-30,ADANIPORTS.NS,NIFTY_100,NIFTY_100_Nov2021.pdf
2021-11-30,ADANITRANS.NS,NIFTY_100,NIFTY_100_Nov2021.pdf
2021-11-30,AEGISCHEM.NS,NIFTY_SMALLCAP_100,NIFTY_Smallcap_100_Nov2021.pdf
2021-11-30,AJANTPHARM.NS,NIFTY_MIDCAP_100,NIFTY_Midcap_100_Nov2021.pdf
2021-11-30,ALKEM.NS,NIFTY_MIDCAP_100,NIFTY_Midcap_100_Nov2021.pdf
2021-11-30,ALOKINDS.NS,NIFTY_SMALLCAP_100,NIFTY_Smallcap_100_Nov2021.pdf
2021-11-30,AMARAJABAT.NS,NIFTY_MIDCAP_100,NIFTY_Midcap_100_Nov2021.pdf
2021-11-30,AMBER.NS,NIFTY_SMALLCAP_100,NIFTY_Smallcap_100_Nov2021.pdf
2021-11-30,AMBUJACEM.NS,NIFTY_100,NIFTY_100_Nov2021.pdf
2021-11-30,ANURAS.NS,NIFTY_SMALLCAP_100,NIFTY_Smallcap_100_Nov2021.pdf
2021-11-30,APLLTD.NS,NIFTY_MIDCAP_100,NIFTY_Midcap_100_Nov2021.pdf
2021-11-30,APOLLOHOSP.NS,NIFTY_100,NIFTY_100_Nov2021.pdf
2021-11-30,APOLLOTYRE.NS,NIFTY_MIDCAP_100,NIFTY_Midcap_100_Nov2021.pdf
2021-11-30,ASHOKLEY.NS,NIFTY_MIDCAP_100,NIFTY_Midcap_100_Nov2021.pdf
2021-11-30,ASIANPAINT.NS,NIFTY_100,NIFTY_100_Nov2021.pdf
2021-11-30,ASTRAL.NS,NIFTY_MIDCAP_100,NIFTY_Midcap_100_Nov2021.pdf
2021-11-30,ASTRAZEN.NS,NIFTY_SMALLCAP_100,NIFTY_Smallcap_100_Nov2021.pdf
2021-11-30,ATGL.NS,NIFTY_MIDCAP_100,NIFTY_Midcap_100_Nov2021.pdf
2021-11-30,AUBANK.NS,NIFTY_MIDCAP_100,NIFTY_Midcap_100_Nov2021.pdf
2021-11-30,AUROPHARMA.NS,NIFTY_100,NIFTY_100_Nov2021.pdf
2021-11-30,AVANTIFEED.NS,NIFTY_SMALLCAP_100,NIFTY_Smallcap_100_Nov2021.pdf
2021-11-30,AXISBANK.NS,NIFTY_100,NIFTY_100_Nov2021.pdf
2021-11-30,BAJAJ-AUTO.NS,NIFTY_100,NIFTY_100_Nov2021.pdf
2021-11-30,BAJAJELEC.NS,NIFTY_SMALLCAP_100,NIFTY_Smallcap_100_Nov2021.pdf
2021-11-30,BAJAJFINSV.NS,NIFTY_100,NIFTY_100_Nov2021.pdf
2021-11-30,BAJAJHLDNG.NS,NIFTY_100,NIFTY_100_Nov2021.pdf
2021-11-30,BAJFINANCE.NS,NIFTY_100,NIFTY_100_Nov2021.pdf
2021-11-30,BALAMINES.NS,NIFTY_SMALLCAP_100,NIFTY_Smallcap_100_Nov2021.pdf
2021-11-30,BALKRISIND.NS,NIFTY_MIDCAP_100,NIFTY_Midcap_100_Nov2021.pdf
2021-11-30,BALRAMCHIN.NS,NIFTY_SMALLCAP_100,NIFTY_Smallcap_100_Nov2021.pdf
2021-11-30,BANDHANBNK.NS,NIFTY_100,NIFTY_100_Nov2021.pdf
2021-11-30,BANKBARODA.NS,NIFTY_100,NIFTY_100_Nov2021.pdf
2021-11-30,BANKINDIA.NS,NIFTY_MIDCAP_100,NIFTY_Midcap_100_Nov2021.pdf
2021-11-30,BASF.NS,NIFTY_SMALLCAP_100,NIFTY_Smallcap_100_Nov2021.pdf
2021-11-30,BATAINDIA.NS,NIFTY_MIDCAP_100,NIFTY_Midcap_100_Nov2021.pdf
2021-11-30,BDL.NS,NIFTY_SMALLCAP_100,NIFTY_Smallcap_100_Nov2021.pdf
2021-11-30,BEL.NS,NIFTY_MIDCAP_100,NIFTY_Midcap_100_Nov2021.pdf
2021-11-30,BEML.NS,NIFTY_SMALLCAP_100,NIFTY_Smallcap_100_Nov2021.pdf
2021-11-30,BERGEPAINT.NS,NIFTY_100,NIFTY_100_Nov2021.pdf
2021-11-30,BHARATFORG.NS,NIFTY_MIDCAP_100,NIFTY_Midcap_100_Nov2021.pdf
2021-11-30,BHARTIARTL.NS,NIFTY_100,NIFTY_100_Nov2021.pdf
2021-11-30,BHEL.NS,NIFTY_MIDCAP_100,NIFTY_Midcap_100_Nov2021.pdf
2021-11-30,BIOCON.NS,NIFTY_100,NIFTY_100_Nov2021.pdf
2021-11-30,BIRLACORPN.NS,NIFTY_SMALLCAP_100,NIFTY_Smallcap_100_Nov2021.pdf
2021-11-30,BOSCHLTD.NS,NIFTY_100,NIFTY_100_Nov2021.pdf
2021-11-30,BPCL.NS,NIFTY_100,NIFTY_100_Nov2021.pdf
2021-11-30,BRITANNIA.NS,NIFTY_100,NIFTY_100_Nov2021.pdf
2021-11-30,BSOFT.NS,NIFTY_SMALLCAP_100,NIFTY_Smallcap_100_Nov2021.pdf
2021-11-30,BURGERKING.NS,NIFTY_SMALLCAP_100,NIFTY_Smallcap_100_Nov2021.pdf
2021-11-30,CADILAHC.NS,NIFTY_100,NIFTY_100_Nov2021.pdf
2021-11-30,CAMS.NS,NIFTY_SMALLCAP_100,NIFTY_Smallcap_100_Nov2021.pdf
2021-11-30,CANBK.NS,NIFTY_MIDCAP_100,NIFTY_Midcap_100_Nov2021.pdf
2021-11-30,CANFINHOME.NS,NIFTY_SMALLCAP_100,NIFTY_Smallcap_100_Nov2021.pdf
2021-11-30,CARBORUNIV.NS,NIFTY_SMALLCAP_100,NIFTY_Smallcap_100_Nov2021.pdf
2021-11-30,CASTROLIND.NS,NIFTY_MIDCAP_100,NIFTY_Midcap_100_Nov2021.pdf
2021-11-30,CDSL.NS,NIFTY_SMALLCAP_100,NIFTY_Smallcap_100_Nov2021.pdf
2021-11-30,CEATLTD.NS,NIFTY_SMALLCAP_100,NIFTY_Smallcap_100_Nov2021.pdf
2021-11-30,CENTRALBK.NS,NIFTY_SMALLCAP_100,NIFTY_Smallcap_100_Nov2021.pdf
2021-11-30,CENTURYTEX.NS,NIFTY_SMALLCAP_100,NIFTY_Smallcap_100_Nov2021.pdf
2021-11-30,CESC.NS,NIFTY_SMALLCAP_100,NIFTY_Smallcap_100_Nov2021.pdf
2021-11-30,CHAMBLFERT.NS,NIFTY_SMALLCAP_100,NIFTY_Smallcap_100_Nov2021.pdf
2021-11-30,CHOLAFIN.NS,NIFTY_100,NIFTY_100_Nov2021.pdf
2021-11-30,CIPLA.NS,NIFTY_100,NIFTY_100_Nov2021.pdf
2021-11-30,COALINDIA.NS,NIFTY_100,NIFTY_100_Nov2021.pdf
2021-11-30,COCHINSHIP.NS,NIFTY_SMALLCAP_100,NIFTY_Smallcap_100_Nov2021.pdf
2021-11-30,COFORGE.NS,NIFTY_MIDCAP_100,NIFTY_Midcap_100_Nov2021.pdf
2021-11-30,COLPAL.NS,NIFTY_100,NIFTY_100_Nov2021.pdf
2021-11-30,CONCOR.NS,NIFTY_MIDCAP_100,NIFTY_Midcap_100_Nov2021.pdf
2021-11-30,COROMANDEL.NS,NIFTY_MIDCAP_100,NIFTY_Midcap_100_Nov2021.pdf
2021-11-30,CROMPTON.NS,NIFTY_MIDCAP_100,NIFTY_Midcap_100_Nov2021.pdf
2021-11-30,CSBBANK.NS,NIFTY_SMALLCAP_100,NIFTY_Smallcap_100_Nov2021.pdf
2021-11-30,CUB.NS,NIFTY_MIDCAP_100,NIFTY_Midcap_100_Nov2021.pdf
2021-11-30,CUMMINSIND.NS,NIFTY_MIDCAP_100,NIFTY_Midcap_100_Nov2021.pdf
2021-11-30,CYIENT.NS,NIFTY_SMALLCAP_100,NIFTY_Smallcap_100_Nov2021.pdf
2021-11-30,DABUR.NS,NIFTY_100,NIFTY_100_Nov2021.pdf
2021-11-30,DALBHARAT.NS,NIFTY_MIDCAP_100,NIFTY_Midcap_100_Nov2021.pdf
2021-11-30,DBL.NS,NIFTY_SMALLCAP_100,NIFTY_Smallcap_100_Nov2021.pdf
2021-11-30,DCMSHRIRAM.NS,NIFTY_SMALLCAP_100,NIFTY_Smallcap_100_Nov2021.pdf
2021-11-30,DEEPAKNTR.NS,NIFTY_MIDCAP_100,NIFTY_Midcap_100_Nov2021.pdf
2021-11-30,DELTACORP.NS,NIFTY_SMALLCAP_100,NIFTY_Smallcap_100_Nov2021.pdf
2021-11-30,DHANI.NS,NIFTY_MIDCAP_100,NIFTY_Midcap_100_Nov2021.pdf
2021-11-30,DIVISLAB.NS,NIFTY_100,NIFTY_100_Nov2021.pdf
2021-11-30,DIXON.NS,NIFTY_MIDCAP_100,NIFTY_Midcap_100_Nov2021.pdf
2021-11-30,DLF.NS,NIFTY_100,NIFTY_100_Nov2021.pdf
2021-11-30,DMART.NS,NIFTY_100,NIFTY_100_Nov2021.pdf
2021-11-30,DRREDDY.NS,NIFTY_100,NIFTY_100_Nov2021.pdf
2021-11-30,EDELWEISS.NS,NIFTY_SMALLCAP_100,NIFTY_Smallcap_100_Nov2021.pdf
2021-11-30,EICHERMOT.NS,NIFTY_100,NIFTY_100_Nov2021.pdf
2021-11-30,EIDPARRY.NS,NIFTY_SMALLCAP_100,NIFTY_Smallcap_100_Nov2021.pdf
2021-11-30,EMAMILTD.NS,NIFTY_MIDCAP_100,NIFTY_Midcap_100_Nov2021.pdf
2021-11-30,ENDURANCE.NS,NIFTY_MIDCAP_100,NIFTY_Midcap_100_Nov2021.pdf
2021-11-30,ENGINERSIN.NS,NIFTY_SMALLCAP_100,NIFTY_Smallcap_100_Nov2021.pdf
2021-11-30,ESCORTS.NS,NIFTY_MIDCAP_100,NIFTY_Midcap_100_Nov2021.pdf
2021-11-30,EXIDEIND.NS,NIFTY_MIDCAP_100,NIFTY_Midcap_100_Nov2021.pdf
2021-11-30,FDC.NS,NIFTY_SMALLCAP_100,NIFTY_Smallcap_100_Nov2021.pdf
2021-11-30,FEDERALBNK.NS,NIFTY_MIDCAP_100,NIFTY_Midcap_100_Nov2021.pdf
2021-11-30,FINEORG.NS,NIFTY_SMALLCAP_100,NIFTY_Smallcap_100_Nov2021.pdf
2021-11-30,FORTIS.NS,NIFTY_MIDCAP_100,NIFTY_Midcap_100_Nov2021.pdf
2021-11-30,FSL.NS,NIFTY_SMALLCAP_100,NIFTY_Smallcap_100_Nov2021.pdf
2021-11-30,GAIL.NS,NIFTY_100,NIFTY_100_Nov2021.pdf
2021-11-30,GLAND.NS,NIFTY_100,NIFTY_100_Nov2021.pdf
2021-11-30,GLENMARK.NS,NIFTY_MIDCAP_100,NIFTY_Midcap_100_Nov2021.pdf
2021-11-30,GMMPFAUDLR.NS,NIFTY_SMALLCAP_100,NIFTY_Smallcap_100_Nov2021.pdf
2021-11-30,GNFC.NS,NIFTY_SMALLCAP_100,NIFTY_Smallcap_100_Nov2021.pdf
2021-11-30,GODREJCP.NS,NIFTY_100,NIFTY_100_Nov2021.pdf
2021-11-30,GODREJIND.NS,NIFTY_MIDCAP_100,NIFTY_Midcap_100_Nov2021.pdf
2021-11-30,GODREJPROP.NS,NIFTY_MIDCAP_100,NIFTY_Midcap_100_Nov2021.pdf
2021-11-30,GRANULES.NS,NIFTY_SMALLCAP_100,NIFTY_Smallcap_100_Nov2021.pdf
2021-11-30,GRAPHITE.NS,NIFTY_SMALLCAP_100,NIFTY_Smallcap_100_Nov2021.pdf
2021-11-30,GRASIM.NS,NIFTY_100,NIFTY_100_Nov2021.pdf
2021-11-30,GSPL.NS,NIFTY_MIDCAP_100,NIFTY_Midcap_100_Nov2021.pdf
2021-11-30,GUJGASLTD.NS,NIFTY_MIDCAP_100,NIFTY_Midcap_100_Nov2021.pdf
2021-11-30,HAL.NS,NIFTY_MIDCAP_100,NIFTY_Midcap_100_Nov2021.pdf
2021-11-30,HAPPSTMNDS.NS,NIFTY_SMALLCAP_100,NIFTY_Smallcap_100_Nov2021.pdf
2021-11-30,HAVELLS.NS,NIFTY_100,NIFTY_100_Nov2021.pdf
2021-11-30,HCLTECH.NS,NIFTY_100,NIFTY_100_Nov2021.pdf
2021-11-30,HDFC.NS,NIFTY_100,NIFTY_100_Nov2021.pdf
2021-11-30,HDFCAMC.NS,NIFTY_100,NIFTY_100_Nov2021.pdf
2021-11-30,HDFCBANK.NS,NIFTY_100,NIFTY_100_Nov2021.pdf
2021-11-30,HDFCLIFE.NS,NIFTY_100,NIFTY_100_Nov2021.pdf
2021-11-30,HEG.NS,NIFTY_SMALLCAP_100,NIFTY_Smallcap_100_Nov2021.pdf
2021-11-30,HEROMOTOCO.NS,NIFTY_100,NIFTY_100_Nov2021.pdf
2021-11-30,HFCL.NS,NIFTY_SMALLCAP_100,NIFTY_Smallcap_100_Nov2021.pdf
2021-11-30,HINDALCO.NS,NIFTY_100,NIFTY_100_Nov2021.pdf
2021-11-30,HINDCOPPER.NS,NIFTY_MIDCAP_100,NIFTY_Midcap_100_Nov2021.pdf
2021-11-30,HINDPETRO.NS,NIFTY_100,NIFTY_100_Nov2021.pdf
2021-11-30,HINDUNILVR.NS,NIFTY_100,NIFTY_100_Nov2021.pdf
2021-11-30,HINDZINC.NS,NIFTY_MIDCAP_100,NIFTY_Midcap_100_Nov2021.pdf
2021-11-30,IBULHSGFIN.NS,NIFTY_SMALLCAP_100,NIFTY_Smallcap_100_Nov2021.pdf
2021-11-30,ICICIBANK.NS,NIFTY_100,NIFTY_100_Nov2021.pdf
2021-11-30,ICICIGI.NS,NIFTY_100,NIFTY_100_Nov2021.pdf
2021-11-30,ICICIPRULI.NS,NIFTY_100,NIFTY_100_Nov2021.pdf
2021-11-30,IDBI.NS,NIFTY_SMALLCAP_100,NIFTY_Smallcap_100_Nov2021.pdf
2021-11-30,IDEA.NS,NIFTY_MIDCAP_100,NIFTY_Midcap_100_Nov2021.pdf
2021-11-30,IDFC.NS,NIFTY_SMALLCAP_100,NIFTY_Smallcap_100_Nov2021.pdf
2021-11-30,IDFCFIRSTB.NS,NIFTY_MIDCAP_100,NIFTY_Midcap_100_Nov2021.pdf
2021-11-30,IEX.NS,NIFTY_SMALLCAP_100,NIFTY_Smallcap_100_Nov2021.pdf
2021-11-30,IGL.NS,NIFTY_100,NIFTY_100_Nov2021.pdf
2021-11-30,INDHOTEL.NS,NIFTY_MIDCAP_100,NIFTY_Midcap_100_Nov2021.pdf
2021-11-30,INDIACEM.NS,NIFTY_SMALLCAP_100,NIFTY_Smallcap_100_Nov2021.pdf
2021-11-30,INDIAMART.NS,NIFTY_MIDCAP_100,NIFTY_Midcap_100_Nov2021.pdf
2021-11-30,INDIANB.NS,NIFTY_MIDCAP_100,NIFTY_Midcap_100_Nov2021.pdf
2021-11-30,INDIGO.NS,NIFTY_100,NIFTY_100_Nov2021.pdf
2021-11-30,INDIGOPNTS.NS,NIFTY_SMALLCAP_100,NIFTY_Smallcap_100_Nov2021.pdf
2021-11-30,INDUSINDBK.NS,NIFTY_100,NIFTY_100_Nov2021.pdf
2021-11-30,INDUSTOWER.NS,NIFTY_100,NIFTY_100_Nov2021.pdf
2021-11-30,INFIBEAM.NS,NIFTY_SMALLCAP_100,NIFTY_Smallcap_100_Nov2021.pdf
2021-11-30,INFY.NS,NIFTY_100,NIFTY_100_Nov2021.pdf
2021-11-30,INTELLECT.NS,NIFTY_SMALLCAP_100,NIFTY_Smallcap_100_Nov2021.pdf
2021-11-30,IOB.NS,NIFTY_SMALLCAP_100,NIFTY_Smallcap_100_Nov2021.pdf
2021-11-30,IOC.NS,NIFTY_100,NIFTY_100_Nov2021.pdf
2021-11-30,IPCALAB.NS,NIFTY_MIDCAP_100,NIFTY_Midcap_100_Nov2021.pdf
2021-11-30,IRCTC.NS,NIFTY_MIDCAP_100,NIFTY_Midcap_100_Nov2021.pdf
2021-11-30,IRFC.NS,NIFTY_MIDCAP_100,NIFTY_Midcap_100_Nov2021.pdf
2021-11-30,ISEC.NS,NIFTY_MIDCAP_100,NIFTY_Midcap_100_Nov2021.pdf
2021-11-30,ITC.NS,NIFTY_100,NIFTY_100_Nov2021.pdf
2021-11-30,JBCHEPHARM.NS,NIFTY_SMALLCAP_100,NIFTY_Smallcap_100_Nov2021.pdf
2021-11-30,JINDALSTEL.NS,NIFTY_100,NIFTY_100_Nov2021.pdf
2021-11-30,JKLAKSHMI.NS,NIFTY_SMALLCAP_100,NIFTY_Smallcap_100_Nov2021.pdf
2021-11-30,JMFINANCIL.NS,NIFTY_SMALLCAP_100,NIFTY_Smallcap_100_Nov2021.pdf
2021-11-30,JSWENERGY.NS,NIFTY_MIDCAP_100,NIFTY_Midcap_100_Nov2021.pdf
2021-11-30,JSWSTEEL.NS,NIFTY_100,NIFTY_100_Nov2021.pdf
2021-11-30,JUBLFOOD.NS,NIFTY_100,NIFTY_100_Nov2021.pdf
2021-11-30,JUBLINGREA.NS,NIFTY_SMALLCAP_100,NIFTY_Smallcap_100_Nov2021.pdf
2021-11-30,JUSTDIAL.NS,NIFTY_SMALLCAP_100,NIFTY_Smallcap_100_Nov2021.pdf
2021-11-30,KALPATPOWR.NS,NIFTY_SMALLCAP_100,NIFTY_Smallcap_100_Nov2021.pdf
2021-11-30,KALYANKJIL.NS,NIFTY_SMALLCAP_100,NIFTY_Smallcap_100_Nov2021.pdf
2021-11-30,KEC.NS,NIFTY_SMALLCAP_100,NIFTY_Smallcap_100_Nov2021.pdf
2021-11-30,KEI.NS,NIFTY_SMALLCAP_100,NIFTY_Smallcap_100_Nov2021.pdf
2021-11-30,KOTAKBANK.NS,NIFTY_100,NIFTY_100_Nov2021.pdf
2021-11-30,KPITTECH.NS,NIFTY_SMALLCAP_100,NIFTY_Smallcap_100_Nov2021.pdf
2021-11-30,L&TFH.NS,NIFTY_MIDCAP_100,NIFTY_Midcap_100_Nov2021.pdf
2021-11-30,LALPATHLAB.NS,NIFTY_MIDCAP_100,NIFTY_Midcap_100_Nov2021.pdf
2021-11-30,LAURUSLABS.NS,NIFTY_MIDCAP_100,NIFTY_Midcap_100_Nov2021.pdf
2021-11-30,LICHSGFIN.NS,NIFTY_MIDCAP_100,NIFTY_Midcap_100_Nov2021.pdf
2021-11-30,LT.NS,NIFTY_100,NIFTY_100_Nov2021.pdf
2021-11-30,LTI.NS,NIFTY_100,NIFTY_100_Nov2021.pdf
2021-11-30,LTTS.NS,NIFTY_MIDCAP_100,NIFTY_Midcap_100_Nov2021.pdf
2021-11-30,LUPIN.NS,NIFTY_100,NIFTY_100_Nov2021.pdf
2021-11-30,LUXIND.NS,NIFTY_SMALLCAP_100,NIFTY_Smallcap_100_Nov2021.pdf
2021-11-30,LXCHEM.NS,NIFTY_SMALLCAP_100,NIFTY_Smallcap_100_Nov2021.pdf
2021-11-30,M&M.NS,NIFTY_100,NIFTY_100_Nov2021.pdf
2021-11-30,M&MFIN.NS,NIFTY_MIDCAP_100,NIFTY_Midcap_100_Nov2021.pdf
2021-11-30,MAHABANK.NS,NIFTY_SMALLCAP_100,NIFTY_Smallcap_100_Nov2021.pdf
2021-11-30,MANAPPURAM.NS,NIFTY_MIDCAP_100,NIFTY_Midcap_100_Nov2021.pdf
2021-11-30,MARICO.NS,NIFTY_100,NIFTY_100_Nov2021.pdf
2021-11-30,MARUTI.NS,NIFTY_100,NIFTY_100_Nov2021.pdf
2021-11-30,MAZDOCK.NS,NIFTY_SMALLCAP_100,NIFTY_Smallcap_100_Nov2021.pdf
2021-11-30,MCDOWELL-N.NS,NIFTY_100,NIFTY_100_Nov2021.pdf
2021-11-30,MCX.NS,NIFTY_SMALLCAP_100,NIFTY_Smallcap_100_Nov2021.pdf
2021-11-30,MFSL.NS,NIFTY_MIDCAP_100,NIFTY_Midcap_100_Nov2021.pdf
2021-11-30,MGL.NS,NIFTY_MIDCAP_100,NIFTY_Midcap_100_Nov2021.pdf
2021-11-30,MINDTREE.NS,NIFTY_MIDCAP_100,NIFTY_Midcap_100_Nov2021.pdf
2021-11-30,MMTC.NS,NIFTY_SMALLCAP_100,NIFTY_Smallcap_100_Nov2021.pdf
2021-11-30,MPHASIS.NS,NIFTY_MIDCAP_100,NIFTY_Midcap_100_Nov2021.pdf
2021-11-30,MRF.NS,NIFTY_MIDCAP_100,NIFTY_Midcap_100_Nov2021.pdf
2021-11-30,MUTHOOTFIN.NS,NIFTY_100,NIFTY_100_Nov2021.pdf
2021-11-30,NAM-INDIA.NS,NIFTY_MIDCAP_100,NIFTY_Midcap_100_Nov2021.pdf
2021-11-30,NATCOPHARM.NS,NIFTY_MIDCAP_100,NIFTY_Midcap_100_Nov2021.pdf
2021-11-30,NATIONALUM.NS,NIFTY_MIDCAP_100,NIFTY_Midcap_100_Nov2021.pdf
2021-11-30,NAUKRI.NS,NIFTY_100,NIFTY_100_Nov2021.pdf
2021-11-30,NAVINFLUOR.NS,NIFTY_MIDCAP_100,NIFTY_Midcap_100_Nov2021.pdf
2021-11-30,NBCC.NS,NIFTY_SMALLCAP_100,NIFTY_Smallcap_100_Nov2021.pdf
2021-11-30,NESTLEIND.NS,NIFTY_100,NIFTY_100_Nov2021.pdf
2021-11-30,NMDC.NS,NIFTY_100,NIFTY_100_Nov2021.pdf
2021-11-30,NTPC.NS,NIFTY_100,NIFTY_100_Nov2021.pdf
2021-11-30,OBEROIRLTY.NS,NIFTY_MIDCAP_100,NIFTY_Midcap_100_Nov2021.pdf
2021-11-30,OIL.NS,NIFTY_MIDCAP_100,NIFTY_Midcap_100_Nov2021.pdf
2021-11-30,ONGC.NS,NIFTY_100,NIFTY_100_Nov2021.pdf
2021-11-30,PAGEIND.NS,NIFTY_MIDCAP_100,NIFTY_Midcap_100_Nov2021.pdf
2021-11-30,PEL.NS,NIFTY_100,NIFTY_100_Nov2021.pdf
2021-11-30,PETRONET.NS,NIFTY_MIDCAP_100,NIFTY_Midcap_100_Nov2021.pdf
2021-11-30,PFC.NS,NIFTY_MIDCAP_100,NIFTY_Midcap_100_Nov2021.pdf
2021-11-30,PFIZER.NS,NIFTY_MIDCAP_100,NIFTY_Midcap_100_Nov2021.pdf
2021-11-30,PGHH.NS,NIFTY_100,NIFTY_100_Nov2021.pdf
2021-11-30,PIDILITIND.NS,NIFTY_100,NIFTY_100_Nov2021.pdf
2021-11-30,PIIND.NS,NIFTY_100,NIFTY_100_Nov2021.pdf
2021-11-30,PNB.NS,NIFTY_100,NIFTY_100_Nov2021.pdf
2021-11-30,PNBHOUSING.NS,NIFTY_SMALLCAP_100,NIFTY_Smallcap_100_Nov2021.pdf
2021-11-30,POLYCAB.NS,NIFTY_MIDCAP_100,NIFTY_Midcap_100_Nov2021.pdf
2021-11-30,POWERGRID.NS,NIFTY_100,NIFTY_100_Nov2021.pdf
2021-11-30,PRESTIGE.NS,NIFTY_MIDCAP_100,NIFTY_Midcap_100_Nov2021.pdf
2021-11-30,PRINCEPIPE.NS,NIFTY_SMALLCAP_100,NIFTY_Smallcap_100_Nov2021.pdf
2021-11-30,PVR.NS,NIFTY_SMALLCAP_100,NIFTY_Smallcap_100_Nov2021.pdf
2021-11-30,QUESS.NS,NIFTY_SMALLCAP_100,NIFTY_Smallcap_100_Nov2021.pdf
2021-11-30,RADICO.NS,NIFTY_SMALLCAP_100,NIFTY_Smallcap_100_Nov2021.pdf
2021-11-30,RAIN.NS,NIFTY_SMALLCAP_100,NIFTY_Smallcap_100_Nov2021.pdf
2021-11-30,RALLIS.NS,NIFTY_SMALLCAP_100,NIFTY_Smallcap_100_Nov2021.pdf
2021-11-30,RAMCOCEM.NS,NIFTY_MIDCAP_100,NIFTY_Midcap_100_Nov2021.pdf
2021-11-30,RBLBANK.NS,NIFTY_MIDCAP_100,NIFTY_Midcap_100_Nov2021.pdf
2021-11-30,RECLTD.NS,NIFTY_MIDCAP_100,NIFTY_Midcap_100_Nov2021.pdf
2021-11-30,RELIANCE.NS,NIFTY_100,NIFTY_100_Nov2021.pdf
2021-11-30,RITES.NS,NIFTY_SMALLCAP_100,NIFTY_Smallcap_100_Nov2021.pdf
2021-11-30,ROSSARI.NS,NIFTY_SMALLCAP_100,NIFTY_Smallcap_100_Nov2021.pdf
2021-11-30,ROUTE.NS,NIFTY_SMALLCAP_100,NIFTY_Smallcap_100_Nov2021.pdf
2021-11-30,RVNL.NS,NIFTY_SMALLCAP_100,NIFTY_Smallcap_100_Nov2021.pdf
2021-11-30,SAIL.NS,NIFTY_100,NIFTY_100_Nov2021.pdf
2021-11-30,SANOFI.NS,NIFTY_MIDCAP_100,NIFTY_Midcap_100_Nov2021.pdf
2021-11-30,SBICARD.NS,NIFTY_100,NIFTY_100_Nov2021.pdf
2021-11-30,SBILIFE.NS,NIFTY_100,NIFTY_100_Nov2021.pdf
2021-11-30,SBIN.NS,NIFTY_100,NIFTY_100_Nov2021.pdf
2021-11-30,SEQUENT.NS,NIFTY_SMALLCAP_100,NIFTY_Smallcap_100_Nov2021.pdf
2021-11-30,SHREECEM.NS,NIFTY_100,NIFTY_100_Nov2021.pdf
2021-11-30,SIEMENS.NS,NIFTY_100,NIFTY_100_Nov2021.pdf
2021-11-30,SONACOMS.NS,NIFTY_MIDCAP_100,NIFTY_Midcap_100_Nov2021.pdf
2021-11-30,SONATSOFTW.NS,NIFTY_SMALLCAP_100,NIFTY_Smallcap_100_Nov2021.pdf
2021-11-30,SPARC.NS,NIFTY_SMALLCAP_100,NIFTY_Smallcap_100_Nov2021.pdf
2021-11-30,SPICEJET.NS,NIFTY_SMALLCAP_100,NIFTY_Smallcap_100_Nov2021.pdf
2021-11-30,SRF.NS,NIFTY_MIDCAP_100,NIFTY_Midcap_100_Nov2021.pdf
2021-11-30,SRTRANSFIN.NS,NIFTY_MIDCAP_100,NIFTY_Midcap_100_Nov2021.pdf
2021-11-30,STAR.NS,NIFTY_SMALLCAP_100,NIFTY_Smallcap_100_Nov2021.pdf
2021-11-30,STLTECH.NS,NIFTY_SMALLCAP_100,NIFTY_Smallcap_100_Nov2021.pdf
2021-11-30,SUNPHARMA.NS,NIFTY_100,NIFTY_100_Nov2021.pdf
2021-11-30,SUNTECK.NS,NIFTY_SMALLCAP_100,NIFTY_Smallcap_100_Nov2021.pdf
2021-11-30,SUNTV.NS,NIFTY_MIDCAP_100,NIFTY_Midcap_100_Nov2021.pdf
2021-11-30,SUZLON.NS,NIFTY_SMALLCAP_100,NIFTY_Smallcap_100_Nov2021.pdf
2021-11-30,SYNGENE.NS,NIFTY_MIDCAP_100,NIFTY_Midcap_100_Nov2021.pdf
2021-11-30,TANLA.NS,NIFTY_SMALLCAP_100,NIFTY_Smallcap_100_Nov2021.pdf
2021-11-30,TATACHEM.NS,NIFTY_MIDCAP_100,NIFTY_Midcap_100_Nov2021.pdf
2021-11-30,TATACOMM.NS,NIFTY_MIDCAP_100,NIFTY_Midcap_100_Nov2021.pdf
2021-11-30,TATACONSUM.NS,NIFTY_100,NIFTY_100_Nov2021.pdf
2021-11-30,TATAELXSI.NS,NIFTY_MIDCAP_100,NIFTY_Midcap_100_Nov2021.pdf
2021-11-30,TATAMOTORS.NS,NIFTY_100,NIFTY_100_Nov2021.pdf
2021-11-30,TATAPOWER.NS,NIFTY_MIDCAP_100,NIFTY_Midcap_100_Nov2021.pdf
2021-11-30,TATASTEEL.NS,NIFTY_100,NIFTY_100_Nov2021.pdf
2021-11-30,TCS.NS,NIFTY_100,NIFTY_100_Nov2021.pdf
2021-11-30,TECHM.NS,NIFTY_100,NIFTY_100_Nov2021.pdf
2021-11-30,THYROCARE.NS,NIFTY_SMALLCAP_100,NIFTY_Smallcap_100_Nov2021.pdf
2021-11-30,TITAN.NS,NIFTY_100,NIFTY_100_Nov2021.pdf
2021-11-30,TORNTPHARM.NS,NIFTY_100,NIFTY_100_Nov2021.pdf
2021-11-30,TORNTPOWER.NS,NIFTY_MIDCAP_100,NIFTY_Midcap_100_Nov2021.pdf
2021-11-30,TRENT.NS,NIFTY_MIDCAP_100,NIFTY_Midcap_100_Nov2021.pdf
2021-11-30,TRIDENT.NS,NIFTY_SMALLCAP_100,NIFTY_Smallcap_100_Nov2021.pdf
2021-11-30,TV18BRDCST.NS,NIFTY_SMALLCAP_100,NIFTY_Smallcap_100_Nov2021.pdf
2021-11-30,TVSMOTOR.NS,NIFTY_MIDCAP_100,NIFTY_Midcap_100_Nov2021.pdf
2021-11-30,UBL.NS,NIFTY_MIDCAP_100,NIFTY_Midcap_100_Nov2021.pdf
2021-11-30,UJJIVANSFB.NS,NIFTY_SMALLCAP_100,NIFTY_Smallcap_100_Nov2021.pdf
2021-11-30,ULTRACEMCO.NS,NIFTY_100,NIFTY_100_Nov2021.pdf
2021-11-30,UNIONBANK.NS,NIFTY_MIDCAP_100,NIFTY_Midcap_100_Nov2021.pdf
2021-11-30,UPL.NS,NIFTY_100,NIFTY_100_Nov2021.pdf
2021-11-30,UTIAMC.NS,NIFTY_SMALLCAP_100,NIFTY_Smallcap_100_Nov2021.pdf
2021-11-30,VAKRANGEE.NS,NIFTY_SMALLCAP_100,NIFTY_Smallcap_100_Nov2021.pdf
2021-11-30,VBL.NS,NIFTY_MIDCAP_100,NIFTY_Midcap_100_Nov2021.pdf
2021-11-30,VEDL.NS,NIFTY_100,NIFTY_100_Nov2021.pdf
2021-11-30,VIPIND.NS,NIFTY_SMALLCAP_100,NIFTY_Smallcap_100_Nov2021.pdf
2021-11-30,VOLTAS.NS,NIFTY_MIDCAP_100,NIFTY_Midcap_100_Nov2021.pdf
2021-11-30,WELSPUNIND.NS,NIFTY_SMALLCAP_100,NIFTY_Smallcap_100_Nov2021.pdf
2021-11-30,WHIRLPOOL.NS,NIFTY_MIDCAP_100,NIFTY_Midcap_100_Nov2021.pdf
2021-11-30,WIPRO.NS,NIFTY_100,NIFTY_100_Nov2021.pdf
2021-11-30,WOCKPHARMA.NS,NIFTY_SMALLCAP_100,NIFTY_Smallcap_100_Nov2021.pdf
2021-11-30,YESBANK.NS,NIFTY_100,NIFTY_100_Nov2021.pdf
2021-11-30,ZEEL.NS,NIFTY_MIDCAP_100,NIFTY_Midcap_100_Nov2021.pdf
2021-11-30,ZENSARTECH.NS,NIFTY_SMALLCAP_100,NIFTY_Smallcap_100_Nov2021.pdf
2021-12-31,AARTIDRUGS.NS,NIFTY_SMALLCAP_100,NIFTY_Smallcap_100_Dec2021.pdf
2021-12-31,AARTIIND.NS,NIFTY_MIDCAP_100,NIFTY_Midcap_100_Dec2021.pdf
2021-12-31,ABCAPITAL.NS,NIFTY_MIDCAP_100,NIFTY_Midcap_100_Dec2021.pdf
2021-12-31,ABFRL.NS,NIFTY_MIDCAP_100,NIFTY_Midcap_100_Dec2021.pdf
2021-12-31,ACC.NS,NIFTY_100,NIFTY_100_Dec2021.pdf
2021-12-31,ADANIENT.NS,NIFTY_100,NIFTY_100_Dec2021.pdf
2021-12-31,ADANIGREEN.NS,NIFTY_100,NIFTY_100_Dec2021.pdf
2021-12-31,ADANIPORTS.NS,NIFTY_100,NIFTY_100_Dec2021.pdf
2021-12-31,ADANITRANS.NS,NIFTY_100,NIFTY_100_Dec2021.pdf
2021-12-31,AEGISCHEM.NS,NIFTY_SMALLCAP_100,NIFTY_Smallcap_100_Dec2021.pdf
2021-12-31,AJANTPHARM.NS,NIFTY_MIDCAP_100,NIFTY_Midcap_100_Dec2021.pdf
2021-12-31,ALKEM.NS,NIFTY_MIDCAP_100,NIFTY_Midcap_100_Dec2021.pdf
2021-12-31,ALOKINDS.NS,NIFTY_SMALLCAP_100,NIFTY_Smallcap_100_Dec2021.pdf
2021-12-31,AMARAJABAT.NS,NIFTY_MIDCAP_100,NIFTY_Midcap_100_Dec2021.pdf
2021-12-31,AMBER.NS,NIFTY_SMALLCAP_100,NIFTY_Smallcap_100_Dec2021.pdf
2021-12-31,AMBUJACEM.NS,NIFTY_100,NIFTY_100_Dec2021.pdf
2021-12-31,ANURAS.NS,NIFTY_SMALLCAP_100,NIFTY_Smallcap_100_Dec2021.pdf
2021-12-31,APLLTD.NS,NIFTY_MIDCAP_100,NIFTY_Midcap_100_Dec2021.pdf
2021-12-31,APOLLOHOSP.NS,NIFTY_100,NIFTY_100_Dec2021.pdf
2021-12-31,APOLLOTYRE.NS,NIFTY_MIDCAP_100,NIFTY_Midcap_100_Dec2021.pdf
2021-12-31,ASHOKLEY.NS,NIFTY_MIDCAP_100,NIFTY_Midcap_100_Dec2021.pdf
2021-12-31,ASIANPAINT.NS,NIFTY_100,NIFTY_100_Dec2021.pdf
2021-12-31,ASTRAL.NS,NIFTY_MIDCAP_100,NIFTY_Midcap_100_Dec2021.pdf
2021-12-31,ASTRAZEN.NS,NIFTY_SMALLCAP_100,NIFTY_Smallcap_100_Dec2021.pdf
2021-12-31,ATGL.NS,NIFTY_MIDCAP_100,NIFTY_Midcap_100_Dec2021.pdf
2021-12-31,AUBANK.NS,NIFTY_MIDCAP_100,NIFTY_Midcap_100_Dec2021.pdf
2021-12-31,AUROPHARMA.NS,NIFTY_100,NIFTY_100_Dec2021.pdf
2021-12-31,AVANTIFEED.NS,NIFTY_SMALLCAP_100,NIFTY_Smallcap_100_Dec2021.pdf
2021-12-31,AXISBANK.NS,NIFTY_100,NIFTY_100_Dec2021.pdf
2021-12-31,BAJAJ-AUTO.NS,NIFTY_100,NIFTY_100_Dec2021.pdf
2021-12-31,BAJAJELEC.NS,NIFTY_SMALLCAP_100,NIFTY_Smallcap_100_Dec2021.pdf
2021-12-31,BAJAJFINSV.NS,NIFTY_100,NIFTY_100_Dec2021.pdf
2021-12-31,BAJAJHLDNG.NS,NIFTY_100,NIFTY_100_Dec2021.pdf
2021-12-31,BAJFINANCE.NS,NIFTY_100,NIFTY_100_Dec2021.pdf
2021-12-31,BALAMINES.NS,NIFTY_SMALLCAP_100,NIFTY_Smallcap_100_Dec2021.pdf
2021-12-31,BALKRISIND.NS,NIFTY_MIDCAP_100,NIFTY_Midcap_100_Dec2021.pdf
2021-12-31,BALRAMCHIN.NS,NIFTY_SMALLCAP_100,NIFTY_Smallcap_100_Dec2021.pdf
2021-12-31,BANDHANBNK.NS,NIFTY_100,NIFTY_100_Dec2021.pdf
2021-12-31,BANKBARODA.NS,NIFTY_100,NIFTY_100_Dec2021.pdf
2021-12-31,BANKINDIA.NS,NIFTY_MIDCAP_100,NIFTY_Midcap_100_Dec2021.pdf
2021-12-31,BASF.NS,NIFTY_SMALLCAP_100,NIFTY_Smallcap_100_Dec2021.pdf
2021-12-31,BATAINDIA.NS,NIFTY_MIDCAP_100,NIFTY_Midcap_100_Dec2021.pdf
2021-12-31,BDL.NS,NIFTY_SMALLCAP_100,NIFTY_Smallcap_100_Dec2021.pdf
2021-12-31,BEL.NS,NIFTY_MIDCAP_100,NIFTY_Midcap_100_Dec2021.pdf
2021-12-31,BEML.NS,NIFTY_SMALLCAP_100,NIFTY_Smallcap_100_Dec2021.pdf
2021-12-31,BERGEPAINT.NS,NIFTY_100,NIFTY_100_Dec2021.pdf
2021-12-31,BHARATFORG.NS,NIFTY_MIDCAP_100,NIFTY_Midcap_100_Dec2021.pdf
2021-12-31,BHARTIARTL.NS,NIFTY_100,NIFTY_100_Dec2021.pdf
2021-12-31,BHEL.NS,NIFTY_MIDCAP_100,NIFTY_Midcap_100_Dec2021.pdf
2021-12-31,BIOCON.NS,NIFTY_100,NIFTY_100_Dec2021.pdf
2021-12-31,BIRLACORPN.NS,NIFTY_SMALLCAP_100,NIFTY_Smallcap_100_Dec2021.pdf
2021-12-31,BOSCHLTD.NS,NIFTY_100,NIFTY_100_Dec2021.pdf
2021-12-31,BPCL.NS,NIFTY_100,NIFTY_100_Dec2021.pdf
2021-12-31,BRITANNIA.NS,NIFTY_100,NIFTY_100_Dec2021.pdf
2021-12-31,BSOFT.NS,NIFTY_SMALLCAP_100,NIFTY_Smallcap_100_Dec2021.pdf
2021-12-31,BURGERKING.NS,NIFTY_SMALLCAP_100,NIFTY_Smallcap_100_Dec2021.pdf
2021-12-31,CADILAHC.NS,NIFTY_100,NIFTY_100_Dec2021.pdf
2021-12-31,CAMS.NS,NIFTY_SMALLCAP_100,NIFTY_Smallcap_100_Dec2021.pdf
2021-12-31,CANBK.NS,NIFTY_MIDCAP_100,NIFTY_Midcap_100_Dec2021.pdf
2021-12-31,CANFINHOME.NS,NIFTY_SMALLCAP_100,NIFTY_Smallcap_100_Dec2021.pdf
2021-12-31,CARBORUNIV.NS,NIFTY_SMALLCAP_100,NIFTY_Smallcap_100_Dec2021.pdf
2021-12-31,CASTROLIND.NS,NIFTY_MIDCAP_100,NIFTY_Midcap_100_Dec2021.pdf
2021-12-31,CDSL.NS,NIFTY_SMALLCAP_100,NIFTY_Smallcap_100_Dec2021.pdf
2021-12-31,CEATLTD.NS,NIFTY_SMALLCAP_100,NIFTY_Smallcap_100_Dec2021.pdf
2021-12-31,CENTRALBK.NS,NIFTY_SMALLCAP_100,NIFTY_Smallcap_100_Dec2021.pdf
2021-12-31,CENTURYTEX.NS,NIFTY_SMALLCAP_100,NIFTY_Smallcap_100_Dec2021.pdf
2021-12-31,CESC.NS,NIFTY_SMALLCAP_100,NIFTY_Smallcap_100_Dec2021.pdf
2021-12-31,CHAMBLFERT.NS,NIFTY_SMALLCAP_100,NIFTY_Smallcap_100_Dec2021.pdf
2021-12-31,CHOLAFIN.NS,NIFTY_100,NIFTY_100_Dec2021.pdf
2021-12-31,CIPLA.NS,NIFTY_100,NIFTY_100_Dec2021.pdf
2021-12-31,COALINDIA.NS,NIFTY_100,NIFTY_100_Dec2021.pdf
2021-12-31,COCHINSHIP.NS,NIFTY_SMALLCAP_100,NIFTY_Smallcap_100_Dec2021.pdf
2021-12-31,COFORGE.NS,NIFTY_MIDCAP_100,NIFTY_Midcap_100_Dec2021.pdf
2021-12-31,COLPAL.NS,NIFTY_100,NIFTY_100_Dec2021.pdf
2021-12-31,CONCOR.NS,NIFTY_MIDCAP_100,NIFTY_Midcap_100_Dec2021.pdf
2021-12-31,COROMANDEL.NS,NIFTY_MIDCAP_100,NIFTY_Midcap_100_Dec2021.pdf
2021-12-31,CROMPTON.NS,NIFTY_MIDCAP_100,NIFTY_Midcap_100_Dec2021.pdf
2021-12-31,CSBBANK.NS,NIFTY_SMALLCAP_100,NIFTY_Smallcap_100_Dec2021.pdf
2021-12-31,CUB.NS,NIFTY_MIDCAP_100,NIFTY_Midcap_100_Dec2021.pdf
2021-12-31,CUMMINSIND.NS,NIFTY_MIDCAP_100,NIFTY_Midcap_100_Dec2021.pdf
2021-12-31,CYIENT.NS,NIFTY_SMALLCAP_100,NIFTY_Smallcap_100_Dec2021.pdf
2021-12-31,DABUR.NS,NIFTY_100,NIFTY_100_Dec2021.pdf
2021-12-31,DALBHARAT.NS,NIFTY_MIDCAP_100,NIFTY_Midcap_100_Dec2021.pdf
2021-12-31,DBL.NS,NIFTY_SMALLCAP_100,NIFTY_Smallcap_100_Dec2021.pdf
2021-12-31,DCMSHRIRAM.NS,NIFTY_SMALLCAP_100,NIFTY_Smallcap_100_Dec2021.pdf
2021-12-31,DEEPAKNTR.NS,NIFTY_MIDCAP_100,NIFTY_Midcap_100_Dec2021.pdf
2021-12-31,DELTACORP.NS,NIFTY_SMALLCAP_100,NIFTY_Smallcap_100_Dec2021.pdf
2021-12-31,DHANI.NS,NIFTY_MIDCAP_100,NIFTY_Midcap_100_Dec2021.pdf
2021-12-31,DIVISLAB.NS,NIFTY_100,NIFTY_100_Dec2021.pdf
2021-12-31,DIXON.NS,NIFTY_MIDCAP_100,NIFTY_Midcap_100_Dec2021.pdf
2021-12-31,DLF.NS,NIFTY_100,NIFTY_100_Dec2021.pdf
2021-12-31,DMART.NS,NIFTY_100,NIFTY_100_Dec2021.pdf
2021-12-31,DRREDDY.NS,NIFTY_100,NIFTY_100_Dec2021.pdf
2021-12-31,EDELWEISS.NS,NIFTY_SMALLCAP_100,NIFTY_Smallcap_100_Dec2021.pdf
2021-12-31,EICHERMOT.NS,NIFTY_100,NIFTY_100_Dec2021.pdf
2021-12-31,EIDPARRY.NS,NIFTY_SMALLCAP_100,NIFTY_Smallcap_100_Dec2021.pdf
2021-12-31,EMAMILTD.NS,NIFTY_MIDCAP_100,NIFTY_Midcap_100_Dec2021.pdf
2021-12-31,ENDURANCE.NS,NIFTY_MIDCAP_100,NIFTY_Midcap_100_Dec2021.pdf
2021-12-31,ENGINERSIN.NS,NIFTY_SMALLCAP_100,NIFTY_Smallcap_100_Dec2021.pdf
2021-12-31,ESCORTS.NS,NIFTY_MIDCAP_100,NIFTY_Midcap_100_Dec2021.pdf
2021-12-31,EXIDEIND.NS,NIFTY_MIDCAP_100,NIFTY_Midcap_100_Dec2021.pdf
2021-12-31,FDC.NS,NIFTY_SMALLCAP_100,NIFTY_Smallcap_100_Dec2021.pdf
2021-12-31,FEDERALBNK.NS,NIFTY_MIDCAP_100,NIFTY_Midcap_100_Dec2021.pdf
2021-12-31,FINEORG.NS,NIFTY_SMALLCAP_100,NIFTY_Smallcap_100_Dec2021.pdf
2021-12-31,FORTIS.NS,NIFTY_MIDCAP_100,NIFTY_Midcap_100_Dec2021.pdf
2021-12-31,FSL.NS,NIFTY_SMALLCAP_100,NIFTY_Smallcap_100_Dec2021.pdf
2021-12-31,GAIL.NS,NIFTY_100,NIFTY_100_Dec2021.pdf
2021-12-31,GLAND.NS,NIFTY_100,NIFTY_100_Dec2021.pdf
2021-12-31,GLENMARK.NS,NIFTY_MIDCAP_100,NIFTY_Midcap_100_Dec2021.pdf
2021-12-31,GMMPFAUDLR.NS,NIFTY_SMALLCAP_100,NIFTY_Smallcap_100_Dec2021.pdf
2021-12-31,GNFC.NS,NIFTY_SMALLCAP_100,NIFTY_Smallcap_100_Dec2021.pdf
2021-12-31,GODREJCP.NS,NIFTY_100,NIFTY_100_Dec2021.pdf
2021-12-31,GODREJIND.NS,NIFTY_MIDCAP_100,NIFTY_Midcap_100_Dec2021.pdf
2021-12-31,GODREJPROP.NS,NIFTY_MIDCAP_100,NIFTY_Midcap_100_Dec2021.pdf
2021-12-31,GRANULES.NS,NIFTY_SMALLCAP_100,NIFTY_Smallcap_100_Dec2021.pdf
2021-12-31,GRAPHITE.NS,NIFTY_SMALLCAP_100,NIFTY_Smallcap_100_Dec2021.pdf
2021-12-31,GRASIM.NS,NIFTY_100,NIFTY_100_Dec2021.pdf
2021-12-31,GSPL.NS,NIFTY_MIDCAP_100,NIFTY_Midcap_100_Dec2021.pdf
2021-12-31,GUJGASLTD.NS,NIFTY_MIDCAP_100,NIFTY_Midcap_100_Dec2021.pdf
2021-12-31,HAL.NS,NIFTY_MIDCAP_100,NIFTY_Midcap_100_Dec2021.pdf
2021-12-31,HAPPSTMNDS.NS,NIFTY_SMALLCAP_100,NIFTY_Smallcap_100_Dec2021.pdf
2021-12-31,HAVELLS.NS,NIFTY_100,NIFTY_100_Dec2021.pdf
2021-12-31,HCLTECH.NS,NIFTY_100,NIFTY_100_Dec2021.pdf
2021-12-31,HDFC.NS,NIFTY_100,NIFTY_100_Dec2021.pdf
2021-12-31,HDFCAMC.NS,NIFTY_100,NIFTY_100_Dec2021.pdf
2021-12-31,HDFCBANK.NS,NIFTY_100,NIFTY_100_Dec2021.pdf
2021-12-31,HDFCLIFE.NS,NIFTY_100,NIFTY_100_Dec2021.pdf
2021-12-31,HEG.NS,NIFTY_SMALLCAP_100,NIFTY_Smallcap_100_Dec2021.pdf
2021-12-31,HEROMOTOCO.NS,NIFTY_100,NIFTY_100_Dec2021.pdf
2021-12-31,HFCL.NS,NIFTY_SMALLCAP_100,NIFTY_Smallcap_100_Dec2021.pdf
2021-12-31,HINDALCO.NS,NIFTY_100,NIFTY_100_Dec2021.pdf
2021-12-31,HINDCOPPER.NS,NIFTY_MIDCAP_100,NIFTY_Midcap_100_Dec2021.pdf
2021-12-31,HINDPETRO.NS,NIFTY_100,NIFTY_100_Dec2021.pdf
2021-12-31,HINDUNILVR.NS,NIFTY_100,NIFTY_100_Dec2021.pdf
2021-12-31,HINDZINC.NS,NIFTY_MIDCAP_100,NIFTY_Midcap_100_Dec2021.pdf
2021-12-31,IBULHSGFIN.NS,NIFTY_SMALLCAP_100,NIFTY_Smallcap_100_Dec2021.pdf
2021-12-31,ICICIBANK.NS,NIFTY_100,NIFTY_100_Dec2021.pdf
2021-12-31,ICICIGI.NS,NIFTY_100,NIFTY_100_Dec2021.pdf
2021-12-31,ICICIPRULI.NS,NIFTY_100,NIFTY_100_Dec2021.pdf
2021-12-31,IDBI.NS,NIFTY_SMALLCAP_100,NIFTY_Smallcap_100_Dec2021.pdf
2021-12-31,IDEA.NS,NIFTY_MIDCAP_100,NIFTY_Midcap_100_Dec2021.pdf
2021-12-31,IDFC.NS,NIFTY_SMALLCAP_100,NIFTY_Smallcap_100_Dec2021.pdf
2021-12-31,IDFCFIRSTB.NS,NIFTY_MIDCAP_100,NIFTY_Midcap_100_Dec2021.pdf
2021-12-31,IEX.NS,NIFTY_SMALLCAP_100,NIFTY_Smallcap_100_Dec2021.pdf
2021-12-31,IGL.NS,NIFTY_100,NIFTY_100_Dec2021.pdf
2021-12-31,INDHOTEL.NS,NIFTY_MIDCAP_100,NIFTY_Midcap_100_Dec2021.pdf
2021-12-31,INDIACEM.NS,NIFTY_SMALLCAP_100,NIFTY_Smallcap_100_Dec2021.pdf
2021-12-31,INDIAMART.NS,NIFTY_MIDCAP_100,NIFTY_Midcap_100_Dec2021.pdf
2021-12-31,INDIANB.NS,NIFTY_MIDCAP_100,NIFTY_Midcap_100_Dec2021.pdf
2021-12-31,INDIGO.NS,NIFTY_100,NIFTY_100_Dec2021.pdf
2021-12-31,INDIGOPNTS.NS,NIFTY_SMALLCAP_100,NIFTY_Smallcap_100_Dec2021.pdf
2021-12-31,INDUSINDBK.NS,NIFTY_100,NIFTY_100_Dec2021.pdf
2021-12-31,INDUSTOWER.NS,NIFTY_100,NIFTY_100_Dec2021.pdf
2021-12-31,INFIBEAM.NS,NIFTY_SMALLCAP_100,NIFTY_Smallcap_100_Dec2021.pdf
2021-12-31,INFY.NS,NIFTY_100,NIFTY_100_Dec2021.pdf
2021-12-31,INTELLECT.NS,NIFTY_SMALLCAP_100,NIFTY_Smallcap_100_Dec2021.pdf
2021-12-31,IOB.NS,NIFTY_SMALLCAP_100,NIFTY_Smallcap_100_Dec2021.pdf
2021-12-31,IOC.NS,NIFTY_100,NIFTY_100_Dec2021.pdf
2021-12-31,IPCALAB.NS,NIFTY_MIDCAP_100,NIFTY_Midcap_100_Dec2021.pdf
2021-12-31,IRCTC.NS,NIFTY_MIDCAP_100,NIFTY_Midcap_100_Dec2021.pdf
2021-12-31,IRFC.NS,NIFTY_MIDCAP_100,NIFTY_Midcap_100_Dec2021.pdf
2021-12-31,ISEC.NS,NIFTY_MIDCAP_100,NIFTY_Midcap_100_Dec2021.pdf
2021-12-31,ITC.NS,NIFTY_100,NIFTY_100_Dec2021.pdf
2021-12-31,JBCHEPHARM.NS,NIFTY_SMALLCAP_100,NIFTY_Smallcap_100_Dec2021.pdf
2021-12-31,JINDALSTEL.NS,NIFTY_100,NIFTY_100_Dec2021.pdf
2021-12-31,JKLAKSHMI.NS,NIFTY_SMALLCAP_100,NIFTY_Smallcap_100_Dec2021.pdf
2021-12-31,JMFINANCIL.NS,NIFTY_SMALLCAP_100,NIFTY_Smallcap_100_Dec2021.pdf
2021-12-31,JSWENERGY.NS,NIFTY_MIDCAP_100,NIFTY_Midcap_100_Dec2021.pdf
2021-12-31,JSWSTEEL.NS,NIFTY_100,NIFTY_100_Dec2021.pdf
2021-12-31,JUBLFOOD.NS,NIFTY_100,NIFTY_100_Dec2021.pdf
2021-12-31,JUBLINGREA.NS,NIFTY_SMALLCAP_100,NIFTY_Smallcap_100_Dec2021.pdf
2021-12-31,JUSTDIAL.NS,NIFTY_SMALLCAP_100,NIFTY_Smallcap_100_Dec2021.pdf
2021-12-31,KALPATPOWR.NS,NIFTY_SMALLCAP_100,NIFTY_Smallcap_100_Dec2021.pdf
2021-12-31,KALYANKJIL.NS,NIFTY_SMALLCAP_100,NIFTY_Smallcap_100_Dec2021.pdf
2021-12-31,KEC.NS,NIFTY_SMALLCAP_100,NIFTY_Smallcap_100_Dec2021.pdf
2021-12-31,KEI.NS,NIFTY_SMALLCAP_100,NIFTY_Smallcap_100_Dec2021.pdf
2021-12-31,KOTAKBANK.NS,NIFTY_100,NIFTY_100_Dec2021.pdf
2021-12-31,KPITTECH.NS,NIFTY_SMALLCAP_100,NIFTY_Smallcap_100_Dec2021.pdf
2021-12-31,L&TFH.NS,NIFTY_MIDCAP_100,NIFTY_Midcap_100_Dec2021.pdf
2021-12-31,LALPATHLAB.NS,NIFTY_MIDCAP_100,NIFTY_Midcap_100_Dec2021.pdf
2021-12-31,LAURUSLABS.NS,NIFTY_MIDCAP_100,NIFTY_Midcap_100_Dec2021.pdf
2021-12-31,LICHSGFIN.NS,NIFTY_MIDCAP_100,NIFTY_Midcap_100_Dec2021.pdf
2021-12-31,LT.NS,NIFTY_100,NIFTY_100_Dec2021.pdf
2021-12-31,LTI.NS,NIFTY_100,NIFTY_100_Dec2021.pdf
2021-12-31,LTTS.NS,NIFTY_MIDCAP_100,NIFTY_Midcap_100_Dec2021.pdf
2021-12-31,LUPIN.NS,NIFTY_100,NIFTY_100_Dec2021.pdf
2021-12-31,LUXIND.NS,NIFTY_SMALLCAP_100,NIFTY_Smallcap_100_Dec2021.pdf
2021-12-31,LXCHEM.NS,NIFTY_SMALLCAP_100,NIFTY_Smallcap_100_Dec2021.pdf
2021-12-31,M&M.NS,NIFTY_100,NIFTY_100_Dec2021.pdf
2021-12-31,M&MFIN.NS,NIFTY_MIDCAP_100,NIFTY_Midcap_100_Dec2021.pdf
2021-12-31,MAHABANK.NS,NIFTY_SMALLCAP_100,NIFTY_Smallcap_100_Dec2021.pdf
2021-12-31,MANAPPURAM.NS,NIFTY_MIDCAP_100,NIFTY_Midcap_100_Dec2021.pdf
2021-12-31,MARICO.NS,NIFTY_100,NIFTY_100_Dec2021.pdf
2021-12-31,MARUTI.NS,NIFTY_100,NIFTY_100_Dec2021.pdf
2021-12-31,MAZDOCK.NS,NIFTY_SMALLCAP_100,NIFTY_Smallcap_100_Dec2021.pdf
2021-12-31,MCDOWELL-N.NS,NIFTY_100,NIFTY_100_Dec2021.pdf
2021-12-31,MCX.NS,NIFTY_SMALLCAP_100,NIFTY_Smallcap_100_Dec2021.pdf
2021-12-31,MFSL.NS,NIFTY_MIDCAP_100,NIFTY_Midcap_100_Dec2021.pdf
2021-12-31,MGL.NS,NIFTY_MIDCAP_100,NIFTY_Midcap_100_Dec2021.pdf
2021-12-31,MINDTREE.NS,NIFTY_MIDCAP_100,NIFTY_Midcap_100_Dec2021.pdf
2021-12-31,MMTC.NS,NIFTY_SMALLCAP_100,NIFTY_Smallcap_100_Dec2021.pdf
2021-12-31,MPHASIS.NS,NIFTY_MIDCAP_100,NIFTY_Midcap_100_Dec2021.pdf
2021-12-31,MRF.NS,NIFTY_MIDCAP_100,NIFTY_Midcap_100_Dec2021.pdf
2021-12-31,MUTHOOTFIN.NS,NIFTY_100,NIFTY_100_Dec2021.pdf
2021-12-31,NAM-INDIA.NS,NIFTY_MIDCAP_100,NIFTY_Midcap_100_Dec2021.pdf
2021-12-31,NATCOPHARM.NS,NIFTY_MIDCAP_100,NIFTY_Midcap_100_Dec2021.pdf
2021-12-31,NATIONALUM.NS,NIFTY_MIDCAP_100,NIFTY_Midcap_100_Dec2021.pdf
2021-12-31,NAUKRI.NS,NIFTY_100,NIFTY_100_Dec2021.pdf
2021-12-31,NAVINFLUOR.NS,NIFTY_MIDCAP_100,NIFTY_Midcap_100_Dec2021.pdf
2021-12-31,NBCC.NS,NIFTY_SMALLCAP_100,NIFTY_Smallcap_100_Dec2021.pdf
2021-12-31,NESTLEIND.NS,NIFTY_100,NIFTY_100_Dec2021.pdf
2021-12-31,NMDC.NS,NIFTY_100,NIFTY_100_Dec2021.pdf
2021-12-31,NTPC.NS,NIFTY_100,NIFTY_100_Dec2021.pdf
2021-12-31,OBEROIRLTY.NS,NIFTY_MIDCAP_100,NIFTY_Midcap_100_Dec2021.pdf
2021-12-31,OIL.NS,NIFTY_MIDCAP_100,NIFTY_Midcap_100_Dec2021.pdf
2021-12-31,ONGC.NS,NIFTY_100,NIFTY_100_Dec2021.pdf
2021-12-31,PAGEIND.NS,NIFTY_MIDCAP_100,NIFTY_Midcap_100_Dec2021.pdf
2021-12-31,PEL.NS,NIFTY_100,NIFTY_100_Dec2021.pdf
2021-12-31,PETRONET.NS,NIFTY_MIDCAP_100,NIFTY_Midcap_100_Dec2021.pdf
2021-12-31,PFC.NS,NIFTY_MIDCAP_100,NIFTY_Midcap_100_Dec2021.pdf
2021-12-31,PFIZER.NS,NIFTY_MIDCAP_100,NIFTY_Midcap_100_Dec2021.pdf
2021-12-31,PGHH.NS,NIFTY_100,NIFTY_100_Dec2021.pdf
2021-12-31,PIDILITIND.NS,NIFTY_100,NIFTY_100_Dec2021.pdf
2021-12-31,PIIND.NS,NIFTY_100,NIFTY_100_Dec2021.pdf
2021-12-31,PNB.NS,NIFTY_100,NIFTY_100_Dec2021.pdf
2021-12-31,PNBHOUSING.NS,NIFTY_SMALLCAP_100,NIFTY_Smallcap_100_Dec2021.pdf
2021-12-31,POLYCAB.NS,NIFTY_MIDCAP_100,NIFTY_Midcap_100_Dec2021.pdf
2021-12-31,POWERGRID.NS,NIFTY_100,NIFTY_100_Dec2021.pdf
2021-12-31,PRESTIGE.NS,NIFTY_MIDCAP_100,NIFTY_Midcap_100_Dec2021.pdf
2021-12-31,PRINCEPIPE.NS,NIFTY_SMALLCAP_100,NIFTY_Smallcap_100_Dec2021.pdf
2021-12-31,PVR.NS,NIFTY_SMALLCAP_100,NIFTY_Smallcap_100_Dec2021.pdf
2021-12-31,QUESS.NS,NIFTY_SMALLCAP_100,NIFTY_Smallcap_100_Dec2021.pdf
2021-12-31,RADICO.NS,NIFTY_SMALLCAP_100,NIFTY_Smallcap_100_Dec2021.pdf
2021-12-31,RAIN.NS,NIFTY_SMALLCAP_100,NIFTY_Smallcap_100_Dec2021.pdf
2021-12-31,RALLIS.NS,NIFTY_SMALLCAP_100,NIFTY_Smallcap_100_Dec2021.pdf
2021-12-31,RAMCOCEM.NS,NIFTY_MIDCAP_100,NIFTY_Midcap_100_Dec2021.pdf
2021-12-31,RBLBANK.NS,NIFTY_MIDCAP_100,NIFTY_Midcap_100_Dec2021.pdf
2021-12-31,RECLTD.NS,NIFTY_MIDCAP_100,NIFTY_Midcap_100_Dec2021.pdf
2021-12-31,RELIANCE.NS,NIFTY_100,NIFTY_100_Dec2021.pdf
2021-12-31,RITES.NS,NIFTY_SMALLCAP_100,NIFTY_Smallcap_100_Dec2021.pdf
2021-12-31,ROSSARI.NS,NIFTY_SMALLCAP_100,NIFTY_Smallcap_100_Dec2021.pdf
2021-12-31,ROUTE.NS,NIFTY_SMALLCAP_100,NIFTY_Smallcap_100_Dec2021.pdf
2021-12-31,RVNL.NS,NIFTY_SMALLCAP_100,NIFTY_Smallcap_100_Dec2021.pdf
2021-12-31,SAIL.NS,NIFTY_100,NIFTY_100_Dec2021.pdf
2021-12-31,SANOFI.NS,NIFTY_MIDCAP_100,NIFTY_Midcap_100_Dec2021.pdf
2021-12-31,SBICARD.NS,NIFTY_100,NIFTY_100_Dec2021.pdf
2021-12-31,SBILIFE.NS,NIFTY_100,NIFTY_100_Dec2021.pdf
2021-12-31,SBIN.NS,NIFTY_100,NIFTY_100_Dec2021.pdf
2021-12-31,SEQUENT.NS,NIFTY_SMALLCAP_100,NIFTY_Smallcap_100_Dec2021.pdf
2021-12-31,SHREECEM.NS,NIFTY_100,NIFTY_100_Dec2021.pdf
2021-12-31,SIEMENS.NS,NIFTY_100,NIFTY_100_Dec2021.pdf
2021-12-31,SONACOMS.NS,NIFTY_MIDCAP_100,NIFTY_Midcap_100_Dec2021.pdf
2021-12-31,SONATSOFTW.NS,NIFTY_SMALLCAP_100,NIFTY_Smallcap_100_Dec2021.pdf
2021-12-31,SPARC.NS,NIFTY_SMALLCAP_100,NIFTY_Smallcap_100_Dec2021.pdf
2021-12-31,SPICEJET.NS,NIFTY_SMALLCAP_100,NIFTY_Smallcap_100_Dec2021.pdf
2021-12-31,SRF.NS,NIFTY_MIDCAP_100,NIFTY_Midcap_100_Dec2021.pdf
2021-12-31,SRTRANSFIN.NS,NIFTY_MIDCAP_100,NIFTY_Midcap_100_Dec2021.pdf
2021-12-31,STAR.NS,NIFTY_SMALLCAP_100,NIFTY_Smallcap_100_Dec2021.pdf
2021-12-31,STLTECH.NS,NIFTY_SMALLCAP_100,NIFTY_Smallcap_100_Dec2021.pdf
2021-12-31,SUNPHARMA.NS,NIFTY_100,NIFTY_100_Dec2021.pdf
2021-12-31,SUNTECK.NS,NIFTY_SMALLCAP_100,NIFTY_Smallcap_100_Dec2021.pdf
2021-12-31,SUNTV.NS,NIFTY_MIDCAP_100,NIFTY_Midcap_100_Dec2021.pdf
2021-12-31,SUZLON.NS,NIFTY_SMALLCAP_100,NIFTY_Smallcap_100_Dec2021.pdf
2021-12-31,SYNGENE.NS,NIFTY_MIDCAP_100,NIFTY_Midcap_100_Dec2021.pdf
2021-12-31,TANLA.NS,NIFTY_SMALLCAP_100,NIFTY_Smallcap_100_Dec2021.pdf
2021-12-31,TATACHEM.NS,NIFTY_MIDCAP_100,NIFTY_Midcap_100_Dec2021.pdf
2021-12-31,TATACOMM.NS,NIFTY_MIDCAP_100,NIFTY_Midcap_100_Dec2021.pdf
2021-12-31,TATACONSUM.NS,NIFTY_100,NIFTY_100_Dec2021.pdf
2021-12-31,TATAELXSI.NS,NIFTY_MIDCAP_100,NIFTY_Midcap_100_Dec2021.pdf
2021-12-31,TATAMOTORS.NS,NIFTY_100,NIFTY_100_Dec2021.pdf
2021-12-31,TATAPOWER.NS,NIFTY_MIDCAP_100,NIFTY_Midcap_100_Dec2021.pdf
2021-12-31,TATASTEEL.NS,NIFTY_100,NIFTY_100_Dec2021.pdf
2021-12-31,TCS.NS,NIFTY_100,NIFTY_100_Dec2021.pdf
2021-12-31,TECHM.NS,NIFTY_100,NIFTY_100_Dec2021.pdf
2021-12-31,THYROCARE.NS,NIFTY_SMALLCAP_100,NIFTY_Smallcap_100_Dec2021.pdf
2021-12-31,TITAN.NS,NIFTY_100,NIFTY_100_Dec2021.pdf
2021-12-31,TORNTPHARM.NS,NIFTY_100,NIFTY_100_Dec2021.pdf
2021-12-31,TORNTPOWER.NS,NIFTY_MIDCAP_100,NIFTY_Midcap_100_Dec2021.pdf
2021-12-31,TRENT.NS,NIFTY_MIDCAP_100,NIFTY_Midcap_100_Dec2021.pdf
2021-12-31,TRIDENT.NS,NIFTY_SMALLCAP_100,NIFTY_Smallcap_100_Dec2021.pdf
2021-12-31,TV18BRDCST.NS,NIFTY_SMALLCAP_100,NIFTY_Smallcap_100_Dec2021.pdf
2021-12-31,TVSMOTOR.NS,NIFTY_MIDCAP_100,NIFTY_Midcap_100_Dec2021.pdf
2021-12-31,UBL.NS,NIFTY_MIDCAP_100,NIFTY_Midcap_100_Dec2021.pdf
2021-12-31,UJJIVANSFB.NS,NIFTY_SMALLCAP_100,NIFTY_Smallcap_100_Dec2021.pdf
2021-12-31,ULTRACEMCO.NS,NIFTY_100,NIFTY_100_Dec2021.pdf
2021-12-31,UNIONBANK.NS,NIFTY_MIDCAP_100,NIFTY_Midcap_100_Dec2021.pdf
2021-12-31,UPL.NS,NIFTY_100,NIFTY_100_Dec2021.pdf
2021-12-31,UTIAMC.NS,NIFTY_SMALLCAP_100,NIFTY_Smallcap_100_Dec2021.pdf
2021-12-31,VAKRANGEE.NS,NIFTY_SMALLCAP_100,NIFTY_Smallcap_100_Dec2021.pdf
2021-12-31,VBL.NS,NIFTY_MIDCAP_100,NIFTY_Midcap_100_Dec2021.pdf
2021-12-31,VEDL.NS,NIFTY_100,NIFTY_100_Dec2021.pdf
2021-12-31,VIPIND.NS,NIFTY_SMALLCAP_100,NIFTY_Smallcap_100_Dec2021.pdf
2021-12-31,VOLTAS.NS,NIFTY_MIDCAP_100,NIFTY_Midcap_100_Dec2021.pdf
2021-12-31,WELSPUNIND.NS,NIFTY_SMALLCAP_100,NIFTY_Smallcap_100_Dec2021.pdf
2021-12-31,WHIRLPOOL.NS,NIFTY_MIDCAP_100,NIFTY_Midcap_100_Dec2021.pdf
2021-12-31,WIPRO.NS,NIFTY_100,NIFTY_100_Dec2021.pdf
2021-12-31,WOCKPHARMA.NS,NIFTY_SMALLCAP_100,NIFTY_Smallcap_100_Dec2021.pdf
2021-12-31,YESBANK.NS,NIFTY_100,NIFTY_100_Dec2021.pdf
2021-12-31,ZEEL.NS,NIFTY_MIDCAP_100,NIFTY_Midcap_100_Dec2021.pdf
2021-12-31,ZENSARTECH.NS,NIFTY_SMALLCAP_100,NIFTY_Smallcap_100_Dec2021.pdf
2022-01-31,AARTIDRUGS.NS,NIFTY_SMALLCAP_100,NIFTY_Smallcap_100_Jan2022.pdf
2022-01-31,AARTIIND.NS,NIFTY_MIDCAP_100,NIFTY_Midcap_100_Jan2022.pdf
2022-01-31,ABCAPITAL.NS,NIFTY_MIDCAP_100,NIFTY_Midcap_100_Jan2022.pdf
2022-01-31,ABFRL.NS,NIFTY_MIDCAP_100,NIFTY_Midcap_100_Jan2022.pdf
2022-01-31,ACC.NS,NIFTY_100,NIFTY_100_Jan2022.pdf
2022-01-31,ADANIENT.NS,NIFTY_100,NIFTY_100_Jan2022.pdf
2022-01-31,ADANIGREEN.NS,NIFTY_100,NIFTY_100_Jan2022.pdf
2022-01-31,ADANIPORTS.NS,NIFTY_100,NIFTY_100_Jan2022.pdf
2022-01-31,ADANITRANS.NS,NIFTY_100,NIFTY_100_Jan2022.pdf
2022-01-31,AEGISCHEM.NS,NIFTY_SMALLCAP_100,NIFTY_Smallcap_100_Jan2022.pdf
2022-01-31,AJANTPHARM.NS,NIFTY_MIDCAP_100,NIFTY_Midcap_100_Jan2022.pdf
2022-01-31,ALKEM.NS,NIFTY_MIDCAP_100,NIFTY_Midcap_100_Jan2022.pdf
2022-01-31,ALOKINDS.NS,NIFTY_SMALLCAP_100,NIFTY_Smallcap_100_Jan2022.pdf
2022-01-31,AMARAJABAT.NS,NIFTY_MIDCAP_100,NIFTY_Midcap_100_Jan2022.pdf
2022-01-31,AMBER.NS,NIFTY_SMALLCAP_100,NIFTY_Smallcap_100_Jan2022.pdf
2022-01-31,AMBUJACEM.NS,NIFTY_100,NIFTY_100_Jan2022.pdf
2022-01-31,ANURAS.NS,NIFTY_SMALLCAP_100,NIFTY_Smallcap_100_Jan2022.pdf
2022-01-31,APLLTD.NS,NIFTY_MIDCAP_100,NIFTY_Midcap_100_Jan2022.pdf
2022-01-31,APOLLOHOSP.NS,NIFTY_100,NIFTY_100_Jan2022.pdf
2022-01-31,APOLLOTYRE.NS,NIFTY_MIDCAP_100,NIFTY_Midcap_100_Jan2022.pdf
2022-01-31,ASHOKLEY.NS,NIFTY_MIDCAP_100,NIFTY_Midcap_100_Jan2022.pdf
2022-01-31,ASIANPAINT.NS,NIFTY_100,NIFTY_100_Jan2022.pdf
2022-01-31,ASTRAL.NS,NIFTY_MIDCAP_100,NIFTY_Midcap_100_Jan2022.pdf
2022-01-31,ASTRAZEN.NS,NIFTY_SMALLCAP_100,NIFTY_Smallcap_100_Jan2022.pdf
2022-01-31,ATGL.NS,NIFTY_MIDCAP_100,NIFTY_Midcap_100_Jan2022.pdf
2022-01-31,AUBANK.NS,NIFTY_MIDCAP_100,NIFTY_Midcap_100_Jan2022.pdf
2022-01-31,AUROPHARMA.NS,NIFTY_100,NIFTY_100_Jan2022.pdf
2022-01-31,AVANTIFEED.NS,NIFTY_SMALLCAP_100,NIFTY_Smallcap_100_Jan2022.pdf
2022-01-31,AXISBANK.NS,NIFTY_100,NIFTY_100_Jan2022.pdf
2022-01-31,BAJAJ-AUTO.NS,NIFTY_100,NIFTY_100_Jan2022.pdf
2022-01-31,BAJAJELEC.NS,NIFTY_SMALLCAP_100,NIFTY_Smallcap_100_Jan2022.pdf
2022-01-31,BAJAJFINSV.NS,NIFTY_100,NIFTY_100_Jan2022.pdf
2022-01-31,BAJAJHLDNG.NS,NIFTY_100,NIFTY_100_Jan2022.pdf
2022-01-31,BAJFINANCE.NS,NIFTY_100,NIFTY_100_Jan2022.pdf
2022-01-31,BALAMINES.NS,NIFTY_SMALLCAP_100,NIFTY_Smallcap_100_Jan2022.pdf
2022-01-31,BALKRISIND.NS,NIFTY_MIDCAP_100,NIFTY_Midcap_100_Jan2022.pdf
2022-01-31,BALRAMCHIN.NS,NIFTY_SMALLCAP_100,NIFTY_Smallcap_100_Jan2022.pdf
2022-01-31,BANDHANBNK.NS,NIFTY_100,NIFTY_100_Jan2022.pdf
2022-01-31,BANKBARODA.NS,NIFTY_100,NIFTY_100_Jan2022.pdf
2022-01-31,BANKINDIA.NS,NIFTY_MIDCAP_100,NIFTY_Midcap_100_Jan2022.pdf
2022-01-31,BASF.NS,NIFTY_SMALLCAP_100,NIFTY_Smallcap_100_Jan2022.pdf
2022-01-31,BATAINDIA.NS,NIFTY_MIDCAP_100,NIFTY_Midcap_100_Jan2022.pdf
2022-01-31,BDL.NS,NIFTY_SMALLCAP_100,NIFTY_Smallcap_100_Jan2022.pdf
2022-01-31,BEL.NS,NIFTY_MIDCAP_100,NIFTY_Midcap_100_Jan2022.pdf
2022-01-31,BEML.NS,NIFTY_SMALLCAP_100,NIFTY_Smallcap_100_Jan2022.pdf
2022-01-31,BERGEPAINT.NS,NIFTY_100,NIFTY_100_Jan2022.pdf
2022-01-31,BHARATFORG.NS,NIFTY_MIDCAP_100,NIFTY_Midcap_100_Jan2022.pdf
2022-01-31,BHARTIARTL.NS,NIFTY_100,NIFTY_100_Jan2022.pdf
2022-01-31,BHEL.NS,NIFTY_MIDCAP_100,NIFTY_Midcap_100_Jan2022.pdf
2022-01-31,BIOCON.NS,NIFTY_100,NIFTY_100_Jan2022.pdf
2022-01-31,BIRLACORPN.NS,NIFTY_SMALLCAP_100,NIFTY_Smallcap_100_Jan2022.pdf
2022-01-31,BOSCHLTD.NS,NIFTY_100,NIFTY_100_Jan2022.pdf
2022-01-31,BPCL.NS,NIFTY_100,NIFTY_100_Jan2022.pdf
2022-01-31,BRITANNIA.NS,NIFTY_100,NIFTY_100_Jan2022.pdf
2022-01-31,BSOFT.NS,NIFTY_SMALLCAP_100,NIFTY_Smallcap_100_Jan2022.pdf
2022-01-31,BURGERKING.NS,NIFTY_SMALLCAP_100,NIFTY_Smallcap_100_Jan2022.pdf
2022-01-31,CADILAHC.NS,NIFTY_100,NIFTY_100_Jan2022.pdf
2022-01-31,CAMS.NS,NIFTY_SMALLCAP_100,NIFTY_Smallcap_100_Jan2022.pdf
2022-01-31,CANBK.NS,NIFTY_MIDCAP_100,NIFTY_Midcap_100_Jan2022.pdf
2022-01-31,CANFINHOME.NS,NIFTY_SMALLCAP_100,NIFTY_Smallcap_100_Jan2022.pdf
2022-01-31,CARBORUNIV.NS,NIFTY_SMALLCAP_100,NIFTY_Smallcap_100_Jan2022.pdf
2022-01-31,CASTROLIND.NS,NIFTY_MIDCAP_100,NIFTY_Midcap_100_Jan2022.pdf
2022-01-31,CDSL.NS,NIFTY_SMALLCAP_100,NIFTY_Smallcap_100_Jan2022.pdf
2022-01-31,CEATLTD.NS,NIFTY_SMALLCAP_100,NIFTY_Smallcap_100_Jan2022.pdf
2022-01-31,CENTRALBK.NS,NIFTY_SMALLCAP_100,NIFTY_Smallcap_100_Jan2022.pdf
2022-01-31,CENTURYTEX.NS,NIFTY_SMALLCAP_100,NIFTY_Smallcap_100_Jan2022.pdf
2022-01-31,CESC.NS,NIFTY_SMALLCAP_100,NIFTY_Smallcap_100_Jan2022.pdf
2022-01-31,CHAMBLFERT.NS,NIFTY_SMALLCAP_100,NIFTY_Smallcap_100_Jan2022.pdf
2022-01-31,CHOLAFIN.NS,NIFTY_100,NIFTY_100_Jan2022.pdf
2022-01-31,CIPLA.NS,NIFTY_100,NIFTY_100_Jan2022.pdf
2022-01-31,COALINDIA.NS,NIFTY_100,NIFTY_100_Jan2022.pdf
2022-01-31,COCHINSHIP.NS,NIFTY_SMALLCAP_100,NIFTY_Smallcap_100_Jan2022.pdf
2022-01-31,COFORGE.NS,NIFTY_MIDCAP_100,NIFTY_Midcap_100_Jan2022.pdf
2022-01-31,COLPAL.NS,NIFTY_100,NIFTY_100_Jan2022.pdf
2022-01-31,CONCOR.NS,NIFTY_MIDCAP_100,NIFTY_Midcap_100_Jan2022.pdf
2022-01-31,COROMANDEL.NS,NIFTY_MIDCAP_100,NIFTY_Midcap_100_Jan2022.pdf
2022-01-31,CROMPTON.NS,NIFTY_MIDCAP_100,NIFTY_Midcap_100_Jan2022.pdf
2022-01-31,CSBBANK.NS,NIFTY_SMALLCAP_100,NIFTY_Smallcap_100_Jan2022.pdf
2022-01-31,CUB.NS,NIFTY_MIDCAP_100,NIFTY_Midcap_100_Jan2022.pdf
2022-01-31,CUMMINSIND.NS,NIFTY_MIDCAP_100,NIFTY_Midcap_100_Jan2022.pdf
2022-01-31,CYIENT.NS,NIFTY_SMALLCAP_100,NIFTY_Smallcap_100_Jan2022.pdf
2022-01-31,DABUR.NS,NIFTY_100,NIFTY_100_Jan2022.pdf
2022-01-31,DALBHARAT.NS,NIFTY_MIDCAP_100,NIFTY_Midcap_100_Jan2022.pdf
2022-01-31,DBL.NS,NIFTY_SMALLCAP_100,NIFTY_Smallcap_100_Jan2022.pdf
2022-01-31,DCMSHRIRAM.NS,NIFTY_SMALLCAP_100,NIFTY_Smallcap_100_Jan2022.pdf
2022-01-31,DEEPAKNTR.NS,NIFTY_MIDCAP_100,NIFTY_Midcap_100_Jan2022.pdf
2022-01-31,DELTACORP.NS,NIFTY_SMALLCAP_100,NIFTY_Smallcap_100_Jan2022.pdf
2022-01-31,DHANI.NS,NIFTY_MIDCAP_100,NIFTY_Midcap_100_Jan2022.pdf
2022-01-31,DIVISLAB.NS,NIFTY_100,NIFTY_100_Jan2022.pdf
2022-01-31,DIXON.NS,NIFTY_MIDCAP_100,NIFTY_Midcap_100_Jan2022.pdf
2022-01-31,DLF.NS,NIFTY_100,NIFTY_100_Jan2022.pdf
2022-01-31,DMART.NS,NIFTY_100,NIFTY_100_Jan2022.pdf
2022-01-31,DRREDDY.NS,NIFTY_100,NIFTY_100_Jan2022.pdf
2022-01-31,EDELWEISS.NS,NIFTY_SMALLCAP_100,NIFTY_Smallcap_100_Jan2022.pdf
2022-01-31,EICHERMOT.NS,NIFTY_100,NIFTY_100_Jan2022.pdf
2022-01-31,EIDPARRY.NS,NIFTY_SMALLCAP_100,NIFTY_Smallcap_100_Jan2022.pdf
2022-01-31,EMAMILTD.NS,NIFTY_MIDCAP_100,NIFTY_Midcap_100_Jan2022.pdf
2022-01-31,ENDURANCE.NS,NIFTY_MIDCAP_100,NIFTY_Midcap_100_Jan2022.pdf
2022-01-31,ENGINERSIN.NS,NIFTY_SMALLCAP_100,NIFTY_Smallcap_100_Jan2022.pdf
2022-01-31,ESCORTS.NS,NIFTY_MIDCAP_100,NIFTY_Midcap_100_Jan2022.pdf
2022-01-31,EXIDEIND.NS,NIFTY_MIDCAP_100,NIFTY_Midcap_100_Jan2022.pdf
2022-01-31,FDC.NS,NIFTY_SMALLCAP_100,NIFTY_Smallcap_100_Jan2022.pdf
2022-01-31,FEDERALBNK.NS,NIFTY_MIDCAP_100,NIFTY_Midcap_100_Jan2022.pdf
2022-01-31,FINEORG.NS,NIFTY_SMALLCAP_100,NIFTY_Smallcap_100_Jan2022.pdf
2022-01-31,FORTIS.NS,NIFTY_MIDCAP_100,NIFTY_Midcap_100_Jan2022.pdf
2022-01-31,FSL.NS,NIFTY_SMALLCAP_100,NIFTY_Smallcap_100_Jan2022.pdf
2022-01-31,GAIL.NS,NIFTY_100,NIFTY_100_Jan2022.pdf
2022-01-31,GLAND.NS,NIFTY_100,NIFTY_100_Jan2022.pdf
2022-01-31,GLENMARK.NS,NIFTY_MIDCAP_100,NIFTY_Midcap_100_Jan2022.pdf
2022-01-31,GMMPFAUDLR.NS,NIFTY_SMALLCAP_100,NIFTY_Smallcap_100_Jan2022.pdf
2022-01-31,GNFC.NS,NIFTY_SMALLCAP_100,NIFTY_Smallcap_100_Jan2022.pdf
2022-01-31,GODREJCP.NS,NIFTY_100,NIFTY_100_Jan2022.pdf
2022-01-31,GODREJIND.NS,NIFTY_MIDCAP_100,NIFTY_Midcap_100_Jan2022.pdf
2022-01-31,GODREJPROP.NS,NIFTY_MIDCAP_100,NIFTY_Midcap_100_Jan2022.pdf
2022-01-31,GRANULES.NS,NIFTY_SMALLCAP_100,NIFTY_Smallcap_100_Jan2022.pdf
2022-01-31,GRAPHITE.NS,NIFTY_SMALLCAP_100,NIFTY_Smallcap_100_Jan2022.pdf
2022-01-31,GRASIM.NS,NIFTY_100,NIFTY_100_Jan2022.pdf
2022-01-31,GSPL.NS,NIFTY_MIDCAP_100,NIFTY_Midcap_100_Jan2022.pdf
2022-01-31,GUJGASLTD.NS,NIFTY_MIDCAP_100,NIFTY_Midcap_100_Jan2022.pdf
2022-01-31,HAL.NS,NIFTY_MIDCAP_100,NIFTY_Midcap_100_Jan2022.pdf
2022-01-31,HAPPSTMNDS.NS,NIFTY_SMALLCAP_100,NIFTY_Smallcap_100_Jan2022.pdf
2022-01-31,HAVELLS.NS,NIFTY_100,NIFTY_100_Jan2022.pdf
2022-01-31,HCLTECH.NS,NIFTY_100,NIFTY_100_Jan2022.pdf
2022-01-31,HDFC.NS,NIFTY_100,NIFTY_100_Jan2022.pdf
2022-01-31,HDFCAMC.NS,NIFTY_100,NIFTY_100_Jan2022.pdf
2022-01-31,HDFCBANK.NS,NIFTY_100,NIFTY_100_Jan2022.pdf
2022-01-31,HDFCLIFE.NS,NIFTY_100,NIFTY_100_Jan2022.pdf
2022-01-31,HEG.NS,NIFTY_SMALLCAP_100,NIFTY_Smallcap_100_Jan2022.pdf
2022-01-31,HEROMOTOCO.NS,NIFTY_100,NIFTY_100_Jan2022.pdf
2022-01-31,HFCL.NS,NIFTY_SMALLCAP_100,NIFTY_Smallcap_100_Jan2022.pdf
2022-01-31,HINDALCO.NS,NIFTY_100,NIFTY_100_Jan2022.pdf
2022-01-31,HINDCOPPER.NS,NIFTY_MIDCAP_100,NIFTY_Midcap_100_Jan2022.pdf
2022-01-31,HINDPETRO.NS,NIFTY_100,NIFTY_100_Jan2022.pdf
2022-01-31,HINDUNILVR.NS,NIFTY_100,NIFTY_100_Jan2022.pdf
2022-01-31,HINDZINC.NS,NIFTY_MIDCAP_100,NIFTY_Midcap_100_Jan2022.pdf
2022-01-31,IBULHSGFIN.NS,NIFTY_SMALLCAP_100,NIFTY_Smallcap_100_Jan2022.pdf
2022-01-31,ICICIBANK.NS,NIFTY_100,NIFTY_100_Jan2022.pdf
2022-01-31,ICICIGI.NS,NIFTY_100,NIFTY_100_Jan2022.pdf
2022-01-31,ICICIPRULI.NS,NIFTY_100,NIFTY_100_Jan2022.pdf
2022-01-31,IDBI.NS,NIFTY_SMALLCAP_100,NIFTY_Smallcap_100_Jan2022.pdf
2022-01-31,IDEA.NS,NIFTY_MIDCAP_100,NIFTY_Midcap_100_Jan2022.pdf
2022-01-31,IDFC.NS,NIFTY_SMALLCAP_100,NIFTY_Smallcap_100_Jan2022.pdf
2022-01-31,IDFCFIRSTB.NS,NIFTY_MIDCAP_100,NIFTY_Midcap_100_Jan2022.pdf
2022-01-31,IEX.NS,NIFTY_SMALLCAP_100,NIFTY_Smallcap_100_Jan2022.pdf
2022-01-31,IGL.NS,NIFTY_100,NIFTY_100_Jan2022.pdf
2022-01-31,INDHOTEL.NS,NIFTY_MIDCAP_100,NIFTY_Midcap_100_Jan2022.pdf
2022-01-31,INDIACEM.NS,NIFTY_SMALLCAP_100,NIFTY_Smallcap_100_Jan2022.pdf
2022-01-31,INDIAMART.NS,NIFTY_MIDCAP_100,NIFTY_Midcap_100_Jan2022.pdf
2022-01-31,INDIANB.NS,NIFTY_MIDCAP_100,NIFTY_Midcap_100_Jan2022.pdf
2022-01-31,INDIGO.NS,NIFTY_100,NIFTY_100_Jan2022.pdf
2022-01-31,INDIGOPNTS.NS,NIFTY_SMALLCAP_100,NIFTY_Smallcap_100_Jan2022.pdf
2022-01-31,INDUSINDBK.NS,NIFTY_100,NIFTY_100_Jan2022.pdf
2022-01-31,INDUSTOWER.NS,NIFTY_100,NIFTY_100_Jan2022.pdf
2022-01-31,INFIBEAM.NS,NIFTY_SMALLCAP_100,NIFTY_Smallcap_100_Jan2022.pdf
2022-01-31,INFY.NS,NIFTY_100,NIFTY_100_Jan2022.pdf
2022-01-31,INTELLECT.NS,NIFTY_SMALLCAP_100,NIFTY_Smallcap_100_Jan2022.pdf
2022-01-31,IOB.NS,NIFTY_SMALLCAP_100,NIFTY_Smallcap_100_Jan2022.pdf
2022-01-31,IOC.NS,NIFTY_100,NIFTY_100_Jan2022.pdf
2022-01-31,IPCALAB.NS,NIFTY_MIDCAP_100,NIFTY_Midcap_100_Jan2022.pdf
2022-01-31,IRCTC.NS,NIFTY_MIDCAP_100,NIFTY_Midcap_100_Jan2022.pdf
2022-01-31,IRFC.NS,NIFTY_MIDCAP_100,NIFTY_Midcap_100_Jan2022.pdf
2022-01-31,ISEC.NS,NIFTY_MIDCAP_100,NIFTY_Midcap_100_Jan2022.pdf
2022-01-31,ITC.NS,NIFTY_100,NIFTY_100_Jan2022.pdf
2022-01-31,JBCHEPHARM.NS,NIFTY_SMALLCAP_100,NIFTY_Smallcap_100_Jan2022.pdf
2022-01-31,JINDALSTEL.NS,NIFTY_100,NIFTY_100_Jan2022.pdf
2022-01-31,JKLAKSHMI.NS,NIFTY_SMALLCAP_100,NIFTY_Smallcap_100_Jan2022.pdf
2022-01-31,JMFINANCIL.NS,NIFTY_SMALLCAP_100,NIFTY_Smallcap_100_Jan2022.pdf
2022-01-31,JSWENERGY.NS,NIFTY_MIDCAP_100,NIFTY_Midcap_100_Jan2022.pdf
2022-01-31,JSWSTEEL.NS,NIFTY_100,NIFTY_100_Jan2022.pdf
2022-01-31,JUBLFOOD.NS,NIFTY_100,NIFTY_100_Jan2022.pdf
2022-01-31,JUBLINGREA.NS,NIFTY_SMALLCAP_100,NIFTY_Smallcap_100_Jan2022.pdf
2022-01-31,JUSTDIAL.NS,NIFTY_SMALLCAP_100,NIFTY_Smallcap_100_Jan2022.pdf
2022-01-31,KALPATPOWR.NS,NIFTY_SMALLCAP_100,NIFTY_Smallcap_100_Jan2022.pdf
2022-01-31,KALYANKJIL.NS,NIFTY_SMALLCAP_100,NIFTY_Smallcap_100_Jan2022.pdf
2022-01-31,KEC.NS,NIFTY_SMALLCAP_100,NIFTY_Smallcap_100_Jan2022.pdf
2022-01-31,KEI.NS,NIFTY_SMALLCAP_100,NIFTY_Smallcap_100_Jan2022.pdf
2022-01-31,KOTAKBANK.NS,NIFTY_100,NIFTY_100_Jan2022.pdf
2022-01-31,KPITTECH.NS,NIFTY_SMALLCAP_100,NIFTY_Smallcap_100_Jan2022.pdf
2022-01-31,L&TFH.NS,NIFTY_MIDCAP_100,NIFTY_Midcap_100_Jan2022.pdf
2022-01-31,LALPATHLAB.NS,NIFTY_MIDCAP_100,NIFTY_Midcap_100_Jan2022.pdf
2022-01-31,LAURUSLABS.NS,NIFTY_MIDCAP_100,NIFTY_Midcap_100_Jan2022.pdf
2022-01-31,LICHSGFIN.NS,NIFTY_MIDCAP_100,NIFTY_Midcap_100_Jan2022.pdf
2022-01-31,LT.NS,NIFTY_100,NIFTY_100_Jan2022.pdf
2022-01-31,LTI.NS,NIFTY_100,NIFTY_100_Jan2022.pdf
2022-01-31,LTTS.NS,NIFTY_MIDCAP_100,NIFTY_Midcap_100_Jan2022.pdf
2022-01-31,LUPIN.NS,NIFTY_100,NIFTY_100_Jan2022.pdf
2022-01-31,LUXIND.NS,NIFTY_SMALLCAP_100,NIFTY_Smallcap_100_Jan2022.pdf
2022-01-31,LXCHEM.NS,NIFTY_SMALLCAP_100,NIFTY_Smallcap_100_Jan2022.pdf
2022-01-31,M&M.NS,NIFTY_100,NIFTY_100_Jan2022.pdf
2022-01-31,M&MFIN.NS,NIFTY_MIDCAP_100,NIFTY_Midcap_100_Jan2022.pdf
2022-01-31,MAHABANK.NS,NIFTY_SMALLCAP_100,NIFTY_Smallcap_100_Jan2022.pdf
2022-01-31,MANAPPURAM.NS,NIFTY_MIDCAP_100,NIFTY_Midcap_100_Jan2022.pdf
2022-01-31,MARICO.NS,NIFTY_100,NIFTY_100_Jan2022.pdf
2022-01-31,MARUTI.NS,NIFTY_100,NIFTY_100_Jan2022.pdf
2022-01-31,MAZDOCK.NS,NIFTY_SMALLCAP_100,NIFTY_Smallcap_100_Jan2022.pdf
2022-01-31,MCDOWELL-N.NS,NIFTY_100,NIFTY_100_Jan2022.pdf
2022-01-31,MCX.NS,NIFTY_SMALLCAP_100,NIFTY_Smallcap_100_Jan2022.pdf
2022-01-31,MFSL.NS,NIFTY_MIDCAP_100,NIFTY_Midcap_100_Jan2022.pdf
2022-01-31,MGL.NS,NIFTY_MIDCAP_100,NIFTY_Midcap_100_Jan2022.pdf
2022-01-31,MINDTREE.NS,NIFTY_MIDCAP_100,NIFTY_Midcap_100_Jan2022.pdf
2022-01-31,MMTC.NS,NIFTY_SMALLCAP_100,NIFTY_Smallcap_100_Jan2022.pdf
2022-01-31,MPHASIS.NS,NIFTY_MIDCAP_100,NIFTY_Midcap_100_Jan2022.pdf
2022-01-31,MRF.NS,NIFTY_MIDCAP_100,NIFTY_Midcap_100_Jan2022.pdf
2022-01-31,MUTHOOTFIN.NS,NIFTY_100,NIFTY_100_Jan2022.pdf
2022-01-31,NAM-INDIA.NS,NIFTY_MIDCAP_100,NIFTY_Midcap_100_Jan2022.pdf
2022-01-31,NATCOPHARM.NS,NIFTY_MIDCAP_100,NIFTY_Midcap_100_Jan2022.pdf
2022-01-31,NATIONALUM.NS,NIFTY_MIDCAP_100,NIFTY_Midcap_100_Jan2022.pdf
2022-01-31,NAUKRI.NS,NIFTY_100,NIFTY_100_Jan2022.pdf
2022-01-31,NAVINFLUOR.NS,NIFTY_MIDCAP_100,NIFTY_Midcap_100_Jan2022.pdf
2022-01-31,NBCC.NS,NIFTY_SMALLCAP_100,NIFTY_Smallcap_100_Jan2022.pdf
2022-01-31,NESTLEIND.NS,NIFTY_100,NIFTY_100_Jan2022.pdf
2022-01-31,NMDC.NS,NIFTY_100,NIFTY_100_Jan2022.pdf
2022-01-31,NTPC.NS,NIFTY_100,NIFTY_100_Jan2022.pdf
2022-01-31,OBEROIRLTY.NS,NIFTY_MIDCAP_100,NIFTY_Midcap_100_Jan2022.pdf
2022-01-31,OIL.NS,NIFTY_MIDCAP_100,NIFTY_Midcap_100_Jan2022.pdf
2022-01-31,ONGC.NS,NIFTY_100,NIFTY_100_Jan2022.pdf
2022-01-31,PAGEIND.NS,NIFTY_MIDCAP_100,NIFTY_Midcap_100_Jan2022.pdf
2022-01-31,PEL.NS,NIFTY_100,NIFTY_100_Jan2022.pdf
2022-01-31,PETRONET.NS,NIFTY_MIDCAP_100,NIFTY_Midcap_100_Jan2022.pdf
2022-01-31,PFC.NS,NIFTY_MIDCAP_100,NIFTY_Midcap_100_Jan2022.pdf
2022-01-31,PFIZER.NS,NIFTY_MIDCAP_100,NIFTY_Midcap_100_Jan2022.pdf
2022-01-31,PGHH.NS,NIFTY_100,NIFTY_100_Jan2022.pdf
2022-01-31,PIDILITIND.NS,NIFTY_100,NIFTY_100_Jan2022.pdf
2022-01-31,PIIND.NS,NIFTY_100,NIFTY_100_Jan2022.pdf
2022-01-31,PNB.NS,NIFTY_100,NIFTY_100_Jan2022.pdf
2022-01-31,PNBHOUSING.NS,NIFTY_SMALLCAP_100,NIFTY_Smallcap_100_Jan2022.pdf
2022-01-31,POLYCAB.NS,NIFTY_MIDCAP_100,NIFTY_Midcap_100_Jan2022.pdf
2022-01-31,POWERGRID.NS,NIFTY_100,NIFTY_100_Jan2022.pdf
2022-01-31,PRESTIGE.NS,NIFTY_MIDCAP_100,NIFTY_Midcap_100_Jan2022.pdf
2022-01-31,PRINCEPIPE.NS,NIFTY_SMALLCAP_100,NIFTY_Smallcap_100_Jan2022.pdf
2022-01-31,PVR.NS,NIFTY_SMALLCAP_100,NIFTY_Smallcap_100_Jan2022.pdf
2022-01-31,QUESS.NS,NIFTY_SMALLCAP_100,NIFTY_Smallcap_100_Jan2022.pdf
2022-01-31,RADICO.NS,NIFTY_SMALLCAP_100,NIFTY_Smallcap_100_Jan2022.pdf
2022-01-31,RAIN.NS,NIFTY_SMALLCAP_100,NIFTY_Smallcap_100_Jan2022.pdf
2022-01-31,RALLIS.NS,NIFTY_SMALLCAP_100,NIFTY_Smallcap_100_Jan2022.pdf
2022-01-31,RAMCOCEM.NS,NIFTY_MIDCAP_100,NIFTY_Midcap_100_Jan2022.pdf
2022-01-31,RBLBANK.NS,NIFTY_MIDCAP_100,NIFTY_Midcap_100_Jan2022.pdf
2022-01-31,RECLTD.NS,NIFTY_MIDCAP_100,NIFTY_Midcap_100_Jan2022.pdf
2022-01-31,RELIANCE.NS,NIFTY_100,NIFTY_100_Jan2022.pdf
2022-01-31,RITES.NS,NIFTY_SMALLCAP_100,NIFTY_Smallcap_100_Jan2022.pdf
2022-01-31,ROSSARI.NS,NIFTY_SMALLCAP_100,NIFTY_Smallcap_100_Jan2022.pdf
2022-01-31,ROUTE.NS,NIFTY_SMALLCAP_100,NIFTY_Smallcap_100_Jan2022.pdf
2022-01-31,RVNL.NS,NIFTY_SMALLCAP_100,NIFTY_Smallcap_100_Jan2022.pdf
2022-01-31,SAIL.NS,NIFTY_100,NIFTY_100_Jan2022.pdf
2022-01-31,SANOFI.NS,NIFTY_MIDCAP_100,NIFTY_Midcap_100_Jan2022.pdf
2022-01-31,SBICARD.NS,NIFTY_100,NIFTY_100_Jan2022.pdf
2022-01-31,SBILIFE.NS,NIFTY_100,NIFTY_100_Jan2022.pdf
2022-01-31,SBIN.NS,NIFTY_100,NIFTY_100_Jan2022.pdf
2022-01-31,SEQUENT.NS,NIFTY_SMALLCAP_100,NIFTY_Smallcap_100_Jan2022.pdf
2022-01-31,SHREECEM.NS,NIFTY_100,NIFTY_100_Jan2022.pdf
2022-01-31,SIEMENS.NS,NIFTY_100,NIFTY_100_Jan2022.pdf
2022-01-31,SONACOMS.NS,NIFTY_MIDCAP_100,NIFTY_Midcap_100_Jan2022.pdf
2022-01-31,SONATSOFTW.NS,NIFTY_SMALLCAP_100,NIFTY_Smallcap_100_Jan2022.pdf
2022-01-31,SPARC.NS,NIFTY_SMALLCAP_100,NIFTY_Smallcap_100_Jan2022.pdf
2022-01-31,SPICEJET.NS,NIFTY_SMALLCAP_100,NIFTY_Smallcap_100_Jan2022.pdf
2022-01-31,SRF.NS,NIFTY_MIDCAP_100,NIFTY_Midcap_100_Jan2022.pdf
2022-01-31,SRTRANSFIN.NS,NIFTY_MIDCAP_100,NIFTY_Midcap_100_Jan2022.pdf
2022-01-31,STAR.NS,NIFTY_SMALLCAP_100,NIFTY_Smallcap_100_Jan2022.pdf
2022-01-31,STLTECH.NS,NIFTY_SMALLCAP_100,NIFTY_Smallcap_100_Jan2022.pdf
2022-01-31,SUNPHARMA.NS,NIFTY_100,NIFTY_100_Jan2022.pdf
2022-01-31,SUNTECK.NS,NIFTY_SMALLCAP_100,NIFTY_Smallcap_100_Jan2022.pdf
2022-01-31,SUNTV.NS,NIFTY_MIDCAP_100,NIFTY_Midcap_100_Jan2022.pdf
2022-01-31,SUZLON.NS,NIFTY_SMALLCAP_100,NIFTY_Smallcap_100_Jan2022.pdf
2022-01-31,SYNGENE.NS,NIFTY_MIDCAP_100,NIFTY_Midcap_100_Jan2022.pdf
2022-01-31,TANLA.NS,NIFTY_SMALLCAP_100,NIFTY_Smallcap_100_Jan2022.pdf
2022-01-31,TATACHEM.NS,NIFTY_MIDCAP_100,NIFTY_Midcap_100_Jan2022.pdf
2022-01-31,TATACOMM.NS,NIFTY_MIDCAP_100,NIFTY_Midcap_100_Jan2022.pdf
2022-01-31,TATACONSUM.NS,NIFTY_100,NIFTY_100_Jan2022.pdf
2022-01-31,TATAELXSI.NS,NIFTY_MIDCAP_100,NIFTY_Midcap_100_Jan2022.pdf
2022-01-31,TATAMOTORS.NS,NIFTY_100,NIFTY_100_Jan2022.pdf
2022-01-31,TATAPOWER.NS,NIFTY_MIDCAP_100,NIFTY_Midcap_100_Jan2022.pdf
2022-01-31,TATASTEEL.NS,NIFTY_100,NIFTY_100_Jan2022.pdf
2022-01-31,TCS.NS,NIFTY_100,NIFTY_100_Jan2022.pdf
2022-01-31,TECHM.NS,NIFTY_100,NIFTY_100_Jan2022.pdf
2022-01-31,THYROCARE.NS,NIFTY_SMALLCAP_100,NIFTY_Smallcap_100_Jan2022.pdf
2022-01-31,TITAN.NS,NIFTY_100,NIFTY_100_Jan2022.pdf
2022-01-31,TORNTPHARM.NS,NIFTY_100,NIFTY_100_Jan2022.pdf
2022-01-31,TORNTPOWER.NS,NIFTY_MIDCAP_100,NIFTY_Midcap_100_Jan2022.pdf
2022-01-31,TRENT.NS,NIFTY_MIDCAP_100,NIFTY_Midcap_100_Jan2022.pdf
2022-01-31,TRIDENT.NS,NIFTY_SMALLCAP_100,NIFTY_Smallcap_100_Jan2022.pdf
2022-01-31,TV18BRDCST.NS,NIFTY_SMALLCAP_100,NIFTY_Smallcap_100_Jan2022.pdf
2022-01-31,TVSMOTOR.NS,NIFTY_MIDCAP_100,NIFTY_Midcap_100_Jan2022.pdf
2022-01-31,UBL.NS,NIFTY_MIDCAP_100,NIFTY_Midcap_100_Jan2022.pdf
2022-01-31,UJJIVANSFB.NS,NIFTY_SMALLCAP_100,NIFTY_Smallcap_100_Jan2022.pdf
2022-01-31,ULTRACEMCO.NS,NIFTY_100,NIFTY_100_Jan2022.pdf
2022-01-31,UNIONBANK.NS,NIFTY_MIDCAP_100,NIFTY_Midcap_100_Jan2022.pdf
2022-01-31,UPL.NS,NIFTY_100,NIFTY_100_Jan2022.pdf
2022-01-31,UTIAMC.NS,NIFTY_SMALLCAP_100,NIFTY_Smallcap_100_Jan2022.pdf
2022-01-31,VAKRANGEE.NS,NIFTY_SMALLCAP_100,NIFTY_Smallcap_100_Jan2022.pdf
2022-01-31,VBL.NS,NIFTY_MIDCAP_100,NIFTY_Midcap_100_Jan2022.pdf
2022-01-31,VEDL.NS,NIFTY_100,NIFTY_100_Jan2022.pdf
2022-01-31,VIPIND.NS,NIFTY_SMALLCAP_100,NIFTY_Smallcap_100_Jan2022.pdf
2022-01-31,VOLTAS.NS,NIFTY_MIDCAP_100,NIFTY_Midcap_100_Jan2022.pdf
2022-01-31,WELSPUNIND.NS,NIFTY_SMALLCAP_100,NIFTY_Smallcap_100_Jan2022.pdf
2022-01-31,WHIRLPOOL.NS,NIFTY_MIDCAP_100,NIFTY_Midcap_100_Jan2022.pdf
2022-01-31,WIPRO.NS,NIFTY_100,NIFTY_100_Jan2022.pdf
2022-01-31,WOCKPHARMA.NS,NIFTY_SMALLCAP_100,NIFTY_Smallcap_100_Jan2022.pdf
2022-01-31,YESBANK.NS,NIFTY_100,NIFTY_100_Jan2022.pdf
2022-01-31,ZEEL.NS,NIFTY_MIDCAP_100,NIFTY_Midcap_100_Jan2022.pdf
2022-01-31,ZENSARTECH.NS,NIFTY_SMALLCAP_100,NIFTY_Smallcap_100_Jan2022.pdf
2022-02-28,AARTIDRUGS.NS,NIFTY_SMALLCAP_100,NIFTY_Smallcap_100_Feb2022.pdf
2022-02-28,AARTIIND.NS,NIFTY_MIDCAP_100,NIFTY_Midcap_100_Feb2022.pdf
2022-02-28,ABCAPITAL.NS,NIFTY_MIDCAP_100,NIFTY_Midcap_100_Feb2022.pdf
2022-02-28,ABFRL.NS,NIFTY_MIDCAP_100,NIFTY_Midcap_100_Feb2022.pdf
2022-02-28,ACC.NS,NIFTY_100,NIFTY_100_Feb2022.pdf
2022-02-28,ADANIENT.NS,NIFTY_100,NIFTY_100_Feb2022.pdf
2022-02-28,ADANIGREEN.NS,NIFTY_100,NIFTY_100_Feb2022.pdf
2022-02-28,ADANIPORTS.NS,NIFTY_100,NIFTY_100_Feb2022.pdf
2022-02-28,ADANITRANS.NS,NIFTY_100,NIFTY_100_Feb2022.pdf
2022-02-28,AEGISCHEM.NS,NIFTY_SMALLCAP_100,NIFTY_Smallcap_100_Feb2022.pdf
2022-02-28,AJANTPHARM.NS,NIFTY_MIDCAP_100,NIFTY_Midcap_100_Feb2022.pdf
2022-02-28,ALKEM.NS,NIFTY_MIDCAP_100,NIFTY_Midcap_100_Feb2022.pdf
2022-02-28,ALOKINDS.NS,NIFTY_SMALLCAP_100,NIFTY_Smallcap_100_Feb2022.pdf
2022-02-28,AMARAJABAT.NS,NIFTY_MIDCAP_100,NIFTY_Midcap_100_Feb2022.pdf
2022-02-28,AMBER.NS,NIFTY_SMALLCAP_100,NIFTY_Smallcap_100_Feb2022.pdf
2022-02-28,AMBUJACEM.NS,NIFTY_100,NIFTY_100_Feb2022.pdf
2022-02-28,ANURAS.NS,NIFTY_SMALLCAP_100,NIFTY_Smallcap_100_Feb2022.pdf
2022-02-28,APLLTD.NS,NIFTY_MIDCAP_100,NIFTY_Midcap_100_Feb2022.pdf
2022-02-28,APOLLOHOSP.NS,NIFTY_100,NIFTY_100_Feb2022.pdf
2022-02-28,APOLLOTYRE.NS,NIFTY_MIDCAP_100,NIFTY_Midcap_100_Feb2022.pdf
2022-02-28,ASHOKLEY.NS,NIFTY_MIDCAP_100,NIFTY_Midcap_100_Feb2022.pdf
2022-02-28,ASIANPAINT.NS,NIFTY_100,NIFTY_100_Feb2022.pdf
2022-02-28,ASTRAL.NS,NIFTY_MIDCAP_100,NIFTY_Midcap_100_Feb2022.pdf
2022-02-28,ASTRAZEN.NS,NIFTY_SMALLCAP_100,NIFTY_Smallcap_100_Feb2022.pdf
2022-02-28,ATGL.NS,NIFTY_MIDCAP_100,NIFTY_Midcap_100_Feb2022.pdf
2022-02-28,AUBANK.NS,NIFTY_MIDCAP_100,NIFTY_Midcap_100_Feb2022.pdf
2022-02-28,AUROPHARMA.NS,NIFTY_100,NIFTY_100_Feb2022.pdf
2022-02-28,AVANTIFEED.NS,NIFTY_SMALLCAP_100,NIFTY_Smallcap_100_Feb2022.pdf
2022-02-28,AXISBANK.NS,NIFTY_100,NIFTY_100_Feb2022.pdf
2022-02-28,BAJAJ-AUTO.NS,NIFTY_100,NIFTY_100_Feb2022.pdf
2022-02-28,BAJAJELEC.NS,NIFTY_SMALLCAP_100,NIFTY_Smallcap_100_Feb2022.pdf
2022-02-28,BAJAJFINSV.NS,NIFTY_100,NIFTY_100_Feb2022.pdf
2022-02-28,BAJAJHLDNG.NS,NIFTY_100,NIFTY_100_Feb2022.pdf
2022-02-28,BAJFINANCE.NS,NIFTY_100,NIFTY_100_Feb2022.pdf
2022-02-28,BALAMINES.NS,NIFTY_SMALLCAP_100,NIFTY_Smallcap_100_Feb2022.pdf
2022-02-28,BALKRISIND.NS,NIFTY_MIDCAP_100,NIFTY_Midcap_100_Feb2022.pdf
2022-02-28,BALRAMCHIN.NS,NIFTY_SMALLCAP_100,NIFTY_Smallcap_100_Feb2022.pdf
2022-02-28,BANDHANBNK.NS,NIFTY_100,NIFTY_100_Feb2022.pdf
2022-02-28,BANKBARODA.NS,NIFTY_100,NIFTY_100_Feb2022.pdf
2022-02-28,BANKINDIA.NS,NIFTY_MIDCAP_100,NIFTY_Midcap_100_Feb2022.pdf
2022-02-28,BASF.NS,NIFTY_SMALLCAP_100,NIFTY_Smallcap_100_Feb2022.pdf
2022-02-28,BATAINDIA.NS,NIFTY_MIDCAP_100,NIFTY_Midcap_100_Feb2022.pdf
2022-02-28,BDL.NS,NIFTY_SMALLCAP_100,NIFTY_Smallcap_100_Feb2022.pdf
2022-02-28,BEL.NS,NIFTY_MIDCAP_100,NIFTY_Midcap_100_Feb2022.pdf
2022-02-28,BEML.NS,NIFTY_SMALLCAP_100,NIFTY_Smallcap_100_Feb2022.pdf
2022-02-28,BERGEPAINT.NS,NIFTY_100,NIFTY_100_Feb2022.pdf
2022-02-28,BHARATFORG.NS,NIFTY_MIDCAP_100,NIFTY_Midcap_100_Feb2022.pdf
2022-02-28,BHARTIARTL.NS,NIFTY_100,NIFTY_100_Feb2022.pdf
2022-02-28,BHEL.NS,NIFTY_MIDCAP_100,NIFTY_Midcap_100_Feb2022.pdf
2022-02-28,BIOCON.NS,NIFTY_100,NIFTY_100_Feb2022.pdf
2022-02-28,BIRLACORPN.NS,NIFTY_SMALLCAP_100,NIFTY_Smallcap_100_Feb2022.pdf
2022-02-28,BOSCHLTD.NS,NIFTY_100,NIFTY_100_Feb2022.pdf
2022-02-28,BPCL.NS,NIFTY_100,NIFTY_100_Feb2022.pdf
2022-02-28,BRITANNIA.NS,NIFTY_100,NIFTY_100_Feb2022.pdf
2022-02-28,BSOFT.NS,NIFTY_SMALLCAP_100,NIFTY_Smallcap_100_Feb2022.pdf
2022-02-28,CADILAHC.NS,NIFTY_100,NIFTY_100_Feb2022.pdf
2022-02-28,CAMS.NS,NIFTY_SMALLCAP_100,NIFTY_Smallcap_100_Feb2022.pdf
2022-02-28,CANBK.NS,NIFTY_MIDCAP_100,NIFTY_Midcap_100_Feb2022.pdf
2022-02-28,CANFINHOME.NS,NIFTY_SMALLCAP_100,NIFTY_Smallcap_100_Feb2022.pdf
2022-02-28,CARBORUNIV.NS,NIFTY_SMALLCAP_100,NIFTY_Smallcap_100_Feb2022.pdf
2022-02-28,CASTROLIND.NS,NIFTY_MIDCAP_100,NIFTY_Midcap_100_Feb2022.pdf
2022-02-28,CDSL.NS,NIFTY_SMALLCAP_100,NIFTY_Smallcap_100_Feb2022.pdf
2022-02-28,CEATLTD.NS,NIFTY_SMALLCAP_100,NIFTY_Smallcap_100_Feb2022.pdf
2022-02-28,CENTRALBK.NS,NIFTY_SMALLCAP_100,NIFTY_Smallcap_100_Feb2022.pdf
2022-02-28,CENTURYTEX.NS,NIFTY_SMALLCAP_100,NIFTY_Smallcap_100_Feb2022.pdf
2022-02-28,CESC.NS,NIFTY_SMALLCAP_100,NIFTY_Smallcap_100_Feb2022.pdf
2022-02-28,CHAMBLFERT.NS,NIFTY_SMALLCAP_100,NIFTY_Smallcap_100_Feb2022.pdf
2022-02-28,CHOLAFIN.NS,NIFTY_100,NIFTY_100_Feb2022.pdf
2022-02-28,CIPLA.NS,NIFTY_100,NIFTY_100_Feb2022.pdf
2022-02-28,COALINDIA.NS,NIFTY_100,NIFTY_100_Feb2022.pdf
2022-02-28,COCHINSHIP.NS,NIFTY_SMALLCAP_100,NIFTY_Smallcap_100_Feb2022.pdf
2022-02-28,COFORGE.NS,NIFTY_MIDCAP_100,NIFTY_Midcap_100_Feb2022.pdf
2022-02-28,COLPAL.NS,NIFTY_100,NIFTY_100_Feb2022.pdf
2022-02-28,CONCOR.NS,NIFTY_MIDCAP_100,NIFTY_Midcap_100_Feb2022.pdf
2022-02-28,COROMANDEL.NS,NIFTY_MIDCAP_100,NIFTY_Midcap_100_Feb2022.pdf
2022-02-28,CROMPTON.NS,NIFTY_MIDCAP_100,NIFTY_Midcap_100_Feb2022.pdf
2022-02-28,CSBBANK.NS,NIFTY_SMALLCAP_100,NIFTY_Smallcap_100_Feb2022.pdf
2022-02-28,CUB.NS,NIFTY_MIDCAP_100,NIFTY_Midcap_100_Feb2022.pdf
2022-02-28,CUMMINSIND.NS,NIFTY_MIDCAP_100,NIFTY_Midcap_100_Feb2022.pdf
2022-02-28,CYIENT.NS,NIFTY_SMALLCAP_100,NIFTY_Smallcap_100_Feb2022.pdf
2022-02-28,DABUR.NS,NIFTY_100,NIFTY_100_Feb2022.pdf
2022-02-28,DALBHARAT.NS,NIFTY_MIDCAP_100,NIFTY_Midcap_100_Feb2022.pdf
2022-02-28,DBL.NS,NIFTY_SMALLCAP_100,NIFTY_Smallcap_100_Feb2022.pdf
2022-02-28,DCMSHRIRAM.NS,NIFTY_SMALLCAP_100,NIFTY_Smallcap_100_Feb2022.pdf
2022-02-28,DEEPAKNTR.NS,NIFTY_MIDCAP_100,NIFTY_Midcap_100_Feb2022.pdf
2022-02-28,DELTACORP.NS,NIFTY_SMALLCAP_100,NIFTY_Smallcap_100_Feb2022.pdf
2022-02-28,DHANI.NS,NIFTY_MIDCAP_100,NIFTY_Midcap_100_Feb2022.pdf
2022-02-28,DIVISLAB.NS,NIFTY_100,NIFTY_100_Feb2022.pdf
2022-02-28,DIXON.NS,NIFTY_MIDCAP_100,NIFTY_Midcap_100_Feb2022.pdf
2022-02-28,DLF.NS,NIFTY_100,NIFTY_100_Feb2022.pdf
2022-02-28,DMART.NS,NIFTY_100,NIFTY_100_Feb2022.pdf
2022-02-28,DRREDDY.NS,NIFTY_100,NIFTY_100_Feb2022.pdf
2022-02-28,EDELWEISS.NS,NIFTY_SMALLCAP_100,NIFTY_Smallcap_100_Feb2022.pdf
2022-02-28,EICHERMOT.NS,NIFTY_100,NIFTY_100_Feb2022.pdf
2022-02-28,EIDPARRY.NS,NIFTY_SMALLCAP_100,NIFTY_Smallcap_100_Feb2022.pdf
2022-02-28,EMAMILTD.NS,NIFTY_MIDCAP_100,NIFTY_Midcap_100_Feb2022.pdf
2022-02-28,ENDURANCE.NS,NIFTY_MIDCAP_100,NIFTY_Midcap_100_Feb2022.pdf
2022-02-28,ENGINERSIN.NS,NIFTY_SMALLCAP_100,NIFTY_Smallcap_100_Feb2022.pdf
2022-02-28,ESCORTS.NS,NIFTY_MIDCAP_100,NIFTY_Midcap_100_Feb2022.pdf
2022-02-28,EXIDEIND.NS,NIFTY_MIDCAP_100,NIFTY_Midcap_100_Feb2022.pdf
2022-02-28,FDC.NS,NIFTY_SMALLCAP_100,NIFTY_Smallcap_100_Feb2022.pdf
2022-02-28,FEDERALBNK.NS,NIFTY_MIDCAP_100,NIFTY_Midcap_100_Feb2022.pdf
2022-02-28,FINEORG.NS,NIFTY_SMALLCAP_100,NIFTY_Smallcap_100_Feb2022.pdf
2022-02-28,FORTIS.NS,NIFTY_MIDCAP_100,NIFTY_Midcap_100_Feb2022.pdf
2022-02-28,FSL.NS,NIFTY_SMALLCAP_100,NIFTY_Smallcap_100_Feb2022.pdf
2022-02-28,GAIL.NS,NIFTY_100,NIFTY_100_Feb2022.pdf
2022-02-28,GLAND.NS,NIFTY_100,NIFTY_100_Feb2022.pdf
2022-02-28,GLENMARK.NS,NIFTY_MIDCAP_100,NIFTY_Midcap_100_Feb2022.pdf
2022-02-28,GMMPFAUDLR.NS,NIFTY_SMALLCAP_100,NIFTY_Smallcap_100_Feb2022.pdf
2022-02-28,GNFC.NS,NIFTY_SMALLCAP_100,NIFTY_Smallcap_100_Feb2022.pdf
2022-02-28,GODREJCP.NS,NIFTY_100,NIFTY_100_Feb2022.pdf
2022-02-28,GODREJIND.NS,NIFTY_MIDCAP_100,NIFTY_Midcap_100_Feb2022.pdf
2022-02-28,GODREJPROP.NS,NIFTY_MIDCAP_100,NIFTY_Midcap_100_Feb2022.pdf
2022-02-28,GRANULES.NS,NIFTY_SMALLCAP_100,NIFTY_Smallcap_100_Feb2022.pdf
2022-02-28,GRAPHITE.NS,NIFTY_SMALLCAP_100,NIFTY_Smallcap_100_Feb2022.pdf
2022-02-28,GRASIM.NS,NIFTY_100,NIFTY_100_Feb2022.pdf
2022-02-28,GSPL.NS,NIFTY_MIDCAP_100,NIFTY_Midcap_100_Feb2022.pdf
2022-02-28,GUJGASLTD.NS,NIFTY_MIDCAP_100,NIFTY_Midcap_100_Feb2022.pdf
2022-02-28,HAL.NS,NIFTY_MIDCAP_100,NIFTY_Midcap_100_Feb2022.pdf
2022-02-28,HAPPSTMNDS.NS,NIFTY_SMALLCAP_100,NIFTY_Smallcap_100_Feb2022.pdf
2022-02-28,HAVELLS.NS,NIFTY_100,NIFTY_100_Feb2022.pdf
2022-02-28,HCLTECH.NS,NIFTY_100,NIFTY_100_Feb2022.pdf
2022-02-28,HDFC.NS,NIFTY_100,NIFTY_100_Feb2022.pdf
2022-02-28,HDFCAMC.NS,NIFTY_100,NIFTY_100_Feb2022.pdf
2022-02-28,HDFCBANK.NS,NIFTY_100,NIFTY_100_Feb2022.pdf
2022-02-28,HDFCLIFE.NS,NIFTY_100,NIFTY_100_Feb2022.pdf
2022-02-28,HEG.NS,NIFTY_SMALLCAP_100,NIFTY_Smallcap_100_Feb2022.pdf
2022-02-28,HEROMOTOCO.NS,NIFTY_100,NIFTY_100_Feb2022.pdf
2022-02-28,HFCL.NS,NIFTY_SMALLCAP_100,NIFTY_Smallcap_100_Feb2022.pdf
2022-02-28,HINDALCO.NS,NIFTY_100,NIFTY_100_Feb2022.pdf
2022-02-28,HINDCOPPER.NS,NIFTY_MIDCAP_100,NIFTY_Midcap_100_Feb2022.pdf
2022-02-28,HINDPETRO.NS,NIFTY_100,NIFTY_100_Feb2022.pdf
2022-02-28,HINDUNILVR.NS,NIFTY_100,NIFTY_100_Feb2022.pdf
2022-02-28,HINDZINC.NS,NIFTY_MIDCAP_100,NIFTY_Midcap_100_Feb2022.pdf
2022-02-28,IBULHSGFIN.NS,NIFTY_SMALLCAP_100,NIFTY_Smallcap_100_Feb2022.pdf
2022-02-28,ICICIBANK.NS,NIFTY_100,NIFTY_100_Feb2022.pdf
2022-02-28,ICICIGI.NS,NIFTY_100,NIFTY_100_Feb2022.pdf
2022-02-28,ICICIPRULI.NS,NIFTY_100,NIFTY_100_Feb2022.pdf
2022-02-28,IDBI.NS,NIFTY_SMALLCAP_100,NIFTY_Smallcap_100_Feb2022.pdf
2022-02-28,IDEA.NS,NIFTY_MIDCAP_100,NIFTY_Midcap_100_Feb2022.pdf
2022-02-28,IDFC.NS,NIFTY_SMALLCAP_100,NIFTY_Smallcap_100_Feb2022.pdf
2022-02-28,IDFCFIRSTB.NS,NIFTY_MIDCAP_100,NIFTY_Midcap_100_Feb2022.pdf
2022-02-28,IEX.NS,NIFTY_SMALLCAP_100,NIFTY_Smallcap_100_Feb2022.pdf
2022-02-28,IGL.NS,NIFTY_100,NIFTY_100_Feb2022.pdf
2022-02-28,INDHOTEL.NS,NIFTY_MIDCAP_100,NIFTY_Midcap_100_Feb2022.pdf
2022-02-28,INDIACEM.NS,NIFTY_SMALLCAP_100,NIFTY_Smallcap_100_Feb2022.pdf
2022-02-28,INDIAMART.NS,NIFTY_MIDCAP_100,NIFTY_Midcap_100_Feb2022.pdf
2022-02-28,INDIANB.NS,NIFTY_MIDCAP_100,NIFTY_Midcap_100_Feb2022.pdf
2022-02-28,INDIGO.NS,NIFTY_100,NIFTY_100_Feb2022.pdf
2022-02-28,INDIGOPNTS.NS,NIFTY_SMALLCAP_100,NIFTY_Smallcap_100_Feb2022.pdf
2022-02-28,INDUSINDBK.NS,NIFTY_100,NIFTY_100_Feb2022.pdf
2022-02-28,INDUSTOWER.NS,NIFTY_100,NIFTY_100_Feb2022.pdf
2022-02-28,INFIBEAM.NS,NIFTY_SMALLCAP_100,NIFTY_Smallcap_100_Feb2022.pdf
2022-02-28,INFY.NS,NIFTY_100,NIFTY_100_Feb2022.pdf
2022-02-28,INTELLECT.NS,NIFTY_SMALLCAP_100,NIFTY_Smallcap_100_Feb2022.pdf
2022-02-28,IOB.NS,NIFTY_SMALLCAP_100,NIFTY_Smallcap_100_Feb2022.pdf
2022-02-28,IOC.NS,NIFTY_100,NIFTY_100_Feb2022.pdf
2022-02-28,IPCALAB.NS,NIFTY_MIDCAP_100,NIFTY_Midcap_100_Feb2022.pdf
2022-02-28,IRCTC.NS,NIFTY_MIDCAP_100,NIFTY_Midcap_100_Feb2022.pdf
2022-02-28,IRFC.NS,NIFTY_MIDCAP_100,NIFTY_Midcap_100_Feb2022.pdf
2022-02-28,ISEC.NS,NIFTY_MIDCAP_100,NIFTY_Midcap_100_Feb2022.pdf
2022-02-28,ITC.NS,NIFTY_100,NIFTY_100_Feb2022.pdf
2022-02-28,JBCHEPHARM.NS,NIFTY_SMALLCAP_100,NIFTY_Smallcap_100_Feb2022.pdf
2022-02-28,JINDALSTEL.NS,NIFTY_100,NIFTY_100_Feb2022.pdf
2022-02-28,JKLAKSHMI.NS,NIFTY_SMALLCAP_100,NIFTY_Smallcap_100_Feb2022.pdf
2022-02-28,JMFINANCIL.NS,NIFTY_SMALLCAP_100,NIFTY_Smallcap_100_Feb2022.pdf
2022-02-28,JSWENERGY.NS,NIFTY_MIDCAP_100,NIFTY_Midcap_100_Feb2022.pdf
2022-02-28,JSWSTEEL.NS,NIFTY_100,NIFTY_100_Feb2022.pdf
2022-02-28,JUBLFOOD.NS,NIFTY_100,NIFTY_100_Feb2022.pdf
2022-02-28,JUBLINGREA.NS,NIFTY_SMALLCAP_100,NIFTY_Smallcap_100_Feb2022.pdf
2022-02-28,JUSTDIAL.NS,NIFTY_SMALLCAP_100,NIFTY_Smallcap_100_Feb2022.pdf
2022-02-28,KALPATPOWR.NS,NIFTY_SMALLCAP_100,NIFTY_Smallcap_100_Feb2022.pdf
2022-02-28,KALYANKJIL.NS,NIFTY_SMALLCAP_100,NIFTY_Smallcap_100_Feb2022.pdf
2022-02-28,KEC.NS,NIFTY_SMALLCAP_100,NIFTY_Smallcap_100_Feb2022.pdf
2022-02-28,KEI.NS,NIFTY_SMALLCAP_100,NIFTY_Smallcap_100_Feb2022.pdf
2022-02-28,KOTAKBANK.NS,NIFTY_100,NIFTY_100_Feb2022.pdf
2022-02-28,KPITTECH.NS,NIFTY_SMALLCAP_100,NIFTY_Smallcap_100_Feb2022.pdf
2022-02-28,L&TFH.NS,NIFTY_MIDCAP_100,NIFTY_Midcap_100_Feb2022.pdf
2022-02-28,LALPATHLAB.NS,NIFTY_MIDCAP_100,NIFTY_Midcap_100_Feb2022.pdf
2022-02-28,LAURUSLABS.NS,NIFTY_MIDCAP_100,NIFTY_Midcap_100_Feb2022.pdf
2022-02-28,LICHSGFIN.NS,NIFTY_MIDCAP_100,NIFTY_Midcap_100_Feb2022.pdf
2022-02-28,LT.NS,NIFTY_100,NIFTY_100_Feb2022.pdf
2022-02-28,LTI.NS,NIFTY_100,NIFTY_100_Feb2022.pdf
2022-02-28,LTTS.NS,NIFTY_MIDCAP_100,NIFTY_Midcap_100_Feb2022.pdf
2022-02-28,LUPIN.NS,NIFTY_100,NIFTY_100_Feb2022.pdf
2022-02-28,LUXIND.NS,NIFTY_SMALLCAP_100,NIFTY_Smallcap_100_Feb2022.pdf
2022-02-28,LXCHEM.NS,NIFTY_SMALLCAP_100,NIFTY_Smallcap_100_Feb2022.pdf
2022-02-28,M&M.NS,NIFTY_100,NIFTY_100_Feb2022.pdf
2022-02-28,M&MFIN.NS,NIFTY_MIDCAP_100,NIFTY_Midcap_100_Feb2022.pdf
2022-02-28,MAHABANK.NS,NIFTY_SMALLCAP_100,NIFTY_Smallcap_100_Feb2022.pdf
2022-02-28,MANAPPURAM.NS,NIFTY_MIDCAP_100,NIFTY_Midcap_100_Feb2022.pdf
2022-02-28,MARICO.NS,NIFTY_100,NIFTY_100_Feb2022.pdf
2022-02-28,MARUTI.NS,NIFTY_100,NIFTY_100_Feb2022.pdf
2022-02-28,MAZDOCK.NS,NIFTY_SMALLCAP_100,NIFTY_Smallcap_100_Feb2022.pdf
2022-02-28,MCDOWELL-N.NS,NIFTY_100,NIFTY_100_Feb2022.pdf
2022-02-28,MCX.NS,NIFTY_SMALLCAP_100,NIFTY_Smallcap_100_Feb2022.pdf
2022-02-28,MFSL.NS,NIFTY_MIDCAP_100,NIFTY_Midcap_100_Feb2022.pdf
2022-02-28,MGL.NS,NIFTY_MIDCAP_100,NIFTY_Midcap_100_Feb2022.pdf
2022-02-28,MINDTREE.NS,NIFTY_MIDCAP_100,NIFTY_Midcap_100_Feb2022.pdf
2022-02-28,MMTC.NS,NIFTY_SMALLCAP_100,NIFTY_Smallcap_100_Feb2022.pdf
2022-02-28,MPHASIS.NS,NIFTY_MIDCAP_100,NIFTY_Midcap_100_Feb2022.pdf
2022-02-28,MRF.NS,NIFTY_MIDCAP_100,NIFTY_Midcap_100_Feb2022.pdf
2022-02-28,MUTHOOTFIN.NS,NIFTY_100,NIFTY_100_Feb2022.pdf
2022-02-28,NAM-INDIA.NS,NIFTY_MIDCAP_100,NIFTY_Midcap_100_Feb2022.pdf
2022-02-28,NATCOPHARM.NS,NIFTY_MIDCAP_100,NIFTY_Midcap_100_Feb2022.pdf
2022-02-28,NATIONALUM.NS,NIFTY_MIDCAP_100,NIFTY_Midcap_100_Feb2022.pdf
2022-02-28,NAUKRI.NS,NIFTY_100,NIFTY_100_Feb2022.pdf
2022-02-28,NAVINFLUOR.NS,NIFTY_MIDCAP_100,NIFTY_Midcap_100_Feb2022.pdf
2022-02-28,NBCC.NS,NIFTY_SMALLCAP_100,NIFTY_Smallcap_100_Feb2022.pdf
2022-02-28,NESTLEIND.NS,NIFTY_100,NIFTY_100_Feb2022.pdf
2022-02-28,NMDC.NS,NIFTY_100,NIFTY_100_Feb2022.pdf
2022-02-28,NTPC.NS,NIFTY_100,NIFTY_100_Feb2022.pdf
2022-02-28,OBEROIRLTY.NS,NIFTY_MIDCAP_100,NIFTY_Midcap_100_Feb2022.pdf
2022-02-28,OIL.NS,NIFTY_MIDCAP_100,NIFTY_Midcap_100_Feb2022.pdf
2022-02-28,ONGC.NS,NIFTY_100,NIFTY_100_Feb2022.pdf
2022-02-28,PAGEIND.NS,NIFTY_MIDCAP_100,NIFTY_Midcap_100_Feb2022.pdf
2022-02-28,PEL.NS,NIFTY_100,NIFTY_100_Feb2022.pdf
2022-02-28,PETRONET.NS,NIFTY_MIDCAP_100,NIFTY_Midcap_100_Feb2022.pdf
2022-02-28,PFC.NS,NIFTY_MIDCAP_100,NIFTY_Midcap_100_Feb2022.pdf
2022-02-28,PFIZER.NS,NIFTY_MIDCAP_100,NIFTY_Midcap_100_Feb2022.pdf
2022-02-28,PGHH.NS,NIFTY_100,NIFTY_100_Feb2022.pdf
2022-02-28,PIDILITIND.NS,NIFTY_100,NIFTY_100_Feb2022.pdf
2022-02-28,PIIND.NS,NIFTY_100,NIFTY_100_Feb2022.pdf
2022-02-28,PNB.NS,NIFTY_100,NIFTY_100_Feb2022.pdf
2022-02-28,PNBHOUSING.NS,NIFTY_SMALLCAP_100,NIFTY_Smallcap_100_Feb2022.pdf
2022-02-28,POLYCAB.NS,NIFTY_MIDCAP_100,NIFTY_Midcap_100_Feb2022.pdf
2022-02-28,POWERGRID.NS,NIFTY_100,NIFTY_100_Feb2022.pdf
2022-02-28,PRESTIGE.NS,NIFTY_MIDCAP_100,NIFTY_Midcap_100_Feb2022.pdf
2022-02-28,PRINCEPIPE.NS,NIFTY_SMALLCAP_100,NIFTY_Smallcap_100_Feb2022.pdf
2022-02-28,PVR.NS,NIFTY_SMALLCAP_100,NIFTY_Smallcap_100_Feb2022.pdf
2022-02-28,QUESS.NS,NIFTY_SMALLCAP_100,NIFTY_Smallcap_100_Feb2022.pdf
2022-02-28,RADICO.NS,NIFTY_SMALLCAP_100,NIFTY_Smallcap_100_Feb2022.pdf
2022-02-28,RAIN.NS,NIFTY_SMALLCAP_100,NIFTY_Smallcap_100_Feb2022.pdf
2022-02-28,RALLIS.NS,NIFTY_SMALLCAP_100,NIFTY_Smallcap_100_Feb2022.pdf
2022-02-28,RAMCOCEM.NS,NIFTY_MIDCAP_100,NIFTY_Midcap_100_Feb2022.pdf
2022-02-28,RBA.NS,NIFTY_SMALLCAP_100,NIFTY_Smallcap_100_Feb2022.pdf
2022-02-28,RBLBANK.NS,NIFTY_MIDCAP_100,NIFTY_Midcap_100_Feb2022.pdf
2022-02-28,RECLTD.NS,NIFTY_MIDCAP_100,NIFTY_Midcap_100_Feb2022.pdf
2022-02-28,RELIANCE.NS,NIFTY_100,NIFTY_100_Feb2022.pdf
2022-02-28,RITES.NS,NIFTY_SMALLCAP_100,NIFTY_Smallcap_100_Feb2022.pdf
2022-02-28,ROSSARI.NS,NIFTY_SMALLCAP_100,NIFTY_Smallcap_100_Feb2022.pdf
2022-02-28,ROUTE.NS,NIFTY_SMALLCAP_100,NIFTY_Smallcap_100_Feb2022.pdf
2022-02-28,RVNL.NS,NIFTY_SMALLCAP_100,NIFTY_Smallcap_100_Feb2022.pdf
2022-02-28,SAIL.NS,NIFTY_100,NIFTY_100_Feb2022.pdf
2022-02-28,SANOFI.NS,NIFTY_MIDCAP_100,NIFTY_Midcap_100_Feb2022.pdf
2022-02-28,SBICARD.NS,NIFTY_100,NIFTY_100_Feb2022.pdf
2022-02-28,SBILIFE.NS,NIFTY_100,NIFTY_100_Feb2022.pdf
2022-02-28,SBIN.NS,NIFTY_100,NIFTY_100_Feb2022.pdf
2022-02-28,SEQUENT.NS,NIFTY_SMALLCAP_100,NIFTY_Smallcap_100_Feb2022.pdf
2022-02-28,SHREECEM.NS,NIFTY_100,NIFTY_100_Feb2022.pdf
2022-02-28,SIEMENS.NS,NIFTY_100,NIFTY_100_Feb2022.pdf
2022-02-28,SONACOMS.NS,NIFTY_MIDCAP_100,NIFTY_Midcap_100_Feb2022.pdf
2022-02-28,SONATSOFTW.NS,NIFTY_SMALLCAP_100,NIFTY_Smallcap_100_Feb2022.pdf
2022-02-28,SPARC.NS,NIFTY_SMALLCAP_100,NIFTY_Smallcap_100_Feb2022.pdf
2022-02-28,SPICEJET.NS,NIFTY_SMALLCAP_100,NIFTY_Smallcap_100_Feb2022.pdf
2022-02-28,SRF.NS,NIFTY_MIDCAP_100,NIFTY_Midcap_100_Feb2022.pdf
2022-02-28,SRTRANSFIN.NS,NIFTY_MIDCAP_100,NIFTY_Midcap_100_Feb2022.pdf
2022-02-28,STAR.NS,NIFTY_SMALLCAP_100,NIFTY_Smallcap_100_Feb2022.pdf
2022-02-28,STLTECH.NS,NIFTY_SMALLCAP_100,NIFTY_Smallcap_100_Feb2022.pdf
2022-02-28,SUNPHARMA.NS,NIFTY_100,NIFTY_100_Feb2022.pdf
2022-02-28,SUNTECK.NS,NIFTY_SMALLCAP_100,NIFTY_Smallcap_100_Feb2022.pdf
2022-02-28,SUNTV.NS,NIFTY_MIDCAP_100,NIFTY_Midcap_100_Feb2022.pdf
2022-02-28,SUZLON.NS,NIFTY_SMALLCAP_100,NIFTY_Smallcap_100_Feb2022.pdf
2022-02-28,SYNGENE.NS,NIFTY_MIDCAP_100,NIFTY_Midcap_100_Feb2022.pdf
2022-02-28,TANLA.NS,NIFTY_SMALLCAP_100,NIFTY_Smallcap_100_Feb2022.pdf
2022-02-28,TATACHEM.NS,NIFTY_MIDCAP_100,NIFTY_Midcap_100_Feb2022.pdf
2022-02-28,TATACOMM.NS,NIFTY_MIDCAP_100,NIFTY_Midcap_100_Feb2022.pdf
2022-02-28,TATACONSUM.NS,NIFTY_100,NIFTY_100_Feb2022.pdf
2022-02-28,TATAELXSI.NS,NIFTY_MIDCAP_100,NIFTY_Midcap_100_Feb2022.pdf
2022-02-28,TATAMOTORS.NS,NIFTY_100,NIFTY_100_Feb2022.pdf
2022-02-28,TATAPOWER.NS,NIFTY_MIDCAP_100,NIFTY_Midcap_100_Feb2022.pdf
2022-02-28,TATASTEEL.NS,NIFTY_100,NIFTY_100_Feb2022.pdf
2022-02-28,TCS.NS,NIFTY_100,NIFTY_100_Feb2022.pdf
2022-02-28,TECHM.NS,NIFTY_100,NIFTY_100_Feb2022.pdf
2022-02-28,THYROCARE.NS,NIFTY_SMALLCAP_100,NIFTY_Smallcap_100_Feb2022.pdf
2022-02-28,TITAN.NS,NIFTY_100,NIFTY_100_Feb2022.pdf
2022-02-28,TORNTPHARM.NS,NIFTY_100,NIFTY_100_Feb2022.pdf
2022-02-28,TORNTPOWER.NS,NIFTY_MIDCAP_100,NIFTY_Midcap_100_Feb2022.pdf
2022-02-28,TRENT.NS,NIFTY_MIDCAP_100,NIFTY_Midcap_100_Feb2022.pdf
2022-02-28,TRIDENT.NS,NIFTY_SMALLCAP_100,NIFTY_Smallcap_100_Feb2022.pdf
2022-02-28,TV18BRDCST.NS,NIFTY_SMALLCAP_100,NIFTY_Smallcap_100_Feb2022.pdf
2022-02-28,TVSMOTOR.NS,NIFTY_MIDCAP_100,NIFTY_Midcap_100_Feb2022.pdf
2022-02-28,UBL.NS,NIFTY_MIDCAP_100,NIFTY_Midcap_100_Feb2022.pdf
2022-02-28,UJJIVANSFB.NS,NIFTY_SMALLCAP_100,NIFTY_Smallcap_100_Feb2022.pdf
2022-02-28,ULTRACEMCO.NS,NIFTY_100,NIFTY_100_Feb2022.pdf
2022-02-28,UNIONBANK.NS,NIFTY_MIDCAP_100,NIFTY_Midcap_100_Feb2022.pdf
2022-02-28,UPL.NS,NIFTY_100,NIFTY_100_Feb2022.pdf
2022-02-28,UTIAMC.NS,NIFTY_SMALLCAP_100,NIFTY_Smallcap_100_Feb2022.pdf
2022-02-28,VAKRANGEE.NS,NIFTY_SMALLCAP_100,NIFTY_Smallcap_100_Feb2022.pdf
2022-02-28,VBL.NS,NIFTY_MIDCAP_100,NIFTY_Midcap_100_Feb2022.pdf
2022-02-28,VEDL.NS,NIFTY_100,NIFTY_100_Feb2022.pdf
2022-02-28,VIPIND.NS,NIFTY_SMALLCAP_100,NIFTY_Smallcap_100_Feb2022.pdf
2022-02-28,VOLTAS.NS,NIFTY_MIDCAP_100,NIFTY_Midcap_100_Feb2022.pdf
2022-02-28,WELSPUNIND.NS,NIFTY_SMALLCAP_100,NIFTY_Smallcap_100_Feb2022.pdf
2022-02-28,WHIRLPOOL.NS,NIFTY_MIDCAP_100,NIFTY_Midcap_100_Feb2022.pdf
2022-02-28,WIPRO.NS,NIFTY_100,NIFTY_100_Feb2022.pdf
2022-02-28,WOCKPHARMA.NS,NIFTY_SMALLCAP_100,NIFTY_Smallcap_100_Feb2022.pdf
2022-02-28,YESBANK.NS,NIFTY_100,NIFTY_100_Feb2022.pdf
2022-02-28,ZEEL.NS,NIFTY_MIDCAP_100,NIFTY_Midcap_100_Feb2022.pdf
2022-02-28,ZENSARTECH.NS,NIFTY_SMALLCAP_100,NIFTY_Smallcap_100_Feb2022.pdf
2022-03-31,AARTIIND.NS,NIFTY_MIDCAP_100,NIFTY_Midcap_100_Mar2022.pdf
2022-03-31,ABB.NS,NIFTY_MIDCAP_100,NIFTY_Midcap_100_Mar2022.pdf
2022-03-31,ABBOTINDIA.NS,NIFTY_MIDCAP_100,NIFTY_Midcap_100_Mar2022.pdf
2022-03-31,ABCAPITAL.NS,NIFTY_MIDCAP_100,NIFTY_Midcap_100_Mar2022.pdf
2022-03-31,ABFRL.NS,NIFTY_MIDCAP_100,NIFTY_Midcap_100_Mar2022.pdf
2022-03-31,ACC.NS,NIFTY_100,NIFTY_100_Mar2022.pdf
2022-03-31,ADANIENT.NS,NIFTY_100,NIFTY_100_Mar2022.pdf
2022-03-31,ADANIGREEN.NS,NIFTY_100,NIFTY_100_Mar2022.pdf
2022-03-31,ADANIPORTS.NS,NIFTY_100,NIFTY_100_Mar2022.pdf
2022-03-31,ADANITRANS.NS,NIFTY_100,NIFTY_100_Mar2022.pdf
2022-03-31,AEGISCHEM.NS,NIFTY_SMALLCAP_100,NIFTY_Smallcap_100_Mar2022.pdf
2022-03-31,ALKEM.NS,NIFTY_MIDCAP_100,NIFTY_Midcap_100_Mar2022.pdf
2022-03-31,ALLCARGO.NS,NIFTY_SMALLCAP_100,NIFTY_Smallcap_100_Mar2022.pdf
2022-03-31,ALOKINDS.NS,NIFTY_SMALLCAP_100,NIFTY_Smallcap_100_Mar2022.pdf
2022-03-31,AMARAJABAT.NS,NIFTY_SMALLCAP_100,NIFTY_Smallcap_100_Mar2022.pdf
2022-03-31,AMBER.NS,NIFTY_SMALLCAP_100,NIFTY_Smallcap_100_Mar2022.pdf
2022-03-31,AMBUJACEM.NS,NIFTY_100,NIFTY_100_Mar2022.pdf
2022-03-31,ANGELONE.NS,NIFTY_SMALLCAP_100,NIFTY_Smallcap_100_Mar2022.pdf
2022-03-31,ANURAS.NS,NIFTY_SMALLCAP_100,NIFTY_Smallcap_100_Mar2022.pdf
2022-03-31,APLLTD.NS,NIFTY_MIDCAP_100,NIFTY_Midcap_100_Mar2022.pdf
2022-03-31,APOLLOHOSP.NS,NIFTY_100,NIFTY_100_Mar2022.pdf
2022-03-31,APOLLOTYRE.NS,NIFTY_MIDCAP_100,NIFTY_Midcap_100_Mar2022.pdf
2022-03-31,APTUS.NS,NIFTY_SMALLCAP_100,NIFTY_Smallcap_100_Mar2022.pdf
2022-03-31,ASHOKLEY.NS,NIFTY_MIDCAP_100,NIFTY_Midcap_100_Mar2022.pdf
2022-03-31,ASIANPAINT.NS,NIFTY_100,NIFTY_100_Mar2022.pdf
2022-03-31,ASTRAL.NS,NIFTY_MIDCAP_100,NIFTY_Midcap_100_Mar2022.pdf
2022-03-31,ATGL.NS,NIFTY_MIDCAP_100,NIFTY_Midcap_100_Mar2022.pdf
2022-03-31,AUBANK.NS,NIFTY_MIDCAP_100,NIFTY_Midcap_100_Mar2022.pdf
2022-03-31,AUROPHARMA.NS,NIFTY_MIDCAP_100,NIFTY_Midcap_100_Mar2022.pdf
2022-03-31,AVANTIFEED.NS,NIFTY_SMALLCAP_100,NIFTY_Smallcap_100_Mar2022.pdf
2022-03-31,AXISBANK.NS,NIFTY_100,NIFTY_100_Mar2022.pdf
2022-03-31,BAJAJ-AUTO.NS,NIFTY_100,NIFTY_100_Mar2022.pdf
2022-03-31,BAJAJELEC.NS,NIFTY_SMALLCAP_100,NIFTY_Smallcap_100_Mar2022.pdf
2022-03-31,BAJAJFINSV.NS,NIFTY_100,NIFTY_100_Mar2022.pdf
2022-03-31,BAJAJHLDNG.NS,NIFTY_100,NIFTY_100_Mar2022.pdf
2022-03-31,BAJFINANCE.NS,NIFTY_100,NIFTY_100_Mar2022.pdf
2022-03-31,BALAMINES.NS,NIFTY_SMALLCAP_100,NIFTY_Smallcap_100_Mar2022.pdf
2022-03-31,BALKRISIND.NS,NIFTY_MIDCAP_100,NIFTY_Midcap_100_Mar2022.pdf
2022-03-31,BALRAMCHIN.NS,NIFTY_SMALLCAP_100,NIFTY_Smallcap_100_Mar2022.pdf
2022-03-31,BANDHANBNK.NS,NIFTY_100,NIFTY_100_Mar2022.pdf
2022-03-31,BANKBARODA.NS,NIFTY_100,NIFTY_100_Mar2022.pdf
2022-03-31,BANKINDIA.NS,NIFTY_MIDCAP_100,NIFTY_Midcap_100_Mar2022.pdf
2022-03-31,BASF.NS,NIFTY_SMALLCAP_100,NIFTY_Smallcap_100_Mar2022.pdf
2022-03-31,BATAINDIA.NS,NIFTY_MIDCAP_100,NIFTY_Midcap_100_Mar2022.pdf
2022-03-31,BCG.NS,NIFTY_SMALLCAP_100,NIFTY_Smallcap_100_Mar2022.pdf
2022-03-31,BDL.NS,NIFTY_SMALLCAP_100,NIFTY_Smallcap_100_Mar2022.pdf
2022-03-31,BEL.NS,NIFTY_MIDCAP_100,NIFTY_Midcap_100_Mar2022.pdf
2022-03-31,BEML.NS,NIFTY_SMALLCAP_100,NIFTY_Smallcap_100_Mar2022.pdf
2022-03-31,BERGEPAINT.NS,NIFTY_100,NIFTY_100_Mar2022.pdf
2022-03-31,BHARATFORG.NS,NIFTY_MIDCAP_100,NIFTY_Midcap_100_Mar2022.pdf
2022-03-31,BHARTIARTL.NS,NIFTY_100,NIFTY_100_Mar2022.pdf
2022-03-31,BHEL.NS,NIFTY_MIDCAP_100,NIFTY_Midcap_100_Mar2022.pdf
2022-03-31,BIOCON.NS,NIFTY_100,NIFTY_100_Mar2022.pdf
2022-03-31,BIRLACORPN.NS,NIFTY_SMALLCAP_100,NIFTY_Smallcap_100_Mar2022.pdf
2022-03-31,BOSCHLTD.NS,NIFTY_100,NIFTY_100_Mar2022.pdf
2022-03-31,BPCL.NS,NIFTY_100,NIFTY_100_Mar2022.pdf
2022-03-31,BRIGADE.NS,NIFTY_SMALLCAP_100,NIFTY_Smallcap_100_Mar2022.pdf
2022-03-31,BRITANNIA.NS,NIFTY_100,NIFTY_100_Mar2022.pdf
2022-03-31,BSOFT.NS,NIFTY_SMALLCAP_100,NIFTY_Smallcap_100_Mar2022.pdf
2022-03-31,CAMS.NS,NIFTY_SMALLCAP_100,NIFTY_Smallcap_100_Mar2022.pdf
2022-03-31,CANBK.NS,NIFTY_MIDCAP_100,NIFTY_Midcap_100_Mar2022.pdf
2022-03-31,CANFINHOME.NS,NIFTY_SMALLCAP_100,NIFTY_Smallcap_100_Mar2022.pdf
2022-03-31,CARBORUNIV.NS,NIFTY_SMALLCAP_100,NIFTY_Smallcap_100_Mar2022.pdf
2022-03-31,CDSL.NS,NIFTY_SMALLCAP_100,NIFTY_Smallcap_100_Mar2022.pdf
2022-03-31,CENTRALBK.NS,NIFTY_SMALLCAP_100,NIFTY_Smallcap_100_Mar2022.pdf
2022-03-31,CENTURYTEX.NS,NIFTY_SMALLCAP_100,NIFTY_Smallcap_100_Mar2022.pdf
2022-03-31,CESC.NS,NIFTY_SMALLCAP_100,NIFTY_Smallcap_100_Mar2022.pdf
2022-03-31,CHAMBLFERT.NS,NIFTY_SMALLCAP_100,NIFTY_Smallcap_100_Mar2022.pdf
2022-03-31,CHEMPLASTS.NS,NIFTY_SMALLCAP_100,NIFTY_Smallcap_100_Mar2022.pdf
2022-03-31,CHOLAFIN.NS,NIFTY_100,NIFTY_100_Mar2022.pdf
2022-03-31,CIPLA.NS,NIFTY_100,NIFTY_100_Mar2022.pdf
2022-03-31,CLEAN.NS,NIFTY_MIDCAP_100,NIFTY_Midcap_100_Mar2022.pdf
2022-03-31,COALINDIA.NS,NIFTY_100,NIFTY_100_Mar2022.pdf
2022-03-31,COFORGE.NS,NIFTY_MIDCAP_100,NIFTY_Midcap_100_Mar2022.pdf
2022-03-31,COLPAL.NS,NIFTY_100,NIFTY_100_Mar2022.pdf
2022-03-31,CONCOR.NS,NIFTY_MIDCAP_100,NIFTY_Midcap_100_Mar2022.pdf
2022-03-31,COROMANDEL.NS,NIFTY_MIDCAP_100,NIFTY_Midcap_100_Mar2022.pdf
2022-03-31,CROMPTON.NS,NIFTY_MIDCAP_100,NIFTY_Midcap_100_Mar2022.pdf
2022-03-31,CUB.NS,NIFTY_SMALLCAP_100,NIFTY_Smallcap_100_Mar2022.pdf
2022-03-31,CUMMINSIND.NS,NIFTY_MIDCAP_100,NIFTY_Midcap_100_Mar2022.pdf
2022-03-31,CYIENT.NS,NIFTY_SMALLCAP_100,NIFTY_Smallcap_100_Mar2022.pdf
2022-03-31,DABUR.NS,NIFTY_100,NIFTY_100_Mar2022.pdf
2022-03-31,DALBHARAT.NS,NIFTY_MIDCAP_100,NIFTY_Midcap_100_Mar2022.pdf
2022-03-31,DBL.NS,NIFTY_SMALLCAP_100,NIFTY_Smallcap_100_Mar2022.pdf
2022-03-31,DCMSHRIRAM.NS,NIFTY_SMALLCAP_100,NIFTY_Smallcap_100_Mar2022.pdf
2022-03-31,DEEPAKNTR.NS,NIFTY_MIDCAP_100,NIFTY_Midcap_100_Mar2022.pdf
2022-03-31,DELTACORP.NS,NIFTY_SMALLCAP_100,NIFTY_Smallcap_100_Mar2022.pdf
2022-03-31,DEVYANI.NS,NIFTY_SMALLCAP_100,NIFTY_Smallcap_100_Mar2022.pdf
2022-03-31,DIVISLAB.NS,NIFTY_100,NIFTY_100_Mar2022.pdf
2022-03-31,DIXON.NS,NIFTY_MIDCAP_100,NIFTY_Midcap_100_Mar2022.pdf
2022-03-31,DLF.NS,NIFTY_100,NIFTY_100_Mar2022.pdf
2022-03-31,DMART.NS,NIFTY_100,NIFTY_100_Mar2022.pdf
2022-03-31,DRREDDY.NS,NIFTY_100,NIFTY_100_Mar2022.pdf
2022-03-31,EDELWEISS.NS,NIFTY_SMALLCAP_100,NIFTY_Smallcap_100_Mar2022.pdf
2022-03-31,EICHERMOT.NS,NIFTY_100,NIFTY_100_Mar2022.pdf
2022-03-31,EIDPARRY.NS,NIFTY_SMALLCAP_100,NIFTY_Smallcap_100_Mar2022.pdf
2022-03-31,EMAMILTD.NS,NIFTY_MIDCAP_100,NIFTY_Midcap_100_Mar2022.pdf
2022-03-31,ESCORTS.NS,NIFTY_MIDCAP_100,NIFTY_Midcap_100_Mar2022.pdf
2022-03-31,EXIDEIND.NS,NIFTY_MIDCAP_100,NIFTY_Midcap_100_Mar2022.pdf
2022-03-31,FEDERALBNK.NS,NIFTY_MIDCAP_100,NIFTY_Midcap_100_Mar2022.pdf
2022-03-31,FINEORG.NS,NIFTY_SMALLCAP_100,NIFTY_Smallcap_100_Mar2022.pdf
2022-03-31,FORTIS.NS,NIFTY_MIDCAP_100,NIFTY_Midcap_100_Mar2022.pdf
2022-03-31,FSL.NS,NIFTY_SMALLCAP_100,NIFTY_Smallcap_100_Mar2022.pdf
2022-03-31,GAIL.NS,NIFTY_100,NIFTY_100_Mar2022.pdf
2022-03-31,GLAND.NS,NIFTY_100,NIFTY_100_Mar2022.pdf
2022-03-31,GLENMARK.NS,NIFTY_MIDCAP_100,NIFTY_Midcap_100_Mar2022.pdf
2022-03-31,GMMPFAUDLR.NS,NIFTY_SMALLCAP_100,NIFTY_Smallcap_100_Mar2022.pdf
2022-03-31,GNFC.NS,NIFTY_SMALLCAP_100,NIFTY_Smallcap_100_Mar2022.pdf
2022-03-31,GODREJCP.NS,NIFTY_100,NIFTY_100_Mar2022.pdf
2022-03-31,GODREJPROP.NS,NIFTY_MIDCAP_100,NIFTY_Midcap_100_Mar2022.pdf
2022-03-31,GRANULES.NS,NIFTY_SMALLCAP_100,NIFTY_Smallcap_100_Mar2022.pdf
2022-03-31,GRAPHITE.NS,NIFTY_SMALLCAP_100,NIFTY_Smallcap_100_Mar2022.pdf
2022-03-31,GRASIM.NS,NIFTY_100,NIFTY_100_Mar2022.pdf
2022-03-31,GSPL.NS,NIFTY_MIDCAP_100,NIFTY_Midcap_100_Mar2022.pdf
2022-03-31,GUJGASLTD.NS,NIFTY_MIDCAP_100,NIFTY_Midcap_100_Mar2022.pdf
2022-03-31,HAL.NS,NIFTY_MIDCAP_100,NIFTY_Midcap_100_Mar2022.pdf
2022-03-31,HAVELLS.NS,NIFTY_100,NIFTY_100_Mar2022.pdf
2022-03-31,HCLTECH.NS,NIFTY_100,NIFTY_100_Mar2022.pdf
2022-03-31,HDFC.NS,NIFTY_100,NIFTY_100_Mar2022.pdf
2022-03-31,HDFCAMC.NS,NIFTY_100,NIFTY_100_Mar2022.pdf
2022-03-31,HDFCBANK.NS,NIFTY_100,NIFTY_100_Mar2022.pdf
2022-03-31,HDFCLIFE.NS,NIFTY_100,NIFTY_100_Mar2022.pdf
2022-03-31,HEG.NS,NIFTY_SMALLCAP_100,NIFTY_Smallcap_100_Mar2022.pdf
2022-03-31,HEROMOTOCO.NS,NIFTY_100,NIFTY_100_Mar2022.pdf
2022-03-31,HFCL.NS,NIFTY_SMALLCAP_100,NIFTY_Smallcap_100_Mar2022.pdf
2022-03-31,HINDALCO.NS,NIFTY_100,NIFTY_100_Mar2022.pdf
2022-03-31,HINDCOPPER.NS,NIFTY_SMALLCAP_100,NIFTY_Smallcap_100_Mar2022.pdf
2022-03-31,HINDPETRO.NS,NIFTY_MIDCAP_100,NIFTY_Midcap_100_Mar2022.pdf
2022-03-31,HINDUNILVR.NS,NIFTY_100,NIFTY_100_Mar2022.pdf
2022-03-31,HINDZINC.NS,NIFTY_MIDCAP_100,NIFTY_Midcap_100_Mar2022.pdf
2022-03-31,IBULHSGFIN.NS,NIFTY_SMALLCAP_100,NIFTY_Smallcap_100_Mar2022.pdf
2022-03-31,ICICIBANK.NS,NIFTY_100,NIFTY_100_Mar2022.pdf
2022-03-31,ICICIGI.NS,NIFTY_100,NIFTY_100_Mar2022.pdf
2022-03-31,ICICIPRULI.NS,NIFTY_100,NIFTY_100_Mar2022.pdf
2022-03-31,IDBI.NS,NIFTY_MIDCAP_100,NIFTY_Midcap_100_Mar2022.pdf
2022-03-31,IDEA.NS,NIFTY_MIDCAP_100,NIFTY_Midcap_100_Mar2022.pdf
2022-03-31,IDFC.NS,NIFTY_SMALLCAP_100,NIFTY_Smallcap_100_Mar2022.pdf
2022-03-31,IDFCFIRSTB.NS,NIFTY_MIDCAP_100,NIFTY_Midcap_100_Mar2022.pdf
2022-03-31,IEX.NS,NIFTY_MIDCAP_100,NIFTY_Midcap_100_Mar2022.pdf
2022-03-31,IGL.NS,NIFTY_MIDCAP_100,NIFTY_Midcap_100_Mar2022.pdf
2022-03-31,INDHOTEL.NS,NIFTY_MIDCAP_100,NIFTY_Midcap_100_Mar2022.pdf
2022-03-31,INDIAMART.NS,NIFTY_MIDCAP_100,NIFTY_Midcap_100_Mar2022.pdf
2022-03-31,INDIANB.NS,NIFTY_MIDCAP_100,NIFTY_Midcap_100_Mar2022.pdf
2022-03-31,INDIGO.NS,NIFTY_100,NIFTY_100_Mar2022.pdf
2022-03-31,INDIGOPNTS.NS,NIFTY_SMALLCAP_100,NIFTY_Smallcap_100_Mar2022.pdf
2022-03-31,INDUSINDBK.NS,NIFTY_100,NIFTY_100_Mar2022.pdf
2022-03-31,INDUSTOWER.NS,NIFTY_100,NIFTY_100_Mar2022.pdf
2022-03-31,INFY.NS,NIFTY_100,NIFTY_100_Mar2022.pdf
2022-03-31,INTELLECT.NS,NIFTY_SMALLCAP_100,NIFTY_Smallcap_100_Mar2022.pdf
2022-03-31,IOB.NS,NIFTY_SMALLCAP_100,NIFTY_Smallcap_100_Mar2022.pdf
2022-03-31,IOC.NS,NIFTY_100,NIFTY_100_Mar2022.pdf
2022-03-31,IPCALAB.NS,NIFTY_MIDCAP_100,NIFTY_Midcap_100_Mar2022.pdf
2022-03-31,IRB.NS,NIFTY_SMALLCAP_100,NIFTY_Smallcap_100_Mar2022.pdf
2022-03-31,IRCTC.NS,NIFTY_MIDCAP_100,NIFTY_Midcap_100_Mar2022.pdf
2022-03-31,ISEC.NS,NIFTY_MIDCAP_100,NIFTY_Midcap_100_Mar2022.pdf
2022-03-31,ITC.NS,NIFTY_100,NIFTY_100_Mar2022.pdf
2022-03-31,JBCHEPHARM.NS,NIFTY_SMALLCAP_100,NIFTY_Smallcap_100_Mar2022.pdf
2022-03-31,JINDALSTEL.NS,NIFTY_MIDCAP_100,NIFTY_Midcap_100_Mar2022.pdf
2022-03-31,JKLAKSHMI.NS,NIFTY_SMALLCAP_100,NIFTY_Smallcap_100_Mar2022.pdf
2022-03-31,JMFINANCIL.NS,NIFTY_SMALLCAP_100,NIFTY_Smallcap_100_Mar2022.pdf
2022-03-31,JSL.NS,NIFTY_SMALLCAP_100,NIFTY_Smallcap_100_Mar2022.pdf
2022-03-31,JSWENERGY.NS,NIFTY_MIDCAP_100,NIFTY_Midcap_100_Mar2022.pdf
2022-03-31,JSWSTEEL.NS,NIFTY_100,NIFTY_100_Mar2022.pdf
2022-03-31,JUBLFOOD.NS,NIFTY_100,NIFTY_100_Mar2022.pdf
2022-03-31,JUBLINGREA.NS,NIFTY_SMALLCAP_100,NIFTY_Smallcap_100_Mar2022.pdf
2022-03-31,JUSTDIAL.NS,NIFTY_SMALLCAP_100,NIFTY_Smallcap_100_Mar2022.pdf
2022-03-31,KALYANKJIL.NS,NIFTY_SMALLCAP_100,NIFTY_Smallcap_100_Mar2022.pdf
2022-03-31,KEC.NS,NIFTY_SMALLCAP_100,NIFTY_Smallcap_100_Mar2022.pdf
2022-03-31,KEI.NS,NIFTY_SMALLCAP_100,NIFTY_Smallcap_100_Mar2022.pdf
2022-03-31,KOTAKBANK.NS,NIFTY_100,NIFTY_100_Mar2022.pdf
2022-03-31,KPITTECH.NS,NIFTY_SMALLCAP_100,NIFTY_Smallcap_100_Mar2022.pdf
2022-03-31,L&TFH.NS,NIFTY_MIDCAP_100,NIFTY_Midcap_100_Mar2022.pdf
2022-03-31,LALPATHLAB.NS,NIFTY_MIDCAP_100,NIFTY_Midcap_100_Mar2022.pdf
2022-03-31,LATENTVIEW.NS,NIFTY_SMALLCAP_100,NIFTY_Smallcap_100_Mar2022.pdf
2022-03-31,LAURUSLABS.NS,NIFTY_MIDCAP_100,NIFTY_Midcap_100_Mar2022.pdf
2022-03-31,LICHSGFIN.NS,NIFTY_MIDCAP_100,NIFTY_Midcap_100_Mar2022.pdf
2022-03-31,LT.NS,NIFTY_100,NIFTY_100_Mar2022.pdf
2022-03-31,LTI.NS,NIFTY_100,NIFTY_100_Mar2022.pdf
2022-03-31,LTTS.NS,NIFTY_MIDCAP_100,NIFTY_Midcap_100_Mar2022.pdf
2022-03-31,LUPIN.NS,NIFTY_100,NIFTY_100_Mar2022.pdf
2022-03-31,LUXIND.NS,NIFTY_SMALLCAP_100,NIFTY_Smallcap_100_Mar2022.pdf
2022-03-31,LXCHEM.NS,NIFTY_SMALLCAP_100,NIFTY_Smallcap_100_Mar2022.pdf
2022-03-31,M&M.NS,NIFTY_100,NIFTY_100_Mar2022.pdf
2022-03-31,M&MFIN.NS,NIFTY_MIDCAP_100,NIFTY_Midcap_100_Mar2022.pdf
2022-03-31,MAHABANK.NS,NIFTY_SMALLCAP_100,NIFTY_Smallcap_100_Mar2022.pdf
2022-03-31,MANAPPURAM.NS,NIFTY_MIDCAP_100,NIFTY_Midcap_100_Mar2022.pdf
2022-03-31,MAPMYINDIA.NS,NIFTY_SMALLCAP_100,NIFTY_Smallcap_100_Mar2022.pdf
2022-03-31,MARICO.NS,NIFTY_100,NIFTY_100_Mar2022.pdf
2022-03-31,MARUTI.NS,NIFTY_100,NIFTY_100_Mar2022.pdf
2022-03-31,MASTEK.NS,NIFTY_SMALLCAP_100,NIFTY_Smallcap_100_Mar2022.pdf
2022-03-31,MAXHEALTH.NS,NIFTY_MIDCAP_100,NIFTY_Midcap_100_Mar2022.pdf
2022-03-31,MCDOWELL-N.NS,NIFTY_100,NIFTY_100_Mar2022.pdf
2022-03-31,MCX.NS,NIFTY_SMALLCAP_100,NIFTY_Smallcap_100_Mar2022.pdf
2022-03-31,MEDPLUS.NS,NIFTY_SMALLCAP_100,NIFTY_Smallcap_100_Mar2022.pdf
2022-03-31,METROBRAND.NS,NIFTY_SMALLCAP_100,NIFTY_Smallcap_100_Mar2022.pdf
2022-03-31,METROPOLIS.NS,NIFTY_MIDCAP_100,NIFTY_Midcap_100_Mar2022.pdf
2022-03-31,MFSL.NS,NIFTY_MIDCAP_100,NIFTY_Midcap_100_Mar2022.pdf
2022-03-31,MGL.NS,NIFTY_SMALLCAP_100,NIFTY_Smallcap_100_Mar2022.pdf
2022-03-31,MINDTREE.NS,NIFTY_100,NIFTY_100_Mar2022.pdf
2022-03-31,MMTC.NS,NIFTY_SMALLCAP_100,NIFTY_Smallcap_100_Mar2022.pdf
2022-03-31,MOTILALOFS.NS,NIFTY_SMALLCAP_100,NIFTY_Smallcap_100_Mar2022.pdf
2022-03-31,MPHASIS.NS,NIFTY_MIDCAP_100,NIFTY_Midcap_100_Mar2022.pdf
2022-03-31,MRF.NS,NIFTY_MIDCAP_100,NIFTY_Midcap_100_Mar2022.pdf
2022-03-31,MUTHOOTFIN.NS,NIFTY_100,NIFTY_100_Mar2022.pdf
2022-03-31,NAM-INDIA.NS,NIFTY_MIDCAP_100,NIFTY_Midcap_100_Mar2022.pdf
2022-03-31,NATIONALUM.NS,NIFTY_MIDCAP_100,NIFTY_Midcap_100_Mar2022.pdf
2022-03-31,NAUKRI.NS,NIFTY_100,NIFTY_100_Mar2022.pdf
2022-03-31,NAVINFLUOR.NS,NIFTY_MIDCAP_100,NIFTY_Midcap_100_Mar2022.pdf
2022-03-31,NBCC.NS,NIFTY_SMALLCAP_100,NIFTY_Smallcap_100_Mar2022.pdf
2022-03-31,NESTLEIND.NS,NIFTY_100,NIFTY_100_Mar2022.pdf
2022-03-31,NMDC.NS,NIFTY_100,NIFTY_100_Mar2022.pdf
2022-03-31,NTPC.NS,NIFTY_100,NIFTY_100_Mar2022.pdf
2022-03-31,NYKAA.NS,NIFTY_100,NIFTY_100_Mar2022.pdf
2022-03-31,OBEROIRLTY.NS,NIFTY_MIDCAP_100,NIFTY_Midcap_100_Mar2022.pdf
2022-03-31,OFSS.NS,NIFTY_MIDCAP_100,NIFTY_Midcap_100_Mar2022.pdf
2022-03-31,OIL.NS,NIFTY_MIDCAP_100,NIFTY_Midcap_100_Mar2022.pdf
2022-03-31,ONGC.NS,NIFTY_100,NIFTY_100_Mar2022.pdf
2022-03-31,PAGEIND.NS,NIFTY_MIDCAP_100,NIFTY_Midcap_100_Mar2022.pdf
2022-03-31,PAYTM.NS,NIFTY_100,NIFTY_100_Mar2022.pdf
2022-03-31,PEL.NS,NIFTY_100,NIFTY_100_Mar2022.pdf
2022-03-31,PERSISTENT.NS,NIFTY_MIDCAP_100,NIFTY_Midcap_100_Mar2022.pdf
2022-03-31,PETRONET.NS,NIFTY_MIDCAP_100,NIFTY_Midcap_100_Mar2022.pdf
2022-03-31,PFC.NS,NIFTY_MIDCAP_100,NIFTY_Midcap_100_Mar2022.pdf
2022-03-31,PGHH.NS,NIFTY_100,NIFTY_100_Mar2022.pdf
2022-03-31,PIDILITIND.NS,NIFTY_100,NIFTY_100_Mar2022.pdf
2022-03-31,PIIND.NS,NIFTY_100,NIFTY_100_Mar2022.pdf
2022-03-31,PNB.NS,NIFTY_100,NIFTY_100_Mar2022.pdf
2022-03-31,PNBHOUSING.NS,NIFTY_SMALLCAP_100,NIFTY_Smallcap_100_Mar2022.pdf
2022-03-31,POLICYBZR.NS,NIFTY_MIDCAP_100,NIFTY_Midcap_100_Mar2022.pdf
2022-03-31,POLYCAB.NS,NIFTY_MIDCAP_100,NIFTY_Midcap_100_Mar2022.pdf
2022-03-31,POONAWALLA.NS,NIFTY_SMALLCAP_100,NIFTY_Smallcap_100_Mar2022.pdf
2022-03-31,POWERGRID.NS,NIFTY_100,NIFTY_100_Mar2022.pdf
2022-03-31,PRESTIGE.NS,NIFTY_MIDCAP_100,NIFTY_Midcap_100_Mar2022.pdf
2022-03-31,PRINCEPIPE.NS,NIFTY_SMALLCAP_100,NIFTY_Smallcap_100_Mar2022.pdf
2022-03-31,PVR.NS,NIFTY_SMALLCAP_100,NIFTY_Smallcap_100_Mar2022.pdf
2022-03-31,QUESS.NS,NIFTY_SMALLCAP_100,NIFTY_Smallcap_100_Mar2022.pdf
2022-03-31,RADICO.NS,NIFTY_SMALLCAP_100,NIFTY_Smallcap_100_Mar2022.pdf
2022-03-31,RAIN.NS,NIFTY_SMALLCAP_100,NIFTY_Smallcap_100_Mar2022.pdf
2022-03-31,RAMCOCEM.NS,NIFTY_MIDCAP_100,NIFTY_Midcap_100_Mar2022.pdf
2022-03-31,RBLBANK.NS,NIFTY_SMALLCAP_100,NIFTY_Smallcap_100_Mar2022.pdf
2022-03-31,RECLTD.NS,NIFTY_MIDCAP_100,NIFTY_Midcap_100_Mar2022.pdf
2022-03-31,REDINGTON.NS,NIFTY_SMALLCAP_100,NIFTY_Smallcap_100_Mar2022.pdf
2022-03-31,RELIANCE.NS,NIFTY_100,NIFTY_100_Mar2022.pdf
2022-03-31,ROSSARI.NS,NIFTY_SMALLCAP_100,NIFTY_Smallcap_100_Mar2022.pdf
2022-03-31,ROUTE.NS,NIFTY_SMALLCAP_100,NIFTY_Smallcap_100_Mar2022.pdf
2022-03-31,RVNL.NS,NIFTY_SMALLCAP_100,NIFTY_Smallcap_100_Mar2022.pdf
2022-03-31,SAIL.NS,NIFTY_100,NIFTY_100_Mar2022.pdf
2022-03-31,SAPPHIRE.NS,NIFTY_SMALLCAP_100,NIFTY_Smallcap_100_Mar2022.pdf
2022-03-31,SBICARD.NS,NIFTY_100,NIFTY_100_Mar2022.pdf
2022-03-31,SBILIFE.NS,NIFTY_100,NIFTY_100_Mar2022.pdf
2022-03-31,SBIN.NS,NIFTY_100,NIFTY_100_Mar2022.pdf
2022-03-31,SHREECEM.NS,NIFTY_100,NIFTY_100_Mar2022.pdf
2022-03-31,SIEMENS.NS,NIFTY_100,NIFTY_100_Mar2022.pdf
2022-03-31,SOBHA.NS,NIFTY_SMALLCAP_100,NIFTY_Smallcap_100_Mar2022.pdf
2022-03-31,SONACOMS.NS,NIFTY_MIDCAP_100,NIFTY_Midcap_100_Mar2022.pdf
2022-03-31,SONATSOFTW.NS,NIFTY_SMALLCAP_100,NIFTY_Smallcap_100_Mar2022.pdf
2022-03-31,SPARC.NS,NIFTY_SMALLCAP_100,NIFTY_Smallcap_100_Mar2022.pdf
2022-03-31,SRF.NS,NIFTY_100,NIFTY_100_Mar2022.pdf
2022-03-31,SRTRANSFIN.NS,NIFTY_MIDCAP_100,NIFTY_Midcap_100_Mar2022.pdf
2022-03-31,STLTECH.NS,NIFTY_SMALLCAP_100,NIFTY_Smallcap_100_Mar2022.pdf
2022-03-31,SUNPHARMA.NS,NIFTY_100,NIFTY_100_Mar2022.pdf
2022-03-31,SUNTECK.NS,NIFTY_SMALLCAP_100,NIFTY_Smallcap_100_Mar2022.pdf
2022-03-31,SUNTV.NS,NIFTY_MIDCAP_100,NIFTY_Midcap_100_Mar2022.pdf
2022-03-31,SUZLON.NS,NIFTY_SMALLCAP_100,NIFTY_Smallcap_100_Mar2022.pdf
2022-03-31,SYNGENE.NS,NIFTY_MIDCAP_100,NIFTY_Midcap_100_Mar2022.pdf
2022-03-31,TANLA.NS,NIFTY_SMALLCAP_100,NIFTY_Smallcap_100_Mar2022.pdf
2022-03-31,TATACHEM.NS,NIFTY_MIDCAP_100,NIFTY_Midcap_100_Mar2022.pdf
2022-03-31,TATACOMM.NS,NIFTY_MIDCAP_100,NIFTY_Midcap_100_Mar2022.pdf
2022-03-31,TATACONSUM.NS,NIFTY_100,NIFTY_100_Mar2022.pdf
2022-03-31,TATAELXSI.NS,NIFTY_MIDCAP_100,NIFTY_Midcap_100_Mar2022.pdf
2022-03-31,TATAMOTORS.NS,NIFTY_100,NIFTY_100_Mar2022.pdf
2022-03-31,TATAPOWER.NS,NIFTY_MIDCAP_100,NIFTY_Midcap_100_Mar2022.pdf
2022-03-31,TATASTEEL.NS,NIFTY_100,NIFTY_100_Mar2022.pdf
2022-03-31,TCS.NS,NIFTY_100,NIFTY_100_Mar2022.pdf
2022-03-31,TECHM.NS,NIFTY_100,NIFTY_100_Mar2022.pdf
2022-03-31,TITAN.NS,NIFTY_100,NIFTY_100_Mar2022.pdf
2022-03-31,TORNTPHARM.NS,NIFTY_100,NIFTY_100_Mar2022.pdf
2022-03-31,TORNTPOWER.NS,NIFTY_MIDCAP_100,NIFTY_Midcap_100_Mar2022.pdf
2022-03-31,TRENT.NS,NIFTY_MIDCAP_100,NIFTY_Midcap_100_Mar2022.pdf
2022-03-31,TRIDENT.NS,NIFTY_MIDCAP_100,NIFTY_Midcap_100_Mar2022.pdf
2022-03-31,TV18BRDCST.NS,NIFTY_SMALLCAP_100,NIFTY_Smallcap_100_Mar2022.pdf
2022-03-31,TVSMOTOR.NS,NIFTY_MIDCAP_100,NIFTY_Midcap_100_Mar2022.pdf
2022-03-31,UBL.NS,NIFTY_MIDCAP_100,NIFTY_Midcap_100_Mar2022.pdf
2022-03-31,ULTRACEMCO.NS,NIFTY_100,NIFTY_100_Mar2022.pdf
2022-03-31,UNIONBANK.NS,NIFTY_MIDCAP_100,NIFTY_Midcap_100_Mar2022.pdf
2022-03-31,UPL.NS,NIFTY_100,NIFTY_100_Mar2022.pdf
2022-03-31,UTIAMC.NS,NIFTY_SMALLCAP_100,NIFTY_Smallcap_100_Mar2022.pdf
2022-03-31,VBL.NS,NIFTY_MIDCAP_100,NIFTY_Midcap_100_Mar2022.pdf
2022-03-31,VEDL.NS,NIFTY_100,NIFTY_100_Mar2022.pdf
2022-03-31,VIPIND.NS,NIFTY_SMALLCAP_100,NIFTY_Smallcap_100_Mar2022.pdf
2022-03-31,VOLTAS.NS,NIFTY_MIDCAP_100,NIFTY_Midcap_100_Mar2022.pdf
2022-03-31,VTL.NS,NIFTY_SMALLCAP_100,NIFTY_Smallcap_100_Mar2022.pdf
2022-03-31,WELSPUNIND.NS,NIFTY_SMALLCAP_100,NIFTY_Smallcap_100_Mar2022.pdf
2022-03-31,WHIRLPOOL.NS,NIFTY_MIDCAP_100,NIFTY_Midcap_100_Mar2022.pdf
2022-03-31,WIPRO.NS,NIFTY_100,NIFTY_100_Mar2022.pdf
2022-03-31,YESBANK.NS,NIFTY_MIDCAP_100,NIFTY_Midcap_100_Mar2022.pdf
2022-03-31,ZEEL.NS,NIFTY_MIDCAP_100,NIFTY_Midcap_100_Mar2022.pdf
2022-03-31,ZENSARTECH.NS,NIFTY_SMALLCAP_100,NIFTY_Smallcap_100_Mar2022.pdf
2022-03-31,ZOMATO.NS,NIFTY_100,NIFTY_100_Mar2022.pdf
2022-03-31,ZYDUSLIFE.NS,NIFTY_100,NIFTY_100_Mar2022.pdf
